<?xml version = "1.0"?>
<XML ID = "EQInterfaceDefinitionLanguage">
	<Schema xmlns = "EverQuestData" xmlns:dt = "EverQuestDataTypes"/>

<!-- Graphics By: t.king -->
<!-- Code by: Remelio Gemweaver -->

<!-- TK Graphics -->

	<TextureInfo item = "tkinventory.tga">
		<Size>
			<CX>512</CX>
			<CY>512</CY>
		</Size>
	</TextureInfo>

	<Ui2DAnimation item = "TK_InventoryBack">
		<Frames>
			<Texture>tkinventory.tga</Texture>
			<Location>
				<X>0</X>
				<Y>0</Y>
			</Location>
			<Size>
				<CX>508</CX>
				<CY>476</CY>
			</Size>
			<Hotspot>
				<X>0</X>
				<Y>0</Y>
			</Hotspot>
		</Frames>
	</Ui2DAnimation>
	<Ui2DAnimation item = "TK_InventoryBag1">
		<Frames>
			<Texture>tkinventory.tga</Texture>
			<Location>
				<X>392</X>
				<Y>178</Y>
			</Location>
			<Size>
				<CX>40</CX>
				<CY>40</CY>
			</Size>
		</Frames>
	</Ui2DAnimation>
	<Ui2DAnimation item = "TK_InventoryBag2">
		<Frames>
			<Texture>tkinventory.tga</Texture>
			<Location>
				<X>392</X>
				<Y>220</Y>
			</Location>
			<Size>
				<CX>40</CX>
				<CY>40</CY>
			</Size>
		</Frames>
	</Ui2DAnimation>
	<Ui2DAnimation item = "TK_InventoryBag3">
		<Frames>
			<Texture>tkinventory.tga</Texture>
			<Location>
				<X>392</X>
				<Y>262</Y>
			</Location>
			<Size>
				<CX>40</CX>
				<CY>40</CY>
			</Size>
		</Frames>
	</Ui2DAnimation>
	<Ui2DAnimation item = "TK_InventoryBag4">
		<Frames>
			<Texture>tkinventory.tga</Texture>
			<Location>
				<X>392</X>
				<Y>304</Y>
			</Location>
			<Size>
				<CX>40</CX>
				<CY>40</CY>
			</Size>
		</Frames>
	</Ui2DAnimation>
	
	<Ui2DAnimation item = "TK_InventoryBag5">
		<Frames>
			<Texture>tkinventory.tga</Texture>
			<Location>
				<X>434</X>
				<Y>178</Y>
			</Location>
			<Size>
				<CX>40</CX>
				<CY>40</CY>
			</Size>
		</Frames>
	</Ui2DAnimation>
	<Ui2DAnimation item = "TK_InventoryBag6">
		<Frames>
			<Texture>tkinventory.tga</Texture>
			<Location>
				<X>434</X>
				<Y>220</Y>
			</Location>
			<Size>
				<CX>40</CX>
				<CY>40</CY>
			</Size>
		</Frames>
	</Ui2DAnimation>
	<Ui2DAnimation item = "TK_InventoryBag7">
		<Frames>
			<Texture>tkinventory.tga</Texture>
			<Location>
				<X>434</X>
				<Y>262</Y>
			</Location>
			<Size>
				<CX>40</CX>
				<CY>40</CY>
			</Size>
		</Frames>
	</Ui2DAnimation>
	<Ui2DAnimation item = "TK_InventoryBag8">
		<Frames>
			<Texture>tkinventory.tga</Texture>
			<Location>
				<X>434</X>
				<Y>304</Y>
			</Location>
			<Size>
				<CX>40</CX>
				<CY>40</CY>
			</Size>
		</Frames>
	</Ui2DAnimation>


<!-- IS_L_EAR		1 -->

	<InvSlot item = "InvSlot1">
		<ScreenID>InvSlot1</ScreenID>
		<!--<Font>3</Font>-->
		<RelativePosition>true</RelativePosition>
		<Location>
			<X>171</X>
			<Y>35</Y>
		</Location>
		<Background>A_InvEar</Background>
		<Size>
			<CX>40</CX>
			<CY>40</CY>
		</Size>
		<EQType>1</EQType>
		<Style_VScroll>false</Style_VScroll>
		<Style_HScroll>false</Style_HScroll>
		<Style_Transparent>false</Style_Transparent>
		<!--<TooltipReference/>-->
	</InvSlot>

<!-- IS_HEAD		2 -->

	<InvSlot item = "InvSlot2">
		<ScreenID>InvSlot2</ScreenID>
		<!--<Font>3</Font>-->
		<RelativePosition>true</RelativePosition>
		<Location>
			<X>255</X>
			<Y>35</Y>
		</Location>
		<Size>
			<CX>40</CX>
			<CY>40</CY>
		</Size>
		<Background>A_InvHead</Background>
		<EQType>2</EQType>
		<Style_VScroll>false</Style_VScroll>
		<Style_HScroll>false</Style_HScroll>
		<Style_Transparent>false</Style_Transparent>
		<!--<TooltipReference/>-->
	</InvSlot>

<!-- IS_FACE		3 -->

	<InvSlot item = "InvSlot3">
		<ScreenID>InvSlot3</ScreenID>
		<!--<Font>3</Font>-->
		<RelativePosition>true</RelativePosition>
		<Location>
			<X>297</X>
			<Y>35</Y>
		</Location>
		<Size>
			<CX>40</CX>
			<CY>40</CY>
		</Size>
		<Background>A_InvFace</Background>
		<EQType>3</EQType>
		<Style_VScroll>false</Style_VScroll>
		<Style_HScroll>false</Style_HScroll>
		<Style_Transparent>false</Style_Transparent>
		<!--<TooltipReference/>-->
	</InvSlot>

<!-- IS_R_EAR		4 -->

	<InvSlot item = "InvSlot4">
		<ScreenID>InvSlot4</ScreenID>
		<!--<Font>3</Font>-->
		<RelativePosition>true</RelativePosition>
		<Location>
			<X>339</X>
			<Y>35</Y>
		</Location>
		<Size>
			<CX>40</CX>
			<CY>40</CY>
		</Size>
		<Background>A_InvEar</Background>
		<EQType>4</EQType>
		<Style_VScroll>false</Style_VScroll>
		<Style_HScroll>false</Style_HScroll>
		<Style_Transparent>false</Style_Transparent>
		<!--<TooltipReference/>-->
	</InvSlot>

<!-- IS_NECK		5 -->

	<InvSlot item = "InvSlot5">
		<ScreenID>InvSlot5</ScreenID>
		<!--<Font>3</Font>-->
		<RelativePosition>true</RelativePosition>
		<Location>
			<X>213</X>
			<Y>35</Y>
		</Location>
		<Size>
			<CX>40</CX>
			<CY>40</CY>
		</Size>
		<Background>A_InvNeck</Background>
		<EQType>5</EQType>
		<Style_VScroll>false</Style_VScroll>
		<Style_HScroll>false</Style_HScroll>
		<Style_Transparent>false</Style_Transparent>
		<!--<TooltipReference/>-->
	</InvSlot>

<!-- IS_SHOULDERS	6 -->

	<InvSlot item = "InvSlot6">
		<ScreenID>InvSlot6</ScreenID>
		<!--<Font>3</Font>-->
		<RelativePosition>true</RelativePosition>
		<Location>
			<X>339</X>
			<Y>119</Y>
		</Location>
		<Size>
			<CX>40</CX>
			<CY>40</CY>
		</Size>
		<Background>A_InvShoulders</Background>
		<EQType>6</EQType>
		<Style_VScroll>false</Style_VScroll>
		<Style_HScroll>false</Style_HScroll>
		<Style_Transparent>false</Style_Transparent>
		<!--<TooltipReference/>-->
	</InvSlot>

<!-- IS_ARMS		7 -->

	<InvSlot item = "InvSlot7">
		<ScreenID>InvSlot7</ScreenID>
		<!--<Font>3</Font>-->
		<RelativePosition>true</RelativePosition>
		<Location>
			<X>171</X>
			<Y>119</Y>
		</Location>
		<Size>
			<CX>40</CX>
			<CY>40</CY>
		</Size>
		<Background>A_InvArms</Background>
		<EQType>7</EQType>
		<Style_VScroll>false</Style_VScroll>
		<Style_HScroll>false</Style_HScroll>
		<Style_Transparent>false</Style_Transparent>
		<!--<TooltipReference/>-->
	</InvSlot>

<!-- IS_ABOUT_BODY	8 -->

	<InvSlot item = "InvSlot8">
		<ScreenID>InvSlot8</ScreenID>
		<!--<Font>3</Font>-->
		<RelativePosition>true</RelativePosition>
		<Location>
			<X>339</X>
			<Y>77</Y>
		</Location>
		<Size>
			<CX>40</CX>
			<CY>40</CY>
		</Size>
		<Background>A_InvAboutBody</Background>
		<EQType>8</EQType>
		<Style_VScroll>false</Style_VScroll>
		<Style_HScroll>false</Style_HScroll>
		<Style_Transparent>false</Style_Transparent>
		<!--<TooltipReference/>-->
	</InvSlot>

<!-- IS_L_WRIST		9 -->

	<InvSlot item = "InvSlot9">
		<ScreenID>InvSlot9</ScreenID>
		<!--<Font>3</Font>-->
		<RelativePosition>true</RelativePosition>
		<Location>
			<X>171</X>
			<Y>161</Y>
		</Location>
		<Size>
			<CX>40</CX>
			<CY>40</CY>
		</Size>
		<Background>A_InvWrist</Background>
		<EQType>9</EQType>
		<Style_VScroll>false</Style_VScroll>
		<Style_HScroll>false</Style_HScroll>
		<Style_Transparent>false</Style_Transparent>
		<!--<TooltipReference/>-->
	</InvSlot>

<!-- IS_R_WRIST		10 -->

	<InvSlot item = "InvSlot10">
		<ScreenID>InvSlot10</ScreenID>
		<!--<Font>3</Font>-->
		<RelativePosition>true</RelativePosition>
		<Location>
			<X>339</X>
			<Y>161</Y>
		</Location>
		<Size>
			<CX>40</CX>
			<CY>40</CY>
		</Size>
		<Background>A_InvWrist</Background>
		<EQType>10</EQType>
		<Style_VScroll>false</Style_VScroll>
		<Style_HScroll>false</Style_HScroll>
		<Style_Transparent>false</Style_Transparent>
		<!--<TooltipReference/>-->
	</InvSlot>

<!-- IS_RANGE		11 -->

	<InvSlot item = "InvSlot11">
		<ScreenID>InvSlot11</ScreenID>
		<!--<Font>3</Font>-->
		<RelativePosition>true</RelativePosition>
		<Location>
			<X>274</X>
			<Y>327</Y>
		</Location>
		<Size>
			<CX>40</CX>
			<CY>40</CY>
		</Size>
		<Background>A_InvRange</Background>
		<EQType>11</EQType>
		<Style_VScroll>false</Style_VScroll>
		<Style_HScroll>false</Style_HScroll>
		<Style_Transparent>false</Style_Transparent>
		<!--<TooltipReference/>-->
	</InvSlot>

<!-- IS_HANDS		12 -->

	<InvSlot item = "InvSlot12">
		<ScreenID>InvSlot12</ScreenID>
		<!--<Font>3</Font>-->
		<RelativePosition>true</RelativePosition>
		<Location>
			<X>339</X>
			<Y>203</Y>
		</Location>
		<Size>
			<CX>40</CX>
			<CY>40</CY>
		</Size>
		<Background>A_InvHands</Background>
		<EQType>12</EQType>
		<Style_VScroll>false</Style_VScroll>
		<Style_HScroll>false</Style_HScroll>
		<Style_Transparent>false</Style_Transparent>
		<!--<TooltipReference/>-->
	</InvSlot>

<!-- IS_PRIMARY		13 -->

	<InvSlot item = "InvSlot13">
		<ScreenID>InvSlot13</ScreenID>
		<!--<Font>3</Font>-->
		<RelativePosition>true</RelativePosition>
		<Location>
			<X>190</X>
			<Y>327</Y>
		</Location>
		<Size>
			<CX>40</CX>
			<CY>40</CY>
		</Size>
		<Background>A_InvPrimary</Background>
		<EQType>13</EQType>
		<Style_VScroll>false</Style_VScroll>
		<Style_HScroll>false</Style_HScroll>
		<Style_Transparent>false</Style_Transparent>
		<!--<TooltipReference/>-->
	</InvSlot>

<!-- IS_SECONDARY	14 -->

	<InvSlot item = "InvSlot14">
		<ScreenID>InvSlot14</ScreenID>
		<!--<Font>3</Font>-->
		<RelativePosition>true</RelativePosition>
		<Location>
			<X>232</X>
			<Y>327</Y>
		</Location>
		<Size>
			<CX>40</CX>
			<CY>40</CY>
		</Size>
		<Background>A_InvSecondary</Background>
		<EQType>14</EQType>
		<Style_VScroll>false</Style_VScroll>
		<Style_HScroll>false</Style_HScroll>
		<Style_Transparent>false</Style_Transparent>
		<!--<TooltipReference/>-->
	</InvSlot>

<!-- IS_L_FINGERS	15 -->

	<InvSlot item = "InvSlot15">
		<ScreenID>InvSlot15</ScreenID>
		<!--<Font>3</Font>-->
		<RelativePosition>true</RelativePosition>
		<Location>
			<X>171</X>
			<Y>245</Y>
		</Location>
		<Size>
			<CX>40</CX>
			<CY>40</CY>
		</Size>
		<Background>A_InvRing</Background>
		<EQType>15</EQType>
		<Style_VScroll>false</Style_VScroll>
		<Style_HScroll>false</Style_HScroll>
		<Style_Transparent>false</Style_Transparent>
		<!--<TooltipReference/>-->
	</InvSlot>

<!-- IS_R_FINGERS	16 -->

	<InvSlot item = "InvSlot16">
		<ScreenID>InvSlot16</ScreenID>
		<!--<Font>3</Font>-->
		<RelativePosition>true</RelativePosition>
		<Location>
			<X>339</X>
			<Y>245</Y>
		</Location>
		<Size>
			<CX>40</CX>
			<CY>40</CY>
		</Size>
		<Background>A_InvRing</Background>
		<EQType>16</EQType>
		<Style_VScroll>false</Style_VScroll>
		<Style_HScroll>false</Style_HScroll>
		<Style_Transparent>false</Style_Transparent>
		<!--<TooltipReference/>-->
	</InvSlot>

<!-- IS_CHEST		17 -->

	<InvSlot item = "InvSlot17">
		<ScreenID>InvSlot17</ScreenID>
		<!--<Font>3</Font>-->
		<RelativePosition>true</RelativePosition>
		<Location>
			<X>171</X>
			<Y>77</Y>
		</Location>
		<Size>
			<CX>40</CX>
			<CY>40</CY>
		</Size>
		<Background>A_InvChest</Background>
		<EQType>17</EQType>
		<Style_VScroll>false</Style_VScroll>
		<Style_HScroll>false</Style_HScroll>
		<Style_Transparent>false</Style_Transparent>
		<!--<TooltipReference/>-->
	</InvSlot>

<!-- IS_LEGS		18 -->

	<InvSlot item = "InvSlot18">
		<ScreenID>InvSlot18</ScreenID>
		<!--<Font>3</Font>-->
		<RelativePosition>true</RelativePosition>
		<Location>
			<X>232</X>
			<Y>285</Y>
		</Location>
		<Size>
			<CX>40</CX>
			<CY>40</CY>
		</Size>
		<Background>A_InvLegs</Background>
		<EQType>18</EQType>
		<Style_VScroll>false</Style_VScroll>
		<Style_HScroll>false</Style_HScroll>
		<Style_Transparent>false</Style_Transparent>
		<!--<TooltipReference/>-->
	</InvSlot>

<!-- IS_FEET		19 -->

	<InvSlot item = "InvSlot19">
		<ScreenID>InvSlot19</ScreenID>
		<!--<Font>3</Font>-->
		<RelativePosition>true</RelativePosition>
		<Location>
			<X>274</X>
			<Y>285</Y>
		</Location>
		<Size>
			<CX>40</CX>
			<CY>40</CY>
		</Size>
		<Background>A_InvFeet</Background>
		<EQType>19</EQType>
		<Style_VScroll>false</Style_VScroll>
		<Style_HScroll>false</Style_HScroll>
		<Style_Transparent>false</Style_Transparent>
		<!--<TooltipReference/>-->
	</InvSlot>

<!-- IS_WAIST		20 -->

	<InvSlot item = "InvSlot20">
		<ScreenID>InvSlot20</ScreenID>
		<!--<Font>3</Font>-->
		<RelativePosition>true</RelativePosition>
		<Location>
			<X>171</X>
			<Y>203</Y>
		</Location>
		<Size>
			<CX>40</CX>
			<CY>40</CY>
		</Size>
		<Background>A_InvWaist</Background>
		<EQType>20</EQType>
		<Style_VScroll>false</Style_VScroll>
		<Style_HScroll>false</Style_HScroll>
		<Style_Transparent>false</Style_Transparent>
		<!--<TooltipReference/>-->
	</InvSlot>

<!-- IS_AMMO		21 -->

	<InvSlot item = "InvSlot21">
		<ScreenID>InvSlot21</ScreenID>
		<!--<Font>3</Font>-->
		<RelativePosition>true</RelativePosition>
		<Location>
			<X>316</X>
			<Y>327</Y>
		</Location>
		<Size>
			<CX>40</CX>
			<CY>40</CY>
		</Size>
		<Background>A_InvAmmo</Background>
		<EQType>21</EQType>
		<Style_VScroll>false</Style_VScroll>
		<Style_HScroll>false</Style_HScroll>
		<Style_Transparent>false</Style_Transparent>
		<!--<TooltipReference/>-->
	</InvSlot>


<!-- root inv slots, IS_B1 to IS_B8 -->

	<InvSlot item = "InvSlot22">
		<ScreenID>InvSlot22</ScreenID>
		<!--<Font>3</Font>-->
		<RelativePosition>true</RelativePosition>
		<Location>
			<X>392</X>
			<Y>178</Y>
		</Location>
		<Size>
			<CX>40</CX>
			<CY>40</CY>
		</Size>
		<Background>TK_InventoryBag1</Background>
		<EQType>22</EQType>
		<Style_VScroll>false</Style_VScroll>
		<Style_HScroll>false</Style_HScroll>
		<Style_Transparent>false</Style_Transparent>
		<!--<TooltipReference/>-->
	</InvSlot>
	<InvSlot item = "InvSlot23">
		<ScreenID>InvSlot23</ScreenID>
		<!--<Font>3</Font>-->
		<RelativePosition>true</RelativePosition>
		<Location>
			<X>392</X>
			<Y>220</Y>
		</Location>
		<Size>
			<CX>40</CX>
			<CY>40</CY>
		</Size>
		<Background>TK_InventoryBag2</Background>
		<EQType>23</EQType>
		<Style_VScroll>false</Style_VScroll>
		<Style_HScroll>false</Style_HScroll>
		<Style_Transparent>false</Style_Transparent>
		<!--<TooltipReference/>-->
	</InvSlot>
	<InvSlot item = "InvSlot24">
		<ScreenID>InvSlot24</ScreenID>
		<!--<Font>3</Font>-->
		<RelativePosition>true</RelativePosition>
		<Location>
			<X>392</X>
			<Y>262</Y>
		</Location>
		<Size>
			<CX>40</CX>
			<CY>40</CY>
		</Size>
		<Background>TK_InventoryBag3</Background>
		<EQType>24</EQType>
		<Style_VScroll>false</Style_VScroll>
		<Style_HScroll>false</Style_HScroll>
		<Style_Transparent>false</Style_Transparent>
		<!--<TooltipReference/>-->
	</InvSlot>
	<InvSlot item = "InvSlot25">
		<ScreenID>InvSlot25</ScreenID>
		<!--<Font>3</Font>-->
		<RelativePosition>true</RelativePosition>
		<Location>
			<X>392</X>
			<Y>304</Y>
		</Location>
		<Size>
			<CX>40</CX>
			<CY>40</CY>
		</Size>
		<Background>TK_InventoryBag4</Background>
		<EQType>25</EQType>
		<Style_VScroll>false</Style_VScroll>
		<Style_HScroll>false</Style_HScroll>
		<Style_Transparent>false</Style_Transparent>
		<!--<TooltipReference/>-->
	</InvSlot>
	<InvSlot item = "InvSlot26">
		<ScreenID>InvSlot26</ScreenID>
		<!--<Font>3</Font>-->
		<RelativePosition>true</RelativePosition>
		<Location>
			<X>434</X>
			<Y>178</Y>
		</Location>
		<Size>
			<CX>40</CX>
			<CY>40</CY>
		</Size>
		<Background>TK_InventoryBag5</Background>
		<EQType>26</EQType>
		<Style_VScroll>false</Style_VScroll>
		<Style_HScroll>false</Style_HScroll>
		<Style_Transparent>false</Style_Transparent>
		<!--<TooltipReference/>-->
	</InvSlot>
	<InvSlot item = "InvSlot27">
		<ScreenID>InvSlot27</ScreenID>
		<!--<Font>3</Font>-->
		<RelativePosition>true</RelativePosition>
		<Location>
			<X>434</X>
			<Y>220</Y>
		</Location>
		<Size>
			<CX>40</CX>
			<CY>40</CY>
		</Size>
		<Background>TK_InventoryBag6</Background>
		<EQType>27</EQType>
		<Style_VScroll>false</Style_VScroll>
		<Style_HScroll>false</Style_HScroll>
		<Style_Transparent>false</Style_Transparent>
		<!--<TooltipReference/>-->
	</InvSlot>
	<InvSlot item = "InvSlot28">
		<ScreenID>InvSlot28</ScreenID>
		<!--<Font>3</Font>-->
		<RelativePosition>true</RelativePosition>
		<Location>
			<X>434</X>
			<Y>262</Y>
		</Location>
		<Size>
			<CX>40</CX>
			<CY>40</CY>
		</Size>
		<Background>TK_InventoryBag7</Background>
		<EQType>28</EQType>
		<Style_VScroll>false</Style_VScroll>
		<Style_HScroll>false</Style_HScroll>
		<Style_Transparent>false</Style_Transparent>
		<!--<TooltipReference/>-->
	</InvSlot>
	<InvSlot item = "InvSlot29">
		<ScreenID>InvSlot29</ScreenID>
		<!--<Font>3</Font>-->
		<RelativePosition>true</RelativePosition>
		<Location>
			<X>434</X>
			<Y>304</Y>
		</Location>
		<Size>
			<CX>40</CX>
			<CY>40</CY>
		</Size>
		<Background>TK_InventoryBag8</Background>
		<EQType>29</EQType>
		<Style_VScroll>false</Style_VScroll>
		<Style_HScroll>false</Style_HScroll>
		<Style_Transparent>false</Style_Transparent>
		<!--<TooltipReference/>-->
	</InvSlot>

	<Label item ="IW_Name">
		<ScreenID>NameLabel</ScreenID>
		<EQType>1</EQType>
		<!--<Font>3</Font>-->
		<RelativePosition>true</RelativePosition>
		<Location>
			<X>46</X>
			<Y>41</Y>
		</Location>
		<Size>
			<CX>112</CX>
			<CY>14</CY>
		</Size>
		<Text>Playername123456</Text>
		<TextColor>
				<R>255</R>
				<G>255</G>
				<B>255</B>
		</TextColor>
		<NoWrap>true</NoWrap>
		<AlignCenter>false</AlignCenter>
		<AlignRight>false</AlignRight>
	</Label>
	<Label item ="IW_Level">
		<ScreenID>LevelClassLabel</ScreenID>
		<EQType>2</EQType>
		<!--<Font>3</Font>-->
		<RelativePosition>true</RelativePosition>
		<Location>
			<X>46</X>
			<Y>55</Y>
		</Location>
		<Size>
			<CX>15</CX>
			<CY>14</CY>
		</Size>
		<Text>60 Shadow Knight</Text>
		<TextColor>
				<R>255</R>
				<G>255</G>
				<B>255</B>
		</TextColor>
		<NoWrap>true</NoWrap>
		<AlignCenter>false</AlignCenter>
		<AlignRight>false</AlignRight>
	</Label>
	<Label item ="IW_Class">
		<EQType>3</EQType>
		<!--<Font>3</Font>-->
		<RelativePosition>true</RelativePosition>
		<Location>
			<X>66</X>
			<Y>55</Y>
		</Location>
		<Size>
			<CX>100</CX>
			<CY>14</CY>
		</Size>
		<Text>60 Shadow Knight</Text>
		<TextColor>
				<R>255</R>
				<G>255</G>
				<B>255</B>
		</TextColor>
		<NoWrap>true</NoWrap>
		<AlignCenter>false</AlignCenter>
		<AlignRight>false</AlignRight>
	</Label>
	<Label item ="IW_Deity">
		<ScreenID>DeityLabel</ScreenID>
		<EQType>4</EQType>
		<Font>2</Font>
		<RelativePosition>true</RelativePosition>
		<Location>
			<X>46</X>
			<Y>69</Y>
		</Location>
		<Size>
			<CX>112</CX>
			<CY>14</CY>
		</Size>
		<Text>Mithaniel Marr</Text>
		<TextColor>
				<R>255</R>
				<G>255</G>
				<B>255</B>
		</TextColor>
		<NoWrap>true</NoWrap>
		<AlignCenter>false</AlignCenter>
		<AlignRight>false</AlignRight>
	</Label>

	<Label item ="IW_HP">
		<ScreenID>HPLabel</ScreenID>
		<!--<Font>3</Font>-->
		<RelativePosition>true</RelativePosition>
		<Location>
			<X>46</X>
			<Y>88</Y>
		</Location>
		<Size>
			<CX>64</CX>
			<CY>14</CY>
		</Size>
		<Text>HP</Text>
		<TextColor>
				<R>255</R>
				<G>255</G>
				<B>255</B>
		</TextColor>
		<NoWrap>true</NoWrap>
		<AlignCenter>false</AlignCenter>
		<AlignRight>false</AlignRight>
	</Label>
	<Label item ="IW_CurrentHP">
		<ScreenID>HPNumberLabel</ScreenID>
		<EQType>17</EQType>
		<!--<Font>3</Font>-->
		<RelativePosition>true</RelativePosition>
		<Location>
			<X>69</X>
			<Y>88</Y>
		</Location>
		<Size>
			<CX>35</CX>
			<CY>14</CY>
		</Size>
		<Text>0</Text>
		<TextColor>
				<R>255</R>
				<G>255</G>
				<B>255</B>
		</TextColor>
		<NoWrap>true</NoWrap>
		<AlignCenter>false</AlignCenter>
		<AlignRight>true</AlignRight>
		<AlignLeft>false</AlignLeft>
	</Label>
	<Label item ="IW_HPDivider">
		<!--<Font>3</Font>-->
		<RelativePosition>true</RelativePosition>
		<Location>
			<X>107</X>
			<Y>88</Y>
		</Location>
		<Size>
			<CX>8</CX>
			<CY>14</CY>
		</Size>
		<Text>/</Text>
		<TextColor>
				<R>255</R>
				<G>255</G>
				<B>255</B>
		</TextColor>
		<NoWrap>true</NoWrap>
		<AlignCenter>false</AlignCenter>
		<AlignRight>false</AlignRight>
	</Label>
	<Label item ="IW_MaxHP">
		<EQType>18</EQType>
		<!--<Font>3</Font>-->
		<RelativePosition>true</RelativePosition>
		<Location>
			<X>113</X>
			<Y>88</Y>
		</Location>
		<Size>
			<CX>37</CX>
			<CY>14</CY>
		</Size>
		<Text>0</Text>
		<TextColor>
				<R>255</R>
				<G>255</G>
				<B>255</B>
		</TextColor>
		<NoWrap>true</NoWrap>
		<AlignCenter>false</AlignCenter>
		<AlignRight>false</AlignRight>
		<AlignLeft>true</AlignLeft>
	</Label>

	<Label item ="IW_AC">
		<ScreenID>ACLabel</ScreenID>
		<!--<Font>3</Font>-->
		<RelativePosition>true</RelativePosition>
		<Location>
			<X>46</X>
			<Y>102</Y>
		</Location>
		<Size>
			<CX>64</CX>
			<CY>14</CY>
		</Size>
		<Text>AC</Text>
		<TextColor>
				<R>255</R>
				<G>255</G>
				<B>255</B>
		</TextColor>
		<NoWrap>true</NoWrap>
		<AlignCenter>false</AlignCenter>
		<AlignRight>false</AlignRight>
	</Label>
	<Label item ="IW_ACNumber">
		<ScreenID>ACNumberLabel</ScreenID>
		<EQType>22</EQType>
		<!--<Font>3</Font>-->
		<RelativePosition>true</RelativePosition>
		<Location>
			<X>47</X>
			<Y>102</Y>
		</Location>
		<Size>
			<CX>80</CX>
			<CY>14</CY>
		</Size>
		<Text>0</Text>
		<TextColor>
				<R>255</R>
				<G>255</G>
				<B>255</B>
		</TextColor>
		<NoWrap>true</NoWrap>
		<AlignCenter>true</AlignCenter>
		<AlignRight>false</AlignRight>
	</Label>

	<Label item ="IW_ATK">
		<ScreenID>ATKLabel</ScreenID>
		<!--<Font>3</Font>-->
		<RelativePosition>true</RelativePosition>
		<Location>
			<X>46</X>
			<Y>116</Y>
		</Location>
		<Size>
			<CX>64</CX>
			<CY>14</CY>
		</Size>
		<Text>ATK</Text>
		<TextColor>
				<R>255</R>
				<G>255</G>
				<B>255</B>
		</TextColor>
		<NoWrap>true</NoWrap>
		<AlignCenter>false</AlignCenter>
		<AlignRight>false</AlignRight>
	</Label>
	<Label item ="IW_ATKNumber">
		<ScreenID>ATKNumberLabel</ScreenID>
		<EQType>23</EQType>
		<!--<Font>3</Font>-->
		<RelativePosition>true</RelativePosition>
		<Location>
			<X>47</X>
			<Y>116</Y>
		</Location>
		<Size>
			<CX>80</CX>
			<CY>14</CY>
		</Size>
		<Text>0</Text>
		<TextColor>
				<R>255</R>
				<G>255</G>
				<B>255</B>
		</TextColor>
		<NoWrap>true</NoWrap>
		<AlignCenter>true</AlignCenter>
		<AlignRight>false</AlignRight>
	</Label>

	<Label item ="IW_NextLevel">
		<ScreenID>NextLevelLabel</ScreenID>
		<Font>2</Font>
		<RelativePosition>true</RelativePosition>
		<Location>
			<X>41</X>
			<Y>146</Y>
		</Location>
		<Size>
			<CX>116</CX>
			<CY>14</CY>
		</Size>
		<Text>NEXT LEVEL</Text>
		<TextColor>
				<R>255</R>
				<G>255</G>
				<B>255</B>
		</TextColor>
		<NoWrap>true</NoWrap>
		<AlignCenter>true</AlignCenter>
		<AlignRight>false</AlignRight>
	</Label>
	<Gauge item = "IW_ExpGauge">
		<ScreenID>ExpGauge</ScreenID>
		<!--<Font>3</Font>-->
		<RelativePosition>true</RelativePosition>
		<Location>
			<X>41</X>
			<Y>161</Y>
		</Location>
		<Size>
			<CX>116</CX>
			<CY>8</CY>
		</Size>
		<GaugeOffsetY>0</GaugeOffsetY>
		<Style_VScroll>false</Style_VScroll>
		<Style_HScroll>false</Style_HScroll>
		<Style_Transparent>false</Style_Transparent>
		<!--<TooltipReference/>-->
		<FillTint>
				<R>220</R>
				<G>150</G>
				<B>0</B>
		</FillTint>
		<LinesFillTint>
				<R>0</R>
				<G>80</G>
				<B>220</B>
		</LinesFillTint>
		<DrawLinesFill>true</DrawLinesFill>
		<EQType>4</EQType>
		<GaugeDrawTemplate>
			<Background>A_GaugeBackground</Background>
			<Fill>A_GaugeFill</Fill>
			<Lines>A_GaugeLines</Lines>
			<LinesFill>A_GaugeLinesFill</LinesFill>
			<EndCapLeft>A_GaugeEndCapLeft</EndCapLeft>
			<EndCapRight>A_GaugeEndCapRight</EndCapRight>
		</GaugeDrawTemplate>
	</Gauge>

	<Label item ="IW_STR">
		<ScreenID>STRLabel</ScreenID>
		<Font>2</Font>
		<RelativePosition>true</RelativePosition>
		<Location>
			<X>70</X>
			<Y>189</Y>
		</Location>
		<Size>
			<CX>50</CX>
			<CY>14</CY>
		</Size>
		<Text>STR</Text>
		<TextColor>
				<R>255</R>
				<G>255</G>
				<B>255</B>
		</TextColor>
		<NoWrap>true</NoWrap>
		<AlignCenter>false</AlignCenter>
		<AlignRight>false</AlignRight>
	</Label>
	<Label item ="IW_STRNumber">
		<ScreenID>STRNumberLabel</ScreenID>
		<EQType>5</EQType>
		<Font>2</Font>
		<RelativePosition>true</RelativePosition>
		<Location>
			<X>105</X>
			<Y>189</Y>
		</Location>
		<Size>
			<CX>50</CX>
			<CY>14</CY>
		</Size>
		<Text>255</Text>
		<TextColor>
				<R>255</R>
				<G>255</G>
				<B>255</B>
		</TextColor>
		<NoWrap>true</NoWrap>
		<AlignCenter>false</AlignCenter>
		<AlignRight>false</AlignRight>
	</Label>

	<Label item ="IW_STA">
		<ScreenID>STALabel</ScreenID>
		<Font>2</Font>
		<RelativePosition>true</RelativePosition>
		<Location>
			<X>70</X>
			<Y>203</Y>
		</Location>
		<Size>
			<CX>50</CX>
			<CY>14</CY>
		</Size>
		<Text>STA</Text>
		<TextColor>
				<R>255</R>
				<G>255</G>
				<B>255</B>
		</TextColor>
		<NoWrap>true</NoWrap>
		<AlignCenter>false</AlignCenter>
		<AlignRight>false</AlignRight>
	</Label>
	<Label item ="IW_STANumber">
		<ScreenID>STANumberLabel</ScreenID>
		<EQType>6</EQType>
		<Font>2</Font>
		<RelativePosition>true</RelativePosition>
		<Location>
			<X>105</X>
			<Y>203</Y>
		</Location>
		<Size>
			<CX>50</CX>
			<CY>14</CY>
		</Size>
		<Text>255</Text>
		<TextColor>
				<R>255</R>
				<G>255</G>
				<B>255</B>
		</TextColor>
		<NoWrap>true</NoWrap>
		<AlignCenter>false</AlignCenter>
		<AlignRight>false</AlignRight>
	</Label>

	<Label item ="IW_AGI">
		<ScreenID>AGILabel</ScreenID>
		<Font>2</Font>
		<RelativePosition>true</RelativePosition>
		<Location>
			<X>70</X>
			<Y>217</Y>
		</Location>
		<Size>
			<CX>50</CX>
			<CY>14</CY>
		</Size>
		<Text>AGI</Text>
		<TextColor>
				<R>255</R>
				<G>255</G>
				<B>255</B>
		</TextColor>
		<NoWrap>true</NoWrap>
		<AlignCenter>false</AlignCenter>
		<AlignRight>false</AlignRight>
	</Label>
	<Label item ="IW_AGINumber">
		<ScreenID>AGINumberLabel</ScreenID>
		<EQType>8</EQType>
		<Font>2</Font>
		<RelativePosition>true</RelativePosition>
		<Location>
			<X>105</X>
			<Y>217</Y>
		</Location>
		<Size>
			<CX>50</CX>
			<CY>14</CY>
		</Size>
		<Text>255</Text>
		<TextColor>
				<R>255</R>
				<G>255</G>
				<B>255</B>
		</TextColor>
		<NoWrap>true</NoWrap>
		<AlignCenter>false</AlignCenter>
		<AlignRight>false</AlignRight>
	</Label>

	<Label item ="IW_DEX">
		<ScreenID>DEXLabel</ScreenID>
		<Font>2</Font>
		<RelativePosition>true</RelativePosition>
		<Location>
			<X>70</X>
			<Y>231</Y>
		</Location>
		<Size>
			<CX>50</CX>
			<CY>14</CY>
		</Size>
		<Text>DEX</Text>
		<TextColor>
				<R>255</R>
				<G>255</G>
				<B>255</B>
		</TextColor>
		<NoWrap>true</NoWrap>
		<AlignCenter>false</AlignCenter>
		<AlignRight>false</AlignRight>
	</Label>
	<Label item ="IW_DEXNumber">
		<ScreenID>DEXNumberLabel</ScreenID>
		<EQType>7</EQType>
		<Font>2</Font>
		<RelativePosition>true</RelativePosition>
		<Location>
			<X>105</X>
			<Y>231</Y>
		</Location>
		<Size>
			<CX>50</CX>
			<CY>14</CY>
		</Size>
		<Text>255</Text>
		<TextColor>
				<R>255</R>
				<G>255</G>
				<B>255</B>
		</TextColor>
		<NoWrap>true</NoWrap>
		<AlignCenter>false</AlignCenter>
		<AlignRight>false</AlignRight>
	</Label>

	<Label item ="IW_WIS">
		<ScreenID>WISLabel</ScreenID>
		<Font>2</Font>
		<RelativePosition>true</RelativePosition>
		<Location>
			<X>70</X>
			<Y>245</Y>
		</Location>
		<Size>
			<CX>50</CX>
			<CY>14</CY>
		</Size>
		<Text>WIS</Text>
		<TextColor>
				<R>255</R>
				<G>255</G>
				<B>255</B>
		</TextColor>
		<NoWrap>true</NoWrap>
		<AlignCenter>false</AlignCenter>
		<AlignRight>false</AlignRight>
	</Label>
	<Label item ="IW_WISNumber">
		<ScreenID>WISNumberLabel</ScreenID>
		<EQType>9</EQType>
		<Font>2</Font>
		<RelativePosition>true</RelativePosition>
		<Location>
			<X>105</X>
			<Y>245</Y>
		</Location>
		<Size>
			<CX>50</CX>
			<CY>14</CY>
		</Size>
		<Text>255</Text>
		<TextColor>
				<R>255</R>
				<G>255</G>
				<B>255</B>
		</TextColor>
		<NoWrap>true</NoWrap>
		<AlignCenter>false</AlignCenter>
		<AlignRight>false</AlignRight>
	</Label>

	<Label item ="IW_INT">
		<ScreenID>INTLabel</ScreenID>
		<Font>2</Font>
		<RelativePosition>true</RelativePosition>
		<Location>
			<X>70</X>
			<Y>259</Y>
		</Location>
		<Size>
			<CX>50</CX>
			<CY>14</CY>
		</Size>
		<Text>INT</Text>
		<TextColor>
				<R>255</R>
				<G>255</G>
				<B>255</B>
		</TextColor>
		<NoWrap>true</NoWrap>
		<AlignCenter>false</AlignCenter>
		<AlignRight>false</AlignRight>
	</Label>
	<Label item ="IW_INTNumber">
		<ScreenID>INTNumberLabel</ScreenID>
		<EQType>10</EQType>
		<Font>2</Font>
		<RelativePosition>true</RelativePosition>
		<Location>
			<X>105</X>
			<Y>259</Y>
		</Location>
		<Size>
			<CX>50</CX>
			<CY>14</CY>
		</Size>
		<Text>255</Text>
		<TextColor>
				<R>255</R>
				<G>255</G>
				<B>255</B>
		</TextColor>
		<NoWrap>true</NoWrap>
		<AlignCenter>false</AlignCenter>
		<AlignRight>false</AlignRight>
	</Label>

	<Label item ="IW_CHA">
		<ScreenID>CHALabel</ScreenID>
		<Font>2</Font>
		<RelativePosition>true</RelativePosition>
		<Location>
			<X>70</X>
			<Y>273</Y>
		</Location>
		<Size>
			<CX>50</CX>
			<CY>14</CY>
		</Size>
		<Text>CHA</Text>
		<TextColor>
				<R>255</R>
				<G>255</G>
				<B>255</B>
		</TextColor>
		<NoWrap>true</NoWrap>
		<AlignCenter>false</AlignCenter>
		<AlignRight>false</AlignRight>
	</Label>
	<Label item ="IW_CHANumber">
		<ScreenID>CHANumberLabel</ScreenID>
		<EQType>11</EQType>
		<Font>2</Font>
		<RelativePosition>true</RelativePosition>
		<Location>
			<X>105</X>
			<Y>273</Y>
		</Location>
		<Size>
			<CX>50</CX>
			<CY>14</CY>
		</Size>
		<Text>255</Text>
		<TextColor>
				<R>255</R>
				<G>255</G>
				<B>255</B>
		</TextColor>
		<NoWrap>true</NoWrap>
		<AlignCenter>false</AlignCenter>
		<AlignRight>false</AlignRight>
	</Label>

	<Label item ="IW_Poison">
		<ScreenID>PoisonLabel</ScreenID>
		<Font>2</Font>
		<RelativePosition>true</RelativePosition>
		<Location>
			<X>61</X>
			<Y>296</Y>
		</Location>
		<Size>
			<CX>64</CX>
			<CY>14</CY>
		</Size>
		<Text>POISON</Text>
		<TextColor>
				<R>255</R>
				<G>255</G>
				<B>255</B>
		</TextColor>
		<NoWrap>true</NoWrap>
		<AlignCenter>false</AlignCenter>
		<AlignRight>false</AlignRight>
	</Label>
	<Label item ="IW_PoisonNumber">
		<ScreenID>PoisonNumberLabel</ScreenID>
		<EQType>12</EQType>
		<Font>2</Font>
		<RelativePosition>true</RelativePosition>
		<Location>
			<X>117</X>
			<Y>296</Y>
		</Location>
		<Size>
			<CX>64</CX>
			<CY>14</CY>
		</Size>
		<Text>255</Text>
		<TextColor>
				<R>255</R>
				<G>255</G>
				<B>255</B>
		</TextColor>
		<NoWrap>true</NoWrap>
		<AlignCenter>false</AlignCenter>
		<AlignRight>false</AlignRight>
	</Label>

	<Label item ="IW_Magic">
		<ScreenID>MagicLabel</ScreenID>
		<Font>2</Font>
		<RelativePosition>true</RelativePosition>
		<Location>
			<X>61</X>
			<Y>310</Y>
		</Location>
		<Size>
			<CX>64</CX>
			<CY>14</CY>
		</Size>
		<Text>MAGIC</Text>
		<TextColor>
				<R>255</R>
				<G>255</G>
				<B>255</B>
		</TextColor>
		<NoWrap>true</NoWrap>
		<AlignCenter>false</AlignCenter>
		<AlignRight>false</AlignRight>
	</Label>
	<Label item ="IW_MagicNumber">
		<ScreenID>MagicNumberLabel</ScreenID>
		<EQType>16</EQType>
		<Font>2</Font>
		<RelativePosition>true</RelativePosition>
		<Location>
			<X>117</X>
			<Y>310</Y>
		</Location>
		<Size>
			<CX>64</CX>
			<CY>14</CY>
		</Size>
		<Text>255</Text>
		<TextColor>
				<R>255</R>
				<G>255</G>
				<B>255</B>
		</TextColor>
		<NoWrap>true</NoWrap>
		<AlignCenter>false</AlignCenter>
		<AlignRight>false</AlignRight>
	</Label>

	<Label item ="IW_Disease">
		<ScreenID>DiseaseLabel</ScreenID>
		<Font>2</Font>
		<RelativePosition>true</RelativePosition>
		<Location>
			<X>61</X>
			<Y>324</Y>
		</Location>
		<Size>
			<CX>64</CX>
			<CY>14</CY>
		</Size>
		<Text>DISEASE</Text>
		<TextColor>
				<R>255</R>
				<G>255</G>
				<B>255</B>
		</TextColor>
		<NoWrap>true</NoWrap>
		<AlignCenter>false</AlignCenter>
		<AlignRight>false</AlignRight>
	</Label>
	<Label item ="IW_DiseaseNumber">
		<ScreenID>DiseaseNumberLabel</ScreenID>
		<EQType>13</EQType>
		<Font>2</Font>
		<RelativePosition>true</RelativePosition>
		<Location>
			<X>117</X>
			<Y>324</Y>
		</Location>
		<Size>
			<CX>64</CX>
			<CY>14</CY>
		</Size>
		<Text>255</Text>
		<TextColor>
				<R>255</R>
				<G>255</G>
				<B>255</B>
		</TextColor>
		<NoWrap>true</NoWrap>
		<AlignCenter>false</AlignCenter>
		<AlignRight>false</AlignRight>
	</Label>

	<Label item ="IW_Fire">
		<ScreenID>FireLabel</ScreenID>
		<Font>2</Font>
		<RelativePosition>true</RelativePosition>
		<Location>
			<X>61</X>
			<Y>338</Y>
		</Location>
		<Size>
			<CX>64</CX>
			<CY>14</CY>
		</Size>
		<Text>FIRE</Text>
		<TextColor>
				<R>255</R>
				<G>255</G>
				<B>255</B>
		</TextColor>
		<NoWrap>true</NoWrap>
		<AlignCenter>false</AlignCenter>
		<AlignRight>false</AlignRight>
	</Label>
	<Label item ="IW_FireNumber">
		<ScreenID>FireNumberLabel</ScreenID>
		<EQType>14</EQType>
		<Font>2</Font>
		<RelativePosition>true</RelativePosition>
		<Location>
			<X>117</X>
			<Y>338</Y>
		</Location>
		<Size>
			<CX>64</CX>
			<CY>14</CY>
		</Size>
		<Text>255</Text>
		<TextColor>
				<R>255</R>
				<G>255</G>
				<B>255</B>
		</TextColor>
		<NoWrap>true</NoWrap>
		<AlignCenter>false</AlignCenter>
		<AlignRight>false</AlignRight>
	</Label>

	<Label item ="IW_Cold">
		<ScreenID>ColdLabel</ScreenID>
		<Font>2</Font>
		<RelativePosition>true</RelativePosition>
		<Location>
			<X>61</X>
			<Y>352</Y>
		</Location>
		<Size>
			<CX>64</CX>
			<CY>14</CY>
		</Size>
		<Text>COLD</Text>
		<TextColor>
				<R>255</R>
				<G>255</G>
				<B>255</B>
		</TextColor>
		<NoWrap>true</NoWrap>
		<AlignCenter>false</AlignCenter>
		<AlignRight>false</AlignRight>
	</Label>
	<Label item ="IW_ColdNumber">
		<ScreenID>ColdNumberLabel</ScreenID>
		<EQType>15</EQType>
		<Font>2</Font>
		<RelativePosition>true</RelativePosition>
		<Location>
			<X>117</X>
			<Y>352</Y>
		</Location>
		<Size>
			<CX>64</CX>
			<CY>14</CY>
		</Size>
		<Text>255</Text>
		<TextColor>
				<R>255</R>
				<G>255</G>
				<B>255</B>
		</TextColor>
		<NoWrap>true</NoWrap>
		<AlignCenter>false</AlignCenter>
		<AlignRight>false</AlignRight>
	</Label>

	<Label item ="IW_Weight">
		<ScreenID>WeightLabel</ScreenID>
		<Font>2</Font>
		<RelativePosition>true</RelativePosition>
		<Location>
			<X>370</X>
			<Y>356</Y>
		</Location>
		<Size>
			<CX>64</CX>
			<CY>14</CY>
		</Size>
		<Text>WEIGHT</Text>
		<TextColor>
				<R>255</R>
				<G>255</G>
				<B>255</B>
		</TextColor>
		<NoWrap>true</NoWrap>
		<AlignCenter>false</AlignCenter>
		<AlignRight>false</AlignRight>
	</Label>
	<Label item ="IW_CurrentWeight">
		<ScreenID>WeightNumberLabel</ScreenID>
		<EQType>24</EQType>
		<Font>2</Font>
		<RelativePosition>true</RelativePosition>
		<Location>
			<X>413</X>
			<Y>356</Y>
		</Location>
		<Size>
			<CX>30</CX>
			<CY>14</CY>
		</Size>
		<Text>0</Text>
		<TextColor>
				<R>255</R>
				<G>255</G>
				<B>255</B>
		</TextColor>
		<NoWrap>true</NoWrap>
		<AlignCenter>false</AlignCenter>
		<AlignRight>true</AlignRight>
	</Label>
	<Label item ="IW_WeightNumber">
		<Font>2</Font>
		<RelativePosition>true</RelativePosition>
		<Location>
			<X>443</X>
			<Y>356</Y>
		</Location>
		<Size>
			<CX>4</CX>
			<CY>14</CY>
		</Size>
		<Text>/</Text>
		<TextColor>
				<R>255</R>
				<G>255</G>
				<B>255</B>
		</TextColor>
		<NoWrap>true</NoWrap>
		<AlignCenter>false</AlignCenter>
		<AlignRight>false</AlignRight>
	</Label>
	<Label item ="IW_MaxWeight">
		<EQType>25</EQType>
		<Font>2</Font>
		<RelativePosition>true</RelativePosition>
		<Location>
			<X>447</X>
			<Y>356</Y>
		</Location>
		<Size>
			<CX>32</CX>
			<CY>14</CY>
		</Size>
		<Text></Text>
		<TextColor>
				<R>255</R>
				<G>255</G>
				<B>255</B>
		</TextColor>
		<NoWrap>true</NoWrap>
		<AlignCenter>false</AlignCenter>
		<AlignRight>false</AlignRight>
		<AlignLeft>true</AlignLeft>
	</Label>

	<Label item ="IW_AltAdv">
		<ScreenID>AltAdvLabel</ScreenID>
		<Font>2</Font>
		<RelativePosition>true</RelativePosition>
		<Location>
			<X>41</X>
			<Y>386</Y>
		</Location>
		<Size>
			<CX>116</CX>
			<CY>14</CY>
		</Size>
		<Text>ALT. ADV.</Text>
		<TextColor>
				<R>255</R>
				<G>255</G>
				<B>255</B>
		</TextColor>
		<NoWrap>true</NoWrap>
		<AlignCenter>true</AlignCenter>
		<AlignRight>false</AlignRight>
	</Label>
	<Gauge item = "IW_AltAdvGauge">
		<ScreenID>AltAdvGauge</ScreenID>
		<!--<Font>3</Font>-->
		<RelativePosition>true</RelativePosition>
		<Location>
			<X>41</X>
			<Y>401</Y>
		</Location>
		<Size>
			<CX>116</CX>
			<CY>8</CY>
		</Size>
		<GaugeOffsetY>0</GaugeOffsetY>
		<Style_VScroll>false</Style_VScroll>
		<Style_HScroll>false</Style_HScroll>
		<Style_Transparent>false</Style_Transparent>
		<!--<TooltipReference/>-->
		<FillTint>
				<R>220</R>
				<G>150</G>
				<B>0</B>
		</FillTint>
		<LinesFillTint>
				<R>0</R>
				<G>40</G>
				<B>150</B>
		</LinesFillTint>
		<DrawLinesFill>true</DrawLinesFill>
		<EQType>5</EQType>
		<GaugeDrawTemplate>
			<Background>A_GaugeBackground</Background>
			<Fill>A_GaugeFill</Fill>
			<Lines>A_GaugeLines</Lines>
			<LinesFill>A_GaugeLinesFill</LinesFill>
			<EndCapLeft>A_GaugeEndCapLeft</EndCapLeft>
			<EndCapRight>A_GaugeEndCapRight</EndCapRight>
		</GaugeDrawTemplate>
	</Gauge>

	<Button item = "IW_Money0">
		<ScreenID>IW_Money0</ScreenID>
		<Font>2</Font>
		<RelativePosition>true</RelativePosition>
		<Location>
			<X>178</X>
			<Y>379</Y>
		</Location>
		<Size>
			<CX>70</CX>
			<CY>24</CY>
		</Size>
		<Style_Transparent>false</Style_Transparent>
		<!--<TooltipReference/>-->
		<Style_Checkbox>false</Style_Checkbox>
		<!--<RadioGroup/>-->
		<Text>9999</Text>
		<TextColor>
				<R>255</R>
				<G>255</G>
				<B>255</B>
		</TextColor>
		<ButtonDrawTemplate>
			<NormalDecal>A_PlatinumCoin</NormalDecal>
		</ButtonDrawTemplate>
		<DecalOffset>
			<X>1</X>
			<Y>3</Y>
		</DecalOffset>
		<DecalSize>
			<CX>18</CX>
			<CY>18</CY>
		</DecalSize>
	</Button>
	<Button item = "IW_Money1">
		<ScreenID>IW_Money1</ScreenID>
		<Font>2</Font>
		<RelativePosition>true</RelativePosition>
		<Location>
			<X>251</X>
			<Y>379</Y>
		</Location>
		<Size>
			<CX>70</CX>
			<CY>24</CY>
		</Size>
		<Style_Transparent>false</Style_Transparent>
		<!--<TooltipReference/>-->
		<Style_Checkbox>false</Style_Checkbox>
		<!--<RadioGroup/>-->
		<Text>9999</Text>
		<TextColor>
				<R>255</R>
				<G>255</G>
				<B>255</B>
		</TextColor>
		<ButtonDrawTemplate>
			<NormalDecal>A_GoldCoin</NormalDecal>
		</ButtonDrawTemplate>
		<DecalOffset>
			<X>1</X>
			<Y>3</Y>
		</DecalOffset>
		<DecalSize>
			<CX>18</CX>
			<CY>18</CY>
		</DecalSize>
	</Button>
	<Button item = "IW_Money2">
		<ScreenID>IW_Money2</ScreenID>
		<Font>2</Font>
		<RelativePosition>true</RelativePosition>
		<Location>
			<X>324</X>
			<Y>379</Y>
		</Location>
		<Size>
			<CX>70</CX>
			<CY>24</CY>
		</Size>
		<Style_Transparent>false</Style_Transparent>
		<!--<TooltipReference/>-->
		<Style_Checkbox>false</Style_Checkbox>
		<!--<RadioGroup/>-->
		<Text>9999</Text>
		<TextColor>
				<R>255</R>
				<G>255</G>
				<B>255</B>
		</TextColor>
		<ButtonDrawTemplate>
			<NormalDecal>A_SilverCoin</NormalDecal>
		</ButtonDrawTemplate>
		<DecalOffset>
			<X>1</X>
			<Y>3</Y>
		</DecalOffset>
		<DecalSize>
			<CX>18</CX>
			<CY>18</CY>
		</DecalSize>
	</Button>
	<Button item = "IW_Money3">
		<ScreenID>IW_Money3</ScreenID>
		<Font>2</Font>
		<RelativePosition>true</RelativePosition>
		<Location>
			<X>397</X>
			<Y>379</Y>
		</Location>
		<Size>
			<CX>70</CX>
			<CY>24</CY>
		</Size>
		<Style_Transparent>false</Style_Transparent>
		<!--<TooltipReference/>-->
		<Style_Checkbox>false</Style_Checkbox>
		<!--<RadioGroup/>-->
		<Text>9999</Text>
		<TextColor>
				<R>255</R>
				<G>255</G>
				<B>255</B>
		</TextColor>
		<ButtonDrawTemplate>
			<NormalDecal>A_CopperCoin</NormalDecal>
		</ButtonDrawTemplate>
		<DecalOffset>
			<X>1</X>
			<Y>3</Y>
		</DecalOffset>
		<DecalSize>
			<CX>18</CX>
			<CY>18</CY>
		</DecalSize>
	</Button>

	<Button item = "IW_Skills">
		<ScreenID>IW_Skills</ScreenID>
		<!--<Font>3</Font>-->
		<RelativePosition>true</RelativePosition>
		<Location>
			<X>50</X>
			<Y>420</Y>
		</Location>
		<Size>
			<CX>80</CX>
			<CY>22</CY>
		</Size>
		<Style_Transparent>false</Style_Transparent>
		<!--<TooltipReference/>-->
		<Style_Checkbox>false</Style_Checkbox>
		<!--<RadioGroup/>-->
		<Text>Skills</Text>
		<TextColor>
				<R>255</R>
				<G>255</G>
				<B>255</B>
		</TextColor>
		<ButtonDrawTemplate>
			<Normal>A_BtnNormal</Normal>
			<Pressed>A_BtnPressed</Pressed>
			<Flyby>A_BtnFlyby</Flyby>
			<Disabled>A_BtnDisabled</Disabled>
			<PressedFlyby>A_BtnPressedFlyby</PressedFlyby>
		</ButtonDrawTemplate>
	</Button>

	<Button item = "IW_AltAdvBtn">
		<ScreenID>IW_AltAdvBtn</ScreenID>
		<!--<Font>3</Font>-->
		<RelativePosition>true</RelativePosition>
		<Location>
			<X>134</X>
			<Y>420</Y>
		</Location>
		<Size>
			<CX>80</CX>
			<CY>22</CY>
		</Size>
		<Style_Transparent>false</Style_Transparent>
		<!--<TooltipReference/>-->
		<Style_Checkbox>false</Style_Checkbox>
		<!--<RadioGroup/>-->
		<Text>Alt. Advance</Text>
		<TextColor>
				<R>255</R>
				<G>255</G>
				<B>255</B>
		</TextColor>
		<ButtonDrawTemplate>
			<Normal>A_BtnNormal</Normal>
			<Pressed>A_BtnPressed</Pressed>
			<Flyby>A_BtnFlyby</Flyby>
			<Disabled>A_BtnDisabled</Disabled>
			<PressedFlyby>A_BtnPressedFlyby</PressedFlyby>
		</ButtonDrawTemplate>
	</Button>

	<Button item = "IW_Destroy">
		<ScreenID>IW_Destroy</ScreenID>
		<!--<Font>3</Font>-->
		<RelativePosition>true</RelativePosition>
		<Location>
			<X>296</X>
			<Y>420</Y>
		</Location>
		<Size>
			<CX>80</CX>
			<CY>22</CY>
		</Size>
		<Style_Transparent>false</Style_Transparent>
		<!--<TooltipReference/>-->
		<Style_Checkbox>false</Style_Checkbox>
		<!--<RadioGroup/>-->
		<Text>Destroy</Text>
		<TextColor>
				<R>255</R>
				<G>255</G>
				<B>255</B>
		</TextColor>
		<ButtonDrawTemplate>
			<Normal>A_BtnNormal</Normal>
			<Pressed>A_BtnPressed</Pressed>
			<Flyby>A_BtnFlyby</Flyby>
			<Disabled>A_BtnDisabled</Disabled>
			<PressedFlyby>A_BtnPressedFlyby</PressedFlyby>
		</ButtonDrawTemplate>
	</Button>

	<StaticAnimation item= "ClassAnim">
		<ScreenID>ClassAnim</ScreenID>
		<Location>
			<X>405</X>
			<Y>34</Y>
		</Location>
		<Size>
			<CX>64</CX>
			<CY>128</CY>
		</Size>
		<Animation>A_ClassAnim01</Animation>
	</StaticAnimation>

	<Screen item = "IW_CharacterView">
		<ScreenID>IW_CharacterView</ScreenID>
		<RelativePosition>true</RelativePosition>
		<Location>
			<X>213</X>
			<Y>77</Y>
		</Location>
		<Size>
			<CX>124</CX>
			<CY>207</CY>
		</Size>
		<Style_VScroll>false</Style_VScroll>
		<Style_HScroll>false</Style_HScroll>
		<Style_Transparent>true</Style_Transparent>
		<TooltipReference>Drop Item Here to Auto Equip</TooltipReference>
		<DrawTemplate>WDT_Inner</DrawTemplate>
		<Style_Titlebar>false</Style_Titlebar>
		<Style_Closebox>false</Style_Closebox>
		<Style_Minimizebox>false</Style_Minimizebox>
		<Style_Border>false</Style_Border>
		<Style_Sizable>false</Style_Sizable>
	</Screen>

	<Button item = "IW_DoneButton">
		<ScreenID>DoneButton</ScreenID>
		<!--<Font>3</Font>-->
		<RelativePosition>true</RelativePosition>
		<Location>
			<X>381</X>
			<Y>420</Y>
		</Location>
		<Size>
			<CX>80</CX>
			<CY>22</CY>
		</Size>
		<Style_Transparent>false</Style_Transparent>
		<!--<TooltipReference/>-->
		<Style_Checkbox>false</Style_Checkbox>
		<!--<RadioGroup/>-->
		<Text>Done</Text>
		<TextColor>
			<R>255</R>
			<G>255</G>
			<B>255</B>
		</TextColor>
		<ButtonDrawTemplate>
			<Normal>A_BtnNormal</Normal>
			<Pressed>A_BtnPressed</Pressed>
			<Flyby>A_BtnFlyby</Flyby>
			<Disabled>A_BtnDisabled</Disabled>
			<PressedFlyby>A_BtnPressedFlyby</PressedFlyby>
		</ButtonDrawTemplate>
	</Button>

	<StaticAnimation item = "Inv_Background">
		<ScreenID>Inv_Background</ScreenID>
		<RelativePosition>true</RelativePosition>
		<Location>
			<X>0</X>
			<Y>0</Y>
		</Location>
		<Size>
			<CX>508</CX>
			<CY>476</CY>
		</Size>
		<Animation>TK_InventoryBack</Animation>
	</StaticAnimation>

	<Screen item = "InventoryWindow">
		<!--<ScreenID/>-->
		<RelativePosition>false</RelativePosition>
		<Location>
			<X>100</X>
			<Y>50</Y>
		</Location>
		<Size>
			<CX>508</CX>
			<CY>476</CY>
		</Size>
		<Text>Inventory</Text>
		<Style_VScroll>false</Style_VScroll>
		<Style_HScroll>false</Style_HScroll>
		<Style_Transparent>true</Style_Transparent>
		<TooltipReference>Inventory</TooltipReference>
		<DrawTemplate>WDT_Rounded</DrawTemplate>
		<Style_Titlebar>false</Style_Titlebar>
		<Style_Closebox>false</Style_Closebox>
		<Style_Minimizebox>false</Style_Minimizebox>
		<Style_Border>false</Style_Border>
		<Style_Sizable>false</Style_Sizable>
		<Pieces>Inv_Background</Pieces>
		<Pieces>InvSlot1</Pieces>
		<Pieces>InvSlot2</Pieces>
		<Pieces>InvSlot3</Pieces>
		<Pieces>InvSlot4</Pieces>
		<Pieces>InvSlot5</Pieces>
		<Pieces>InvSlot6</Pieces>
		<Pieces>InvSlot7</Pieces>
		<Pieces>InvSlot8</Pieces>
		<Pieces>InvSlot9</Pieces>
		<Pieces>InvSlot10</Pieces>
		<Pieces>InvSlot11</Pieces>
		<Pieces>InvSlot12</Pieces>
		<Pieces>InvSlot13</Pieces>
		<Pieces>InvSlot14</Pieces>
		<Pieces>InvSlot15</Pieces>
		<Pieces>InvSlot16</Pieces>
		<Pieces>InvSlot17</Pieces>
		<Pieces>InvSlot18</Pieces>
		<Pieces>InvSlot19</Pieces>
		<Pieces>InvSlot20</Pieces>
		<Pieces>InvSlot21</Pieces>
		<Pieces>InvSlot22</Pieces>
		<Pieces>InvSlot23</Pieces>
		<Pieces>InvSlot24</Pieces>
		<Pieces>InvSlot25</Pieces>
		<Pieces>InvSlot26</Pieces>
		<Pieces>InvSlot27</Pieces>
		<Pieces>InvSlot28</Pieces>
		<Pieces>InvSlot29</Pieces>
		<Pieces>IW_Money0</Pieces>
		<Pieces>IW_Money1</Pieces>
		<Pieces>IW_Money2</Pieces>
		<Pieces>IW_Money3</Pieces>
		<Pieces>IW_Skills</Pieces>
		<Pieces>IW_AltAdvBtn</Pieces>
		<Pieces>IW_Destroy</Pieces>
		<Pieces>IW_Name</Pieces>
		<Pieces>IW_Level</Pieces>
		<Pieces>IW_Class</Pieces>
		<Pieces>IW_Deity</Pieces>
		<Pieces>IW_HP</Pieces>
		<Pieces>IW_CurrentHP</Pieces>
		<Pieces>IW_MaxHP</Pieces>
		<Pieces>IW_HPDivider</Pieces>
		<Pieces>IW_AC</Pieces>
		<Pieces>IW_ACNumber</Pieces>
		<Pieces>IW_ATK</Pieces>
		<Pieces>IW_ATKNumber</Pieces>
		<Pieces>IW_NextLevel</Pieces>
		<Pieces>IW_ExpGauge</Pieces>
		<Pieces>IW_STR</Pieces>
		<Pieces>IW_STRNumber</Pieces>
		<Pieces>IW_STA</Pieces>
		<Pieces>IW_STANumber</Pieces>
		<Pieces>IW_AGI</Pieces>
		<Pieces>IW_AGINumber</Pieces>
		<Pieces>IW_DEX</Pieces>
		<Pieces>IW_DEXNumber</Pieces>
		<Pieces>IW_WIS</Pieces>
		<Pieces>IW_WISNumber</Pieces>
		<Pieces>IW_INT</Pieces>
		<Pieces>IW_INTNumber</Pieces>
		<Pieces>IW_CHA</Pieces>
		<Pieces>IW_CHANumber</Pieces>
		<Pieces>IW_Poison</Pieces>
		<Pieces>IW_PoisonNumber</Pieces>
		<Pieces>IW_Magic</Pieces>
		<Pieces>IW_MagicNumber</Pieces>
		<Pieces>IW_Disease</Pieces>
		<Pieces>IW_DiseaseNumber</Pieces>
		<Pieces>IW_Fire</Pieces>
		<Pieces>IW_FireNumber</Pieces>
		<Pieces>IW_Cold</Pieces>
		<Pieces>IW_ColdNumber</Pieces>
		<Pieces>IW_Weight</Pieces>
		<Pieces>IW_CurrentWeight</Pieces>
		<Pieces>IW_WeightNumber</Pieces>
		<Pieces>IW_MaxWeight</Pieces>
		<Pieces>IW_AltAdv</Pieces>
		<Pieces>IW_AltAdvGauge</Pieces>
		<Pieces>ClassAnim</Pieces>
		<Pieces>IW_CharacterView</Pieces>
		<Pieces>IW_DoneButton</Pieces>

	</Screen>

</XML>