<?xml version = "1.0"?>
<XML ID = "EQInterfaceDefinitionLanguage">
	<Schema xmlns = "EverQuestData" xmlns:dt = "EverQuestDataTypes"/>

<TextureInfo item = "AttackIndicator.tga">
		<Size>
			<CX>134</CX>
			<CY>78</CY>
		</Size>
	</TextureInfo>

	<Ui2DAnimation item = "A_AttackIndicator">
		<Cycle>false</Cycle>
		<Frames>
			<Texture>AttackIndicator.tga</Texture>
			<Location>
				<X>6</X>
				<Y>6</Y>
			</Location>
			<Size>
				<CX>130</CX>
				<CY>78</CY>
			</Size>
		</Frames>
	</Ui2DAnimation>

	<StaticAnimation item = "A_AttackIndicatorAnim">
		<ScreenID>A_AttackIndicatorAnim</ScreenID>
		<Animation>A_AttackIndicator</Animation>
	</StaticAnimation>
	<Gauge item = "Player_HP">
		<ScreenID>PlayerHP</ScreenID>
		<!--<Font>3</Font>-->
		<TextColor>
			<R>240</R>
			<G>240</G>
			<B>240</B>
		</TextColor>
		<RelativePosition>true</RelativePosition>
		<Location>
			<X>3</X>
			<Y>0</Y>
		</Location>
		<Size>
			<CX>0</CX>
			<CY>0</CY>
		</Size>
		<TextOffsetX>8</TextOffsetX>
		<GaugeOffsetY>33</GaugeOffsetY>
		<Style_VScroll>false</Style_VScroll>
		<Style_HScroll>false</Style_HScroll>
		<Style_Transparent>false</Style_Transparent>
		<!--<TooltipReference/>-->
		<FillTint>
				<R>240</R>
				<G>0</G>
				<B>0</B>
		</FillTint>
		<LinesFillTint>
				<R>220</R>
				<G>220</G>
				<B>0</B>
		</LinesFillTint>
		<DrawLinesFill>false</DrawLinesFill>
		<EQType>1</EQType>
		<GaugeDrawTemplate>
			<Background>A_GaugeBackground</Background>
			<Fill>A_GaugeFill</Fill>
			<Lines>A_GaugeLines</Lines>
			<LinesFill>A_GaugeLinesFill</LinesFill>
			<EndCapLeft>A_GaugeEndCapLeft</EndCapLeft>
			<EndCapRight>A_GaugeEndCapRight</EndCapRight>
		</GaugeDrawTemplate>
	</Gauge>

	<Label item ="Player_HPLabel">
		<ScreenID>HPLabel</ScreenID>
		<EQType>19</EQType>
		<RelativePosition>true</RelativePosition>
		<Location>
			<X>3</X>
			<Y>29</Y>
		</Location>
		<Size>
			<CX>0</CX>
			<CY>0</CY>
		</Size>
		<Text>Playername123456</Text>
		<TextColor>
				<R>255</R>
				<G>255</G>
				<B>255</B>
		</TextColor>
		<NoWrap>true</NoWrap>
		<AlignCenter>false</AlignCenter>
		<AlignRight>true</AlignRight>
	</Label>

	<Label item ="Player_HPPercLabel">
		<ScreenID>HPPerLabel</ScreenID>
		<RelativePosition>true</RelativePosition>
		<Location>
			<X>64</X>
			<Y>29</Y>
		</Location>
		<Size>
			<CX>0</CX>
			<CY>0</CY>
		</Size>
		<Text>%</Text>
		<TextColor>
				<R>255</R>
				<G>255</G>
				<B>255</B>
		</TextColor>
		<NoWrap>true</NoWrap>
		<AlignCenter>false</AlignCenter>
		<AlignRight>false</AlignRight>
	</Label>

	<Gauge item = "Pet_HP">
		<ScreenID>PetHP</ScreenID>
		<!--<Font>3</Font>-->
		<TextColor>
			<R>0</R>
			<G>0</G>
			<B>0</B>
		</TextColor>
		<RelativePosition>true</RelativePosition>
		<Location>
			<X>7</X>
			<Y>39</Y>
		</Location>
		<Size>
			<CX>0</CX>
			<CY>0</CY>
		</Size>
		<TextOffsetY>-50</TextOffsetY>
		<GaugeOffsetY>-2</GaugeOffsetY>
		<Style_VScroll>false</Style_VScroll>
		<Style_HScroll>false</Style_HScroll>
		<Style_Transparent>false</Style_Transparent>
		<!--<TooltipReference/>-->
		<FillTint>

				<R>51</R>
				<G>192</G>
				<B>51</B>
		</FillTint>
		<LinesFillTint>
				<R>0</R>
				<G>0</G>
				<B>0</B>
		</LinesFillTint>
		<DrawLinesFill>false</DrawLinesFill>
		<EQType>16</EQType>
		<GaugeDrawTemplate>
			<Background>A_GaugeBackground</Background>
			<Fill>A_GaugeFill</Fill>
			<!--<Lines>A_GaugeLines</Lines>-->
			<LinesFill>A_GaugeLinesFill</LinesFill>
			<!--<EndCapLeft>A_GaugeEndCapLeft</EndCapLeft>-->
			<!--<EndCapRight>A_GaugeEndCapRight</EndCapRight>-->
		</GaugeDrawTemplate>
	</Gauge>


	<Gauge item = "Player_Mana">
		<ScreenID>PlayerMana</ScreenID>
		<!--<Font>3</Font>-->
		<RelativePosition>true</RelativePosition>
		<Location>
			<X>3</X>
			<Y>46</Y>
		</Location>
		<Size>
			<CX>0</CX>
			<CY>0</CY>
		</Size>
		<GaugeOffsetY>0</GaugeOffsetY>
		<Style_VScroll>false</Style_VScroll>
		<Style_HScroll>false</Style_HScroll>
		<Style_Transparent>false</Style_Transparent>
		<!--<TooltipReference/>-->
		<FillTint>
				<R>0</R>
				<G>0</G>
				<B>240</B>
		</FillTint>
		<LinesFillTint>
				<R>0</R>
				<G>220</G>
				<B>220</B>
		</LinesFillTint>
		<DrawLinesFill>false</DrawLinesFill>
		<EQType>2</EQType>
		<GaugeDrawTemplate>
			<Background>A_GaugeBackground</Background>
			<Fill>A_GaugeFill</Fill>
			<Lines>A_GaugeLines</Lines>
			<LinesFill>A_GaugeLinesFill</LinesFill>
			<EndCapLeft>A_GaugeEndCapLeft</EndCapLeft>
			<EndCapRight>A_GaugeEndCapRight</EndCapRight>
		</GaugeDrawTemplate>
	</Gauge>

	<Gauge item = "Player_Fatigue">
		<ScreenID>PlayerFatigue</ScreenID>
		<!--<Font>3</Font>-->
		<RelativePosition>true</RelativePosition>
		<Location>
			<X>3</X>
			<Y>59</Y>
		</Location>
		<Size>
			<CX>0</CX>
			<CY>0</CY>
		</Size>
		<GaugeOffsetY>0</GaugeOffsetY>
		<Style_VScroll>false</Style_VScroll>
		<Style_HScroll>false</Style_HScroll>
		<Style_Transparent>false</Style_Transparent>
		<!--<TooltipReference/>-->
		<FillTint>
				<R>240</R>
				<G>240</G>
				<B>0</B>
		</FillTint>
		<LinesFillTint>
				<R>0</R>
				<G>220</G>
				<B>0</B>
		</LinesFillTint>
		<DrawLinesFill>false</DrawLinesFill>
		<EQType>3</EQType>
		<GaugeDrawTemplate>
			<Background>A_GaugeBackground</Background>
			<Fill>A_GaugeFill</Fill>
			<Lines>A_GaugeLines</Lines>
			<LinesFill>A_GaugeLinesFill</LinesFill>
			<EndCapLeft>A_GaugeEndCapLeft</EndCapLeft>
			<EndCapRight>A_GaugeEndCapRight</EndCapRight>
		</GaugeDrawTemplate>
	</Gauge>
	<Gauge item = "1Player_HP">
		<ScreenID>PlayerHP</ScreenID>
		<!--<Font>3</Font>-->
		<TextColor> <R>240</R> <G>240</G> <B>240</B> </TextColor>
		<RelativePosition>true</RelativePosition>
		<Location> <X>7</X> <Y>0</Y> </Location>
		<Size> <CX>108</CX> <CY>43</CY> </Size>
		<TextOffsetX>-100</TextOffsetX>
		<GaugeOffsetY>3</GaugeOffsetY>
		<Style_VScroll>false</Style_VScroll>
		<Style_HScroll>false</Style_HScroll>
		<Style_Transparent>false</Style_Transparent>
		<!--<TooltipReference/>-->
		<FillTint> <R>240</R> <G>0</G> <B>0</B> </FillTint>
		<LinesFillTint> <R>220</R> <G>220</G> <B>0</B> </LinesFillTint>
		<DrawLinesFill>false</DrawLinesFill>
		<EQType>1</EQType>
		<GaugeDrawTemplate>
			<Background>A_GaugeBackground</Background>
			<Fill>A_GaugeFill</Fill>
			<!--<Lines>A_GaugeLines</Lines>-->
			<!--<LinesFill>A_GaugeLinesFill</LinesFill>-->
			<EndCapLeft>A_GaugeEndCapLeft</EndCapLeft>
			<EndCapRight>A_GaugeEndCapRight</EndCapRight>
		</GaugeDrawTemplate>
	</Gauge>
	<Gauge item = "1Pet_HP">
		<ScreenID>PetHP</ScreenID>
		<!--<Font>3</Font>-->
		<TextColor> <R>0</R> <G>0</G> <B>0</B> </TextColor>
		<RelativePosition>true</RelativePosition>
		<Location> <X>11</X> <Y>9</Y> </Location>
		<Size> <CX>108</CX> <CY>2</CY> </Size>
		<TextOffsetY>-50</TextOffsetY>
		<GaugeOffsetY>-2</GaugeOffsetY>
		<Style_VScroll>false</Style_VScroll>
		<Style_HScroll>false</Style_HScroll>
		<Style_Transparent>false</Style_Transparent>
		<!--<TooltipReference/>-->
		<FillTint> <R>51</R> <G>192</G> <B>51</B> </FillTint>
		<LinesFillTint> <R>0</R> <G>0</G> <B>0</B> </LinesFillTint>
		<DrawLinesFill>false</DrawLinesFill>
		<EQType>16</EQType>
		<GaugeDrawTemplate>
			<Background>A_GaugeBackground</Background>
			<Fill>A_GaugeFill</Fill>
			<!--<Lines>A_GaugeLines</Lines>-->
			<LinesFill>A_GaugeLinesFill</LinesFill>
			<!--<EndCapLeft>A_GaugeEndCapLeft</EndCapLeft>-->
			<!--<EndCapRight>A_GaugeEndCapRight</EndCapRight>-->
		</GaugeDrawTemplate>
	</Gauge>
	<Label item ="1LabelHP">
		<ScreenID>HPLabel</ScreenID>
		<!--<Font>3</Font>-->
		<Font>2</Font>
		<RelativePosition>true</RelativePosition>
		<Location> <X>9</X> <Y>11</Y> </Location>
		<Size> <CX>72</CX> <CY>14</CY> </Size>
		<Text>HP</Text>
		<TextColor> <R>255</R> <G>255</G> <B>255</B> </TextColor>
		<NoWrap>true</NoWrap>
		<AlignCenter>false</AlignCenter>
		<AlignRight>false</AlignRight>
	</Label>
	<Label item ="1HPNumberCur">
		<Font>2</Font>
		<ScreenID>HPNumberLabel</ScreenID>
		<!--<Font>3</Font>-->
		<RelativePosition>true</RelativePosition>
		<Location> <X>37</X> <Y>11</Y> </Location>
		<Size> <CX>74</CX> <CY>14</CY> </Size>
		<Text>9999/9999</Text>
		<TextColor> <R>255</R> <G>255</G> <B>255</B> </TextColor>
		<EQType>17</EQType>
		<NoWrap>true</NoWrap>
		<AlignCenter>false</AlignCenter>
		<AlignRight>false</AlignRight>
	</Label>
	<Label item ="1HPSlash">
		<Font>2</Font>
		<ScreenID>HPSlash</ScreenID>
		<!--<Font>3</Font>-->
		<RelativePosition>true</RelativePosition>
		<Location> <X>37</X> <Y>11</Y> </Location>
		<Size> <CX>74</CX> <CY>14</CY> </Size>
		<Text>/</Text>
		<TextColor> <R>255</R> <G>255</G> <B>255</B> </TextColor>
		<NoWrap>true</NoWrap>
		<AlignCenter>true</AlignCenter>
		<AlignRight>false</AlignRight>
	</Label>
	<Label item ="1HPNumberMax">
		<Font>2</Font>
		<ScreenID>HPNumberLabel</ScreenID>
		<!--<Font>3</Font>-->
		<RelativePosition>true</RelativePosition>
		<Location> <X>37</X> <Y>11</Y> </Location>
		<Size> <CX>74</CX> <CY>14</CY> </Size>
		<Text>9999/9999</Text>
		<TextColor> <R>255</R> <G>255</G> <B>255</B> </TextColor>
		<EQType>18</EQType>
		<NoWrap>true</NoWrap>
		<AlignCenter>false</AlignCenter>
		<AlignRight>true</AlignRight>
	</Label>
	<Label item ="1LabelAC">
		<Font>2</Font>
		<ScreenID>ACLabel</ScreenID>
		<!--<Font>3</Font>-->
		<RelativePosition>true</RelativePosition>
		<Location> <X>9</X> <Y>23</Y> </Location>
		<Size> <CX>45</CX> <CY>14</CY> </Size>
		<Text>AC</Text>
		<TextColor> <R>255</R> <G>255</G> <B>255</B> </TextColor>
		<NoWrap>true</NoWrap>
		<AlignCenter>false</AlignCenter>
		<AlignRight>false</AlignRight>
	</Label>

	<Label item ="1PlayerAC">
		<Font>2</Font>
		<ScreenID>ACNumberLabel</ScreenID>
		<!--<Font>3</Font>-->
		<RelativePosition>true</RelativePosition>
		<Location> <X>9</X> <Y>23</Y> </Location>
		<Size> <CX>45</CX> <CY>14</CY> </Size>
		<Text>0</Text>
		<TextColor> <R>255</R> <G>255</G> <B>255</B> </TextColor>
		<EQType>22</EQType>
		<NoWrap>true</NoWrap>
		<AlignCenter>false</AlignCenter>
		<AlignRight>true</AlignRight>
	</Label>

	<Label item ="1LabelATK">
		<Font>2</Font>
		<ScreenID>ATKLabel</ScreenID>
		<!--<Font>3</Font>-->
		<RelativePosition>true</RelativePosition>
		<Location> <X>58</X> <Y>23</Y> </Location>
		<Size> <CX>53</CX> <CY>14</CY> </Size>
		<Text>ATK</Text>
		<TextColor> <R>255</R> <G>255</G> <B>255</B> </TextColor>
		<NoWrap>true</NoWrap>
		<AlignCenter>false</AlignCenter>
		<AlignRight>false</AlignRight>
	</Label>

	<Label item ="1PlayerAtk">
		<Font>2</Font>
		<ScreenID>ATKNumberLabel</ScreenID>
		<!--<Font>3</Font>-->
		<RelativePosition>true</RelativePosition>
		<Location> <X>58</X> <Y>23</Y> </Location>
		<Size> <CX>53</CX> <CY>14</CY> </Size>
		<Text>0</Text>
		<TextColor> <R>255</R> <G>255</G> <B>255</B> </TextColor>
		<EQType>23</EQType>
		<NoWrap>true</NoWrap>
		<AlignCenter>false</AlignCenter>
		<AlignRight>true</AlignRight>
	</Label>

	<Gauge item = "1Player_Mana">
		<ScreenID>PlayerMana</ScreenID>
		<!--<Font>3</Font>-->
		<RelativePosition>true</RelativePosition>
		<Location> <X>7</X> <Y>46</Y> </Location>
		<Size> <CX>108</CX> <CY>4</CY> </Size>
		<GaugeOffsetY>0</GaugeOffsetY>
		<Style_VScroll>false</Style_VScroll>
		<Style_HScroll>false</Style_HScroll>
		<Style_Transparent>false</Style_Transparent>
		<!--<TooltipReference/>-->
		<FillTint> <R>240</R> <G>240</G> <B>0</B> </FillTint>
		<LinesFillTint> <R>0</R> <G>220</G> <B>220</B> </LinesFillTint>
		<DrawLinesFill>false</DrawLinesFill>
		<EQType>3</EQType>
		<GaugeDrawTemplate>
			<Background>A_GaugeBackground</Background>
			<Fill>A_GaugeFill</Fill>
			<!--<Lines>A_GaugeLines</Lines>-->
			<!--<LinesFill>A_GaugeLinesFill</LinesFill>-->
			<EndCapLeft>A_GaugeEndCapLeft</EndCapLeft>
			<EndCapRight>A_GaugeEndCapRight</EndCapRight>
		</GaugeDrawTemplate>
	</Gauge>

	<Gauge item = "1Player_Fatigue">
		<ScreenID>PlayerFatigue</ScreenID>
		<!--<Font>3</Font>-->
		<RelativePosition>true</RelativePosition>
		<Location> <X>7</X> <Y>37</Y> </Location>
		<Size> <CX>108</CX> <CY>7</CY> </Size>
		<GaugeOffsetY>0</GaugeOffsetY>
		<Style_VScroll>false</Style_VScroll>
		<Style_HScroll>false</Style_HScroll>
		<Style_Transparent>false</Style_Transparent>
		<!--<TooltipReference/>-->
		<FillTint> <R>0</R> <G>0</G> <B>240</B> </FillTint>
		<LinesFillTint> <R>0</R> <G>0</G> <B>255</B> </LinesFillTint>
		<DrawLinesFill>false</DrawLinesFill>
		<EQType>2</EQType>
		<GaugeDrawTemplate>
			<Background>A_GaugeBackground</Background>
			<Fill>A_GaugeFill</Fill>
			<!--<Lines>A_GaugeLines</Lines>-->
			<!--<LinesFill>A_GaugeLinesFill</LinesFill>-->
			<EndCapLeft>A_GaugeEndCapLeft</EndCapLeft>
			<EndCapRight>A_GaugeEndCapRight</EndCapRight>
		</GaugeDrawTemplate>
	</Gauge>

	<Label item ="1Player_EXPLabel">
		<Font>2</Font>
		<ScreenID>Player_EXPLabel</ScreenID>
		<!--<Font>3</Font>-->
		<RelativePosition>true</RelativePosition>
		<Location> <X>9</X> <Y>49</Y> </Location>
		<Size> <CX>72</CX> <CY>14</CY> </Size>
		<Text>XP</Text>
		<TextColor> <R>255</R> <G>255</G> <B>255</B> </TextColor>
		<NoWrap>true</NoWrap>
		<AlignCenter>false</AlignCenter>
		<AlignRight>false</AlignRight>
	</Label>
	<Label item ="1Player_EXPPercent">
		<Font>2</Font>
		<ScreenID>Player_EXPPercent</ScreenID>
		<EQType>26</EQType>
		<RelativePosition>true</RelativePosition>
		<Location> <X>9</X> <Y>49</Y> </Location>
		<Size> <CX>35</CX> <CY>14</CY> </Size>
		<Text>0</Text>
		<TextColor> <R>255</R> <G>255</G> <B>0</B> </TextColor>
		<NoWrap>true</NoWrap>
		<AlignCenter>false</AlignCenter>
		<AlignRight>true</AlignRight>
		<AlignLeft>false</AlignLeft>
	</Label>
	<Label item ="1Player_EXPPercentLabel">
		<Font>2</Font>
		<!--<Font>3</Font>-->
		<RelativePosition>true</RelativePosition>
		<Location> <X>20</X> <Y>49</Y> </Location>
		<Size> <CX>35</CX> <CY>14</CY> </Size>
		<Text>%</Text>
		<TextColor> <R>255</R> <G>255</G> <B>0</B> </TextColor>
		<NoWrap>true</NoWrap>
		<AlignCenter>false</AlignCenter>
		<AlignRight>true</AlignRight>
		<AlignLeft>false</AlignLeft>
	</Label>
	<Label item ="1Player_AAEXPLabel">
		<Font>2</Font>
		<ScreenID>Player_AAEXPLabel</ScreenID>
		<!--<Font>3</Font>-->
		<RelativePosition>true</RelativePosition>
		<Location> <X>69</X> <Y>49</Y> </Location>
		<Size> <CX>72</CX> <CY>14</CY> </Size>
		<Text>AA</Text>
		<TextColor> <R>255</R> <G>255</G> <B>255</B> </TextColor>
		<NoWrap>true</NoWrap>
		<AlignCenter>false</AlignCenter>
		<AlignRight>false</AlignRight>
	</Label>
	<Label item ="1Player_AAEXPPercent">
		<Font>2</Font>
		<ScreenID>Player_AAEXPPercent</ScreenID>
		<EQType>27</EQType>
		<!--<Font>3</Font>-->
		<RelativePosition>true</RelativePosition>
		<Location> <X>69</X> <Y>49</Y> </Location>
		<Size> <CX>35</CX> <CY>14</CY> </Size>
		<Text>0</Text>
		<TextColor> <R>255</R> <G>255</G> <B>0</B> </TextColor>
		<NoWrap>true</NoWrap>
		<AlignCenter>false</AlignCenter>
		<AlignRight>true</AlignRight>
		<AlignLeft>false</AlignLeft>
	</Label>
	<Label item ="1Player_AAEXPPercentLabel">
		<Font>2</Font>
		<!--<Font>3</Font>-->
		<RelativePosition>true</RelativePosition>
		<Location> <X>80</X> <Y>49</Y> </Location>
		<Size> <CX>35</CX> <CY>14</CY> </Size>
		<Text>%</Text>
		<TextColor> <R>255</R> <G>255</G> <B>0</B> </TextColor>
		<NoWrap>true</NoWrap>
		<AlignCenter>false</AlignCenter>
		<AlignRight>true</AlignRight>
		<AlignLeft>false</AlignLeft>
	</Label>


	<Screen item = "PlayerWindow">
		<!--<ScreenID/>-->
		<RelativePosition>false</RelativePosition>
		<Location>
			<X>516</X>
			<Y>0</Y>
		</Location>
		<Size>
			<CX>122</CX>
			<CY>64</CY>
		</Size>
		<Text>Player</Text>
		<Style_VScroll>false</Style_VScroll>
		<Style_HScroll>false</Style_HScroll>
		<Style_Transparent>false</Style_Transparent>
		<TooltipReference>The Breath Meter</TooltipReference>
		<DrawTemplate>WDT_RoundedNoTitle</DrawTemplate>
		<Style_Titlebar>false</Style_Titlebar>
		<Style_Closebox>false</Style_Closebox>
		<Style_Minimizebox>false</Style_Minimizebox>
		<Style_Border>false</Style_Border>
		<Style_Sizable>false</Style_Sizable>
		<Pieces>Player_HP</Pieces>
		<Pieces>Player_Mana</Pieces>
		<Pieces>Player_Fatigue</Pieces>
		<Pieces>Pet_HP</Pieces>
		<Pieces>Player_HPLabel</Pieces>
		<Pieces>Player_HPPercLabel</Pieces>
		<Pieces>1LabelHP</Pieces>
		<Pieces>1HPNumberCur</Pieces>
		<Pieces>1HPSlash</Pieces>
		<Pieces>1HPNumberMax</Pieces>
		<Pieces>1LabelAC</Pieces>
		<Pieces>1PlayerAC</Pieces>
		<Pieces>1LabelATK</Pieces>
		<Pieces>1PlayerAtk</Pieces>
		<Pieces>1Player_HP</Pieces>
		<Pieces>1Pet_HP</Pieces>
		<Pieces>1Player_Mana</Pieces>
		<Pieces>1Player_Fatigue</Pieces>
		<Pieces>1Player_EXPLabel</Pieces>
		<Pieces>1Player_EXPPercent</Pieces>
		<Pieces>1Player_EXPPercentLabel</Pieces>
		<Pieces>1Player_AAEXPLabel</Pieces>
		<Pieces>1Player_AAEXPPercent</Pieces>
		<Pieces>1Player_AAEXPPercentLabel</Pieces>
		 <Pieces>A_AttackIndicatorAnim</Pieces>

	</Screen>

</XML>