<?xml version = "1.0"?>
<XML ID = "EQInterfaceDefinitionLanguage">
	<Schema xmlns = "EverQuestData" xmlns:dt = "EverQuestDataTypes"/>

	<Button item = "SDBW_Buff0_Button">
		<ScreenID>Buff0</ScreenID>
		<!--<Font>3</Font>-->
		<RelativePosition>true</RelativePosition>
		<Location>
			<X>3</X>
			<Y>3</Y>
		</Location>
		<Size>
			<CX>34</CX>
			<CY>34</CY>
		</Size>
		<Style_VScroll>false</Style_VScroll>
		<Style_HScroll>false</Style_HScroll>
		<Style_Transparent>false</Style_Transparent>
		<!--<TooltipReference/>   -->
		<Style_Checkbox>false</Style_Checkbox>
		<!--<RadioGroup/>   -->
		<ButtonDrawTemplate>
			<Normal>BlueIconBackground</Normal>
			<NormalDecal>BuffIcons</NormalDecal>
		</ButtonDrawTemplate>
		<!--  
			<SoundPressed/>
			<SoundUp/>
			<SoundFlyby/>
		-->
		<DecalOffset>
			<X>2</X>
			<Y>2</Y>
		</DecalOffset>
		<DecalSize>
			<CX>30</CX>
			<CY>30</CY>
		</DecalSize>
	</Button>

	<Button item = "SDBW_Buff1_Button">
		<ScreenID>Buff1</ScreenID>
		<!--<Font>3</Font>   -->
		<RelativePosition>true</RelativePosition>
		<Location>
			<X>48</X>
			<Y>3</Y>
		</Location>
		<Size>
			<CX>34</CX>
			<CY>34</CY>
		</Size>
		<Style_VScroll>false</Style_VScroll>
		<Style_HScroll>false</Style_HScroll>
		<Style_Transparent>false</Style_Transparent>
		<!--<TooltipReference/>   -->
		<Style_Checkbox>false</Style_Checkbox>
		<RadioGroup/>
		<ButtonDrawTemplate>
			<Normal>RedIconBackground</Normal>
			<NormalDecal>BuffIcons</NormalDecal>
		</ButtonDrawTemplate>
		<!--  		
			<SoundPressed/>
			<SoundUp/>
			<SoundFlyby/>
		-->
		<DecalOffset>
			<X>2</X>
			<Y>2</Y>
		</DecalOffset>
		<DecalSize>
			<CX>30</CX>
			<CY>30</CY>
		</DecalSize>
	</Button>

	<Button item = "SDBW_Buff2_Button">
		<ScreenID>Buff2</ScreenID>
		<!--<Font>3</Font>   -->
		<RelativePosition>true</RelativePosition>
		<Location>
			<X>93</X>
			<Y>3</Y>
		</Location>
		<Size>
			<CX>34</CX>
			<CY>34</CY>
		</Size>
		<Style_VScroll>false</Style_VScroll>
		<Style_HScroll>false</Style_HScroll>
		<Style_Transparent>false</Style_Transparent>
		<!--<TooltipReference/>   -->
		<Style_Checkbox>false</Style_Checkbox>
		<RadioGroup/>
		<ButtonDrawTemplate>
			<Normal>RedIconBackground</Normal>
			<NormalDecal>BuffIcons</NormalDecal>
		</ButtonDrawTemplate>
		<!--  
			<SoundPressed/>
			<SoundUp/>
			<SoundFlyby/>
		-->
		<DecalOffset>
			<X>2</X>
			<Y>2</Y>
		</DecalOffset>
		<DecalSize>
			<CX>30</CX>
			<CY>30</CY>
		</DecalSize>
	</Button>

	<Button item = "SDBW_Buff3_Button">
		<ScreenID>Buff3</ScreenID>
		<!--<Font>3</Font>   -->
		<RelativePosition>true</RelativePosition>
		<Location>
			<X>3</X>
			<Y>49</Y>
		</Location>
		<Size>
			<CX>34</CX>
			<CY>34</CY>
		</Size>
		<Style_VScroll>false</Style_VScroll>
		<Style_HScroll>false</Style_HScroll>
		<Style_Transparent>false</Style_Transparent>
		<!--<TooltipReference/>   -->
		<Style_Checkbox>false</Style_Checkbox>
		<RadioGroup/>
		<ButtonDrawTemplate>
			<Normal>BlueIconBackground</Normal>
			<NormalDecal>BuffIcons</NormalDecal>
		</ButtonDrawTemplate>
		<!-- Default and not used		
			<SoundPressed/>
			<SoundUp/>
			<SoundFlyby/>
		-->
		<DecalOffset>
			<X>2</X>
			<Y>2</Y>
		</DecalOffset>
		<DecalSize>
			<CX>30</CX>
			<CY>30</CY>
		</DecalSize>
	</Button>

	<Button item = "SDBW_Buff4_Button">
		<ScreenID>Buff4</ScreenID>
		<!--<Font>3</Font> Default -->
		<RelativePosition>true</RelativePosition>
		<Location>
			<X>48</X>
			<Y>49</Y>
		</Location>
		<Size>
			<CX>34</CX>
			<CY>34</CY>
		</Size>
		<Style_VScroll>false</Style_VScroll>
		<Style_HScroll>false</Style_HScroll>
		<Style_Transparent>false</Style_Transparent>
		<TooltipReference/>
		<Style_Checkbox>false</Style_Checkbox>
		<!--<RadioGroup/> Default -->
		<ButtonDrawTemplate>
			<Normal>RedIconBackground</Normal>
			<NormalDecal>BuffIcons</NormalDecal>
		</ButtonDrawTemplate>
		<!--Default
			<SoundPressed/>
			<SoundUp/>
			<SoundFlyby/>
		-->
		<DecalOffset>
			<X>2</X>
			<Y>2</Y>
		</DecalOffset>
		<DecalSize>
			<CX>30</CX>
			<CY>30</CY>
		</DecalSize>
	</Button>

	<Button item = "SDBW_Buff5_Button">
		<ScreenID>Buff5</ScreenID>
		<!--<Font>3</Font> Defautl -->
		<RelativePosition>true</RelativePosition>
		<Location>
			<X>93</X>
			<Y>49</Y>
		</Location>
		<Size>
			<CX>34</CX>
			<CY>34</CY>
		</Size>
		<Style_VScroll>false</Style_VScroll>
		<Style_HScroll>false</Style_HScroll>
		<Style_Transparent>false</Style_Transparent>
		<!--<TooltipReference/> Default -->
		<Style_Checkbox>false</Style_Checkbox>
		<!--<RadioGroup/> Default -->
		<ButtonDrawTemplate>
			<Normal>RedIconBackground</Normal>
			<NormalDecal>BuffIcons</NormalDecal>
		</ButtonDrawTemplate>
		<!-- 
			<SoundPressed/>
			<SoundUp/>
			<SoundFlyby/>
		-->
		<DecalOffset>
			<X>2</X>
			<Y>2</Y>
		</DecalOffset>
		<DecalSize>
			<CX>30</CX>
			<CY>30</CY>
		</DecalSize>
	</Button>


	<Screen item = "ShortDurationBuffWindow">
		<!--<ScreenID/>-->
		<Text>Songs</Text>
		<RelativePosition>false</RelativePosition>
		<Location>
			<X>315</X>
			<Y>0</Y>
		</Location>
		<Size>
			<CX>104</CX>
			<CY>395</CY>
		</Size>
		<Style_VScroll>false</Style_VScroll>
		<Style_HScroll>false</Style_HScroll>
		<Style_Transparent>true</Style_Transparent>
		<!--<TooltipReference/>-->
		<DrawTemplate>WDT_Def</DrawTemplate>
		<Style_Titlebar>false</Style_Titlebar>
		<Style_Closebox>true</Style_Closebox>
		<Style_Minimizebox>true</Style_Minimizebox>
		<Style_Border>true</Style_Border>
		<Style_Sizable>true</Style_Sizable>
		<Pieces>SDBW_Buff0_Button</Pieces>
		<Pieces>SDBW_Buff1_Button</Pieces>
		<Pieces>SDBW_Buff2_Button</Pieces>
		<Pieces>SDBW_Buff3_Button</Pieces>
		<Pieces>SDBW_Buff4_Button</Pieces>
		<Pieces>SDBW_Buff5_Button</Pieces>
	</Screen>

</XML>
