<?xml version = "1.0"?>
<XML ID = "EQInterfaceDefinitionLanguage">
	<Schema xmlns = "EverQuestData" xmlns:dt = "EverQuestDataTypes"/>

	<Gauge item = "Target_HP">
		<ScreenID>TargetHP</ScreenID>
		<Font>3</Font>
		<TextColor>
			<R>240</R>
			<G>240</G>
			<B>240</B>
		</TextColor>
		<RelativePosition>true</RelativePosition>
		<Location>
			<X>3</X>
			<Y>0</Y>
		</Location>
		<Size>
			<CX>0</CX>
			<CY>0</CY>
		</Size>
		<GaugeOffsetY>16</GaugeOffsetY>
		<TextOffsetX>8</TextOffsetX>
		<Style_VScroll>false</Style_VScroll>
		<Style_HScroll>false</Style_HScroll>
		<Style_Transparent>false</Style_Transparent>
		<TooltipReference/>
		<FillTint>
			<R>240</R>
			<G>0</G>
			<B>0</B>
		</FillTint>
		<LinesFillTint>
			<R>220</R>
			<G>220</G>
			<B>0</B>
		</LinesFillTint>
		<DrawLinesFill>false</DrawLinesFill>
		<EQType>6</EQType>
		<GaugeDrawTemplate>
			<Background>A_GaugeBackground</Background>
			<Fill>A_GaugeFill</Fill>
			<Lines>A_GaugeLines</Lines>
			<LinesFill>A_GaugeLinesFill</LinesFill>
			<EndCapLeft>A_GaugeEndCapLeft</EndCapLeft>
			<EndCapRight>A_GaugeEndCapRight</EndCapRight>
		</GaugeDrawTemplate>
	</Gauge>

	<Label item ="Target_HPLabel">
		<ScreenID>HPLabel</ScreenID>
		<EQType>29</EQType>
		<RelativePosition>true</RelativePosition>
		<Location>
			<X>3</X>
			<Y>12</Y>
		</Location>
		<Size>
			<CX>0</CX>
			<CY>0</CY>
		</Size>
		<Text>Playername123456</Text>
		<TextColor>
				<R>255</R>
				<G>255</G>
				<B>255</B>
		</TextColor>
		<NoWrap>true</NoWrap>
		<AlignCenter>false</AlignCenter>
		<AlignRight>true</AlignRight>
	</Label>

	<Label item ="Target_HPPercLabel">
		<ScreenID>HPPercLabel</ScreenID>
		<RelativePosition>true</RelativePosition>
		<Location>
			<X>64</X>
			<Y>15</Y>
		</Location>
		<Size>
			<CX>0</CX>
			<CY>0</CY>
		</Size>
		<Text>%</Text>
		<TextColor>
				<R>255</R>
				<G>255</G>
				<B>255</B>
		</TextColor>
		<NoWrap>true</NoWrap>
		<AlignCenter>false</AlignCenter>
		<AlignRight>false</AlignRight>
	</Label>
	<Gauge item = "1Target_HP">
		<ScreenID>TargetHP</ScreenID>
		<Font>2</Font>
		<TextColor> <R>0</R> <G>240</G> <B>0</B> </TextColor>
		<RelativePosition>true</RelativePosition>
		<Location> <X>7</X> <Y>3</Y> </Location>
		<Size> <CX>108</CX> <CY>24</CY> </Size>
		<GaugeOffsetY>14</GaugeOffsetY>
		<TextOffsetX>0</TextOffsetX>
		<Style_VScroll>false</Style_VScroll>
		<Style_HScroll>false</Style_HScroll>
		<Style_Transparent>false</Style_Transparent>
		<TooltipReference/>
		<FillTint> <R>200</R> <G>0</G> <B>200</B> </FillTint>
		<LinesFillTint> <R>220</R> <G>220</G> <B>0</B> </LinesFillTint>
		<DrawLinesFill>false</DrawLinesFill>
		<EQType>6</EQType>
		<GaugeDrawTemplate>
			<Background>A_GaugeBackground</Background>
			<Fill>A_GaugeFill</Fill>
			<Lines>A_GaugeLines</Lines>
			<LinesFill>A_GaugeLinesFill</LinesFill>
			<EndCapLeft>A_GaugeEndCapLeft</EndCapLeft>
			<EndCapRight>A_GaugeEndCapRight</EndCapRight>
		</GaugeDrawTemplate>
	</Gauge>
	<Label item ="1Player_HPLabel">
		<Font>2</Font>
		<ScreenID>Target_Percent</ScreenID>
		<EQType>29</EQType>
		<RelativePosition>true</RelativePosition>
		<Location> <X>69</X> <Y>27</Y> </Location>
		<Size> <CX>35</CX> <CY>14</CY> </Size>
		<Text>0</Text>
		<TextColor> <R>0</R> <G>255</G> <B>0</B> </TextColor>
		<NoWrap>true</NoWrap>
		<AlignCenter>false</AlignCenter>
		<AlignRight>true</AlignRight>
		<AlignLeft>false</AlignLeft>
	</Label>
	<Label item ="1Player_HPPercLabel">
		<Font>2</Font>
		<!--<Font>3</Font>-->
		<RelativePosition>true</RelativePosition>
		<Location> <X>89</X> <Y>27</Y> </Location>
		<Size> <CX>25</CX> <CY>14</CY> </Size>
		<Text>%</Text>
		<TextColor> <R>0</R> <G>255</G> <B>0</B> </TextColor>
		<NoWrap>true</NoWrap>
		<AlignCenter>false</AlignCenter>
		<AlignRight>true</AlignRight>
		<AlignLeft>false</AlignLeft>
	</Label>
	<Gauge item = "Target_Player_HP">
		<ScreenID>Target_Player_HP</ScreenID>
		<!--<Font>3</Font>-->
		<TextColor> <R>240</R> <G>240</G> <B>240</B> </TextColor>
		<RelativePosition>true</RelativePosition>
		<Location> <X>7</X> <Y>25</Y> </Location>
		<Size> <CX>0</CX> <CY>0</CY> </Size>
		<TextOffsetX>1000</TextOffsetX>
		<GaugeOffsetY>3</GaugeOffsetY>
		<Style_VScroll>false</Style_VScroll>
		<Style_HScroll>false</Style_HScroll>
		<Style_Transparent>false</Style_Transparent>
		<!--<TooltipReference/>-->
		<FillTint> <R>240</R> <G>0</G> <B>0</B> </FillTint>
		<LinesFillTint> <R>220</R> <G>220</G> <B>0</B> </LinesFillTint>
		<DrawLinesFill>false</DrawLinesFill>
		<EQType>1</EQType>
		<GaugeDrawTemplate>
			<Background>A_GaugeBackground</Background>
			<Fill>A_GaugeFill</Fill>
			<!--<Lines>A_GaugeLines</Lines>-->
			<!--<LinesFill>A_GaugeLinesFill</LinesFill>-->
			<EndCapLeft>A_GaugeEndCapLeft</EndCapLeft>
			<EndCapRight>A_GaugeEndCapRight</EndCapRight>
		</GaugeDrawTemplate>
	</Gauge>
	<Label item ="Target_Player_Percent">
		<Font>2</Font>
		<ScreenID>Target_Player_Percent</ScreenID>
		<EQType>19</EQType>
		<RelativePosition>true</RelativePosition>
		<Location> <X>-8</X> <Y>27</Y> </Location>
		<Size> <CX>35</CX> <CY>15</CY> </Size>
		<Text>0</Text>
		<TextColor> <R>255</R> <G>255</G> <B>0</B> </TextColor>
		<NoWrap>true</NoWrap>
		<AlignCenter>false</AlignCenter>
		<AlignRight>true</AlignRight>
		<AlignLeft>false</AlignLeft>
	</Label>
	<Label item ="Target_Player_PercentLabel">
		<Font>2</Font>
		<!--<Font>3</Font>-->
		<RelativePosition>true</RelativePosition>
		<Location> <X>12</X> <Y>27</Y> </Location>
		<Size> <CX>25</CX> <CY>15</CY> </Size>
		<Text>%</Text>
		<TextColor> <R>255</R> <G>255</G> <B>0</B> </TextColor>
		<NoWrap>true</NoWrap>
		<AlignCenter>false</AlignCenter>
		<AlignRight>true</AlignRight>
		<AlignLeft>false</AlignLeft>
	</Label>
	
	<Gauge item = "Casting_Gauge3">
		<ScreenID>Gauge</ScreenID>
		<!--<Font>3</Font> -->
		<RelativePosition>true</RelativePosition>
		<Location>
			<X>7</X>
			<Y>22</Y>
		</Location>
		<Size>
			<CX>116</CX>
			<CY>6</CY>
		</Size>
		<GaugeOffsetY>0</GaugeOffsetY>
		<Style_VScroll>false</Style_VScroll>
		<Style_HScroll>false</Style_HScroll>
		<Style_Transparent>false</Style_Transparent>
		<!--<TooltipReference/>-->
		<FillTint>
				<R>0</R>
				<G>250</G>
				<B>250</B>
		</FillTint>
		<LinesFillTint>
				<R>0</R>
				<G>0</G>
				<B>255</B>
		</LinesFillTint>
		<DrawLinesFill>false</DrawLinesFill>
		<EQType>7</EQType>
		<GaugeDrawTemplate>
			<Background>A_GaugeBackground</Background>
			<Fill>A_GaugeFill</Fill>
			<!--<Lines>A_GaugeLines</Lines>-->
			<!--<LinesFill>A_GaugeLinesFill</LinesFill>-->
			<EndCapLeft>A_GaugeEndCapLeft</EndCapLeft>
			<EndCapRight>A_GaugeEndCapRight</EndCapRight>
		</GaugeDrawTemplate>
	</Gauge>
	<TextureInfo item = "TargetBox.tga">
		<Size>
			<CX>200</CX>
			<CY>100</CY>
		</Size>
	</TextureInfo>
	<Label item ="Player_ManaPercent">
		<Font>2</Font>
		<ScreenID>Player_ManaPercent</ScreenID>
		<EQType>20</EQType>
		<RelativePosition>true</RelativePosition>
		<Location> <X>31</X> <Y>27</Y> </Location>
		<Size> <CX>35</CX> <CY>14</CY> </Size>
		<Text>0</Text>
		<TextColor> <R>0</R> <G>255</G> <B>255</B> </TextColor>
		<NoWrap>true</NoWrap>
		<AlignCenter>false</AlignCenter>
		<AlignRight>true</AlignRight>
		<AlignLeft>false</AlignLeft>
	</Label>
	<Label item ="Player_ManaPercentLabel">
		<Font>2</Font>
		<!--<Font>3</Font>-->
		<RelativePosition>true</RelativePosition>
		<Location> <X>41</X> <Y>27</Y> </Location>
		<Size> <CX>35</CX> <CY>14</CY> </Size>
		<Text>%</Text>
		<TextColor> <R>0</R> <G>255</G> <B>255</B> </TextColor>
		<NoWrap>true</NoWrap>
		<AlignCenter>false</AlignCenter>
		<AlignRight>true</AlignRight>
		<AlignLeft>false</AlignLeft>
	</Label>


	
	<Ui2DAnimation item = "A_TargetBox">
		<Cycle>false</Cycle>
		<Frames>
			<Texture>TargetBox.tga</Texture>
			<Location>
				<X>20</X>
				<Y>20</Y>
			</Location>
			<Size>
				<CX>134</CX>
				<CY>27</CY>
			</Size>
		</Frames>
	</Ui2DAnimation>

	<StaticAnimation item = "A_TargetBoxStaticAnim">
		<ScreenID>A_TargetBoxStaticAnim</ScreenID>
		<Animation>A_TargetBox</Animation>
	</StaticAnimation>

	<Screen item = "TargetWindow">
		<ScreenID/>
		<RelativePosition>false</RelativePosition>
		<Location>
			<X>516</X>
			<Y>242</Y>
		</Location>
		<Size>
			<CX>122</CX>
			<CY>43</CY>
		</Size>
		<Text>Target</Text>
		<Style_VScroll>false</Style_VScroll>
		<Style_HScroll>false</Style_HScroll>
		<Style_Transparent>false</Style_Transparent>
		<TooltipReference>Your Current Target</TooltipReference>
		<DrawTemplate>WDT_RoundedNoTitle</DrawTemplate>
		<Style_Titlebar>false</Style_Titlebar>
		<Style_Closebox>false</Style_Closebox>
		<Style_Minimizebox>false</Style_Minimizebox>
		<Style_Border>false</Style_Border>
		<Style_Sizable>false</Style_Sizable>
		<Pieces>A_TargetBoxStaticAnim</Pieces>
		<Pieces>1Target_HP</Pieces>
		<Pieces>1Player_HPLabel</Pieces>
		<Pieces>1Player_HPPercLabel</Pieces>
		<Pieces>Target_HP</Pieces>
		<Pieces>Target_HPLabel</Pieces>
		<Pieces>Target_HPPercLabel</Pieces>
		<Pieces>Target_Player_Percent</Pieces>
		<Pieces>Target_Player_PercentLabel</Pieces>
		<Pieces>Casting_Gauge3</Pieces>
		<Pieces>Player_ManaPercent</Pieces>
		<Pieces>Player_ManaPercentLabel</Pieces>

	

	</Screen>

</XML>