<?xml version = "1.0"?>
<XML ID = "EQInterfaceDefinitionLanguage">
	<Schema xmlns = "EverQuestData" xmlns:dt = "EverQuestDataTypes"/>

	<Label item ="BIGB_BankerName">
		<ScreenID>BIGB_BankerName</ScreenID>
		<!--<Font>3</Font>-->
		<RelativePosition>true</RelativePosition>
		<Location>
			<X>0</X>
			<Y>1</Y>
		</Location>
		<Size>
			<CX>180</CX>
			<CY>40</CY>
		</Size>
		<Text>Banker Name</Text>
		<TextColor>
				<R>255</R>
				<G>255</G>
				<B>255</B>
		</TextColor>
		<NoWrap>false</NoWrap>
		<AlignCenter>true</AlignCenter>
		<AlignRight>false</AlignRight>
	</Label>
	<InvSlot item = "BIGB_BankSlot0">
		<ScreenID>BIGB_BankSlot0</ScreenID>
		<!--<Font>3</Font>-->
		<RelativePosition>true</RelativePosition>
		<Location>
			<X>10</X>
			<Y>32</Y>
		</Location>
		<Size>
			<CX>40</CX>
			<CY>40</CY>
		</Size>
		<Background>A_RecessedBox</Background>
		<EQType>2000</EQType>
		<ItemOffsetX>2</ItemOffsetX>
		<ItemOffsetY>2</ItemOffsetY>
	</InvSlot>
	<InvSlot item = "BIGB_BankSlot1">
		<ScreenID>BIGB_BankSlot1</ScreenID>
		<!--<Font>3</Font>-->
		<RelativePosition>true</RelativePosition>
		<Location>
			<X>10</X>
			<Y>72</Y>
		</Location>
		<Size>
			<CX>40</CX>
			<CY>40</CY>
		</Size>
		<Background>A_RecessedBox</Background>
		<EQType>2001</EQType>
		<ItemOffsetX>2</ItemOffsetX>
		<ItemOffsetY>2</ItemOffsetY>
	</InvSlot>
	<InvSlot item = "BIGB_BankSlot2">
		<ScreenID>BIGB_BankSlot2</ScreenID>
		<!--<Font>3</Font>-->
		<RelativePosition>true</RelativePosition>
		<Location>
			<X>10</X>
			<Y>112</Y>
		</Location>
		<Size>
			<CX>40</CX>
			<CY>40</CY>
		</Size>
		<Background>A_RecessedBox</Background>
		<EQType>2002</EQType>
		<ItemOffsetX>2</ItemOffsetX>
		<ItemOffsetY>2</ItemOffsetY>
	</InvSlot>
	<InvSlot item = "BIGB_BankSlot3">
		<ScreenID>BIGB_BankSlot3</ScreenID>
		<!--<Font>3</Font>-->	
		<RelativePosition>true</RelativePosition>
		<Location>
			<X>10</X>
			<Y>152</Y>
		</Location>
		<Size>
			<CX>40</CX>
			<CY>40</CY>
		</Size>
		<Background>A_RecessedBox</Background>
		<EQType>2003</EQType>
		<ItemOffsetX>2</ItemOffsetX>
		<ItemOffsetY>2</ItemOffsetY>
	</InvSlot>

	<InvSlot item = "BIGB_BankSlot4">
		<ScreenID>BIGB_BankSlot4</ScreenID>
		<!--<Font>3</Font>-->
		<RelativePosition>true</RelativePosition>
		<Location>
			<X>50</X>
			<Y>32</Y>
		</Location>
		<Size>
			<CX>40</CX>
			<CY>40</CY>
		</Size>
		<Background>A_RecessedBox</Background>
		<EQType>2004</EQType>
		<ItemOffsetX>2</ItemOffsetX>
		<ItemOffsetY>2</ItemOffsetY>
	</InvSlot>
	<InvSlot item = "BIGB_BankSlot5">
		<ScreenID>BIGB_BankSlot5</ScreenID>
		<!--<Font>3</Font>-->
		<RelativePosition>true</RelativePosition>
		<Location>
			<X>50</X>
			<Y>72</Y>
		</Location>
		<Size>
			<CX>40</CX>
			<CY>40</CY>
		</Size>
		<Background>A_RecessedBox</Background>
		<EQType>2005</EQType>
		<ItemOffsetX>2</ItemOffsetX>
		<ItemOffsetY>2</ItemOffsetY>
	</InvSlot>
	<InvSlot item = "BIGB_BankSlot6">
		<ScreenID>BIGB_BankSlot6</ScreenID>
		<!--<Font>3</Font>-->
		<RelativePosition>true</RelativePosition>
		<Location>
			<X>50</X>
			<Y>112</Y>
		</Location>
		<Size>
			<CX>40</CX>
			<CY>40</CY>
		</Size>
		<Background>A_RecessedBox</Background>
		<EQType>2006</EQType>
		<ItemOffsetX>2</ItemOffsetX>
		<ItemOffsetY>2</ItemOffsetY>
	</InvSlot>
	<InvSlot item = "BIGB_BankSlot7">
		<ScreenID>BIGB_BankSlot7</ScreenID>
		<!--<Font>3</Font>-->
		<RelativePosition>true</RelativePosition>
		<Location>
			<X>50</X>
			<Y>152</Y>
		</Location>
		<Size>
			<CX>40</CX>
			<CY>40</CY>
		</Size>
		<Background>A_RecessedBox</Background>
		<EQType>2007</EQType>
		<ItemOffsetX>2</ItemOffsetX>
		<ItemOffsetY>2</ItemOffsetY>
	</InvSlot>

	<InvSlot item = "BIGB_BankSlot8">
		<ScreenID>BIGB_BankSlot8</ScreenID>
		<!--<Font>3</Font>-->
		<RelativePosition>true</RelativePosition>
		<Location>
			<X>90</X>
			<Y>32</Y>
		</Location>
		<Size>
			<CX>40</CX>
			<CY>40</CY>
		</Size>
		<Background>A_RecessedBox</Background>
		<EQType>2008</EQType>
		<ItemOffsetX>2</ItemOffsetX>
		<ItemOffsetY>2</ItemOffsetY>
	</InvSlot>
	<InvSlot item = "BIGB_BankSlot9">
		<ScreenID>BIGB_BankSlot9</ScreenID>
		<!--<Font>3</Font>-->
		<RelativePosition>true</RelativePosition>
		<Location>
			<X>90</X>
			<Y>72</Y>
		</Location>
		<Size>
			<CX>40</CX>
			<CY>40</CY>
		</Size>
		<Background>A_RecessedBox</Background>
		<EQType>2009</EQType>
		<ItemOffsetX>2</ItemOffsetX>
		<ItemOffsetY>2</ItemOffsetY>
	</InvSlot>
	<InvSlot item = "BIGB_BankSlot10">
		<ScreenID>BIGB_BankSlot10</ScreenID>
		<!--<Font>3</Font>-->
		<RelativePosition>true</RelativePosition>
		<Location>
			<X>90</X>
			<Y>112</Y>
		</Location>
		<Size>
			<CX>40</CX>
			<CY>40</CY>
		</Size>
		<Background>A_RecessedBox</Background>
		<EQType>2010</EQType>
		<ItemOffsetX>2</ItemOffsetX>
		<ItemOffsetY>2</ItemOffsetY>
	</InvSlot>
	<InvSlot item = "BIGB_BankSlot11">
		<ScreenID>BIGB_BankSlot11</ScreenID>
		<!--<Font>3</Font>-->	
		<RelativePosition>true</RelativePosition>
		<Location>
			<X>90</X>
			<Y>152</Y>
		</Location>
		<Size>
			<CX>40</CX>
			<CY>40</CY>
		</Size>
		<Background>A_RecessedBox</Background>
		<EQType>2011</EQType>
		<ItemOffsetX>2</ItemOffsetX>
		<ItemOffsetY>2</ItemOffsetY>
	</InvSlot>

	<InvSlot item = "BIGB_BankSlot12">
		<ScreenID>BIGB_BankSlot12</ScreenID>
		<!--<Font>3</Font>-->
		<RelativePosition>true</RelativePosition>
		<Location>
			<X>130</X>
			<Y>32</Y>
		</Location>
		<Size>
			<CX>40</CX>
			<CY>40</CY>
		</Size>
		<Background>A_RecessedBox</Background>
		<EQType>2012</EQType>
		<ItemOffsetX>2</ItemOffsetX>
		<ItemOffsetY>2</ItemOffsetY>
	</InvSlot>
	<InvSlot item = "BIGB_BankSlot13">
		<ScreenID>BIGB_BankSlot13</ScreenID>
		<!--<Font>3</Font>-->
		<RelativePosition>true</RelativePosition>
		<Location>
			<X>130</X>
			<Y>72</Y>
		</Location>
		<Size>
			<CX>40</CX>
			<CY>40</CY>
		</Size>
		<Background>A_RecessedBox</Background>
		<EQType>2013</EQType>
		<ItemOffsetX>2</ItemOffsetX>
		<ItemOffsetY>2</ItemOffsetY>
	</InvSlot>
	<InvSlot item = "BIGB_BankSlot14">
		<ScreenID>BIGB_BankSlot14</ScreenID>
		<!--<Font>3</Font>-->
		<RelativePosition>true</RelativePosition>
		<Location>
			<X>130</X>
			<Y>112</Y>
		</Location>
		<Size>
			<CX>40</CX>
			<CY>40</CY>
		</Size>
		<Background>A_RecessedBox</Background>
		<EQType>2014</EQType>
		<ItemOffsetX>2</ItemOffsetX>
		<ItemOffsetY>2</ItemOffsetY>
	</InvSlot>
	<InvSlot item = "BIGB_BankSlot15">
		<ScreenID>BIGB_BankSlot15</ScreenID>
		<!--<Font>3</Font>-->
		<RelativePosition>true</RelativePosition>
		<Location>
			<X>130</X>
			<Y>152</Y>
		</Location>
		<Size>
			<CX>40</CX>
			<CY>40</CY>
		</Size>
		<Background>A_RecessedBox</Background>
		<EQType>2015</EQType>
		<ItemOffsetX>2</ItemOffsetX>
		<ItemOffsetY>2</ItemOffsetY>
	</InvSlot>

	<Button item = "BIGB_Money0">
		<ScreenID>BIGB_Money0</ScreenID>
		<!--<Font>3</Font>-->
		<RelativePosition>true</RelativePosition>
		<Location>
			<X>7</X>
			<Y>197</Y>
		</Location>
		<Size>
			<CX>167</CX>
			<CY>24</CY>
		</Size>
		<Style_Transparent>false</Style_Transparent>
		<TooltipReference>Drop coins here or click to pick up Platinum</TooltipReference>
		<Style_Checkbox>false</Style_Checkbox>
		<!--<RadioGroup/>-->
		<Text>60000</Text>
		<TextColor>
				<R>255</R>
				<G>255</G>
				<B>255</B>
		</TextColor>
		<ButtonDrawTemplate>
			<Normal>A_RecessedBox</Normal>
			<NormalDecal>A_PlatinumCoin</NormalDecal>
		</ButtonDrawTemplate>
		<DecalOffset>
			<X>2</X>
			<Y>2</Y>
		</DecalOffset>
		<DecalSize>
			<CX>18</CX>
			<CY>18</CY>
		</DecalSize>
	</Button>
	<Button item = "BIGB_Money1">
		<ScreenID>BIGB_Money1</ScreenID>
		<!--<Font>3</Font>-->
		<RelativePosition>true</RelativePosition>
		<Location>
			<X>7</X>
			<Y>221</Y>
		</Location>
		<Size>
			<CX>82</CX>
			<CY>24</CY>
		</Size>
		<Style_Transparent>false</Style_Transparent>
		<TooltipReference>Drop coins here or click to pick up Gold</TooltipReference>
		<Style_Checkbox>false</Style_Checkbox>
		<!--<RadioGroup/>-->
		<Text>60000</Text>
		<TextColor>
				<R>255</R>
				<G>255</G>
				<B>255</B>
		</TextColor>
		<ButtonDrawTemplate>
			<Normal>A_RecessedBox</Normal>
			<NormalDecal>A_GoldCoin</NormalDecal>
		</ButtonDrawTemplate>
		<!--  
			<SoundPressed/>
			<SoundUp/>
			<SoundFlyby/>
		-->
		<DecalOffset>
			<X>2</X>
			<Y>2</Y>
		</DecalOffset>
		<DecalSize>
			<CX>18</CX>
			<CY>18</CY>
		</DecalSize>
	</Button>
	<Button item = "BIGB_Money2">
		<ScreenID>BIGB_Money2</ScreenID>
		<!--<Font>3</Font>-->
		<RelativePosition>true</RelativePosition>
		<Location>
			<X>7</X>
			<Y>245</Y>
		</Location>
		<Size>
			<CX>82</CX>
			<CY>24</CY>
		</Size>
		<Style_Transparent>false</Style_Transparent>
		<TooltipReference>Drop coins here or click to pick up Silver</TooltipReference>
		<Style_Checkbox>false</Style_Checkbox>
		<!--<RadioGroup/>-->
		<Text>60000</Text>
		<TextColor>
				<R>255</R>
				<G>255</G>
				<B>255</B>
		</TextColor>
		<ButtonDrawTemplate>
			<Normal>A_RecessedBox</Normal>
			<NormalDecal>A_SilverCoin</NormalDecal>
		</ButtonDrawTemplate>
		<!-- 
			<SoundPressed/>
			<SoundUp/>
			<SoundFlyby/>
		-->
		<DecalOffset>
			<X>2</X>
			<Y>2</Y>
		</DecalOffset>
		<DecalSize>
			<CX>18</CX>
			<CY>18</CY>
		</DecalSize>
	</Button>
	<Button item = "BIGB_Money3">
		<ScreenID>BIGB_Money3</ScreenID>
		<!--<Font>3</Font>-->
		<RelativePosition>true</RelativePosition>
		<Location>
			<X>7</X>
			<Y>269</Y>
		</Location>
		<Size>
			<CX>82</CX>
			<CY>24</CY>
		</Size>
		<Style_Transparent>false</Style_Transparent>
		<TooltipReference>Drop coins here or click to pick up Copper</TooltipReference>
		<Style_Checkbox>false</Style_Checkbox>
		<!--<RadioGroup/>-->
		<Text>60000</Text>
		<TextColor>
				<R>255</R>
				<G>255</G>
				<B>255</B>
		</TextColor>
		<ButtonDrawTemplate>
			<Normal>A_RecessedBox</Normal>
			<NormalDecal>A_CopperCoin</NormalDecal>
		</ButtonDrawTemplate>
		<!-- 
			<SoundPressed/>
			<SoundUp/>
			<SoundFlyby/>
		-->
		<DecalOffset>
			<X>2</X>
			<Y>2</Y>
		</DecalOffset>
		<DecalSize>
			<CX>18</CX>
			<CY>18</CY>
		</DecalSize>
	</Button>

	<Button item = "BIGB_DoneButton">
		<ScreenID>DoneButton</ScreenID>
		<!--<Font>3</Font>-->
		<RelativePosition>true</RelativePosition>
		<Location>
			<X>70</X>
			<Y>297</Y>
		</Location>
		<Size>
			<CX>100</CX>
			<CY>24</CY>
		</Size>
		<Style_Transparent>false</Style_Transparent>
		<!--<TooltipReference/>-->
		<Style_Checkbox>false</Style_Checkbox>
		<!--<RadioGroup/>-->
		<Text>Done</Text>
		<TextColor>
			<R>255</R>
			<G>255</G>
			<B>255</B>
		</TextColor>
		<ButtonDrawTemplate>
			<Normal>A_BtnNormal</Normal>
			<Pressed>A_BtnPressed</Pressed>
			<Flyby>A_BtnFlyby</Flyby>
			<Disabled>A_BtnDisabled</Disabled>
			<PressedFlyby>A_BtnPressedFlyby</PressedFlyby>
		</ButtonDrawTemplate>
	</Button>
	<InvSlot item="BIGB_SharedBankSlot0">
    <ScreenID>BIGB_SharedBankSlot0</ScreenID>
    <!--<Font>3</Font>-->
    <RelativePosition>true</RelativePosition>
    <Location>
      <X>89</X>
      <Y>246</Y>
    </Location>
    <Size>
      <CX>40</CX>
      <CY>40</CY>
    </Size>
    <Background>A_RecessedBox</Background>
    <EQType>2500</EQType>
    <ItemOffsetX>2</ItemOffsetX>
    <ItemOffsetY>2</ItemOffsetY>
  </InvSlot>
  <InvSlot item="BIGB_SharedBankSlot1">
    <ScreenID>BIGB_SharedBankSlot1</ScreenID>
    <!--<Font>3</Font>-->
    <RelativePosition>true</RelativePosition>
    <Location>
      <X>130</X>
      <Y>246</Y>
    </Location>
    <Size>
      <CX>40</CX>
      <CY>40</CY>
    </Size>
    <Background>A_RecessedBox</Background>
    <EQType>2501</EQType>
    <ItemOffsetX>2</ItemOffsetX>
    <ItemOffsetY>2</ItemOffsetY>
  </InvSlot>

	<Label item="BIGB_SharedBankLabel">
    <ScreenID>BIGB_SharedBankLabel</ScreenID>
    <Font>2</Font>
    <Text>Shared Bank</Text>
    <TextColor>
      <R>255</R>
      <G>255</G>
      <B>255</B>
    </TextColor>
    <Size>
      <CX>80</CX>
      <CY>17</CY>
    </Size>
    <AlignCenter>true</AlignCenter>
    <Location>
      <X>90</X>
      <Y>284</Y>
    </Location>
  </Label>
<Button item="BIGB_SharedMoney0">
    <ScreenID>BIGB_SharedMoney0</ScreenID>
    <!--<Font>3</Font>-->
    <RelativePosition>true</RelativePosition>
    <Location>
      <X>88</X>
      <Y>221</Y>
    </Location>
    <Size>
      <CX>84</CX>
      <CY>24</CY>
    </Size>
    <Style_Transparent>false</Style_Transparent>
    <TooltipReference>Drop coins here or click to pick up Platinum</TooltipReference>
    <Style_Checkbox>false</Style_Checkbox>
    <!--<RadioGroup/>-->
    <Text>60000</Text>
    <TextColor>
      <R>255</R>
      <G>255</G>
      <B>255</B>
    </TextColor>
    <ButtonDrawTemplate>
      <Normal>A_RecessedBox</Normal>
      <NormalDecal>A_PlatinumCoin</NormalDecal>
    </ButtonDrawTemplate>
    <DecalOffset>
      <X>2</X>
      <Y>2</Y>
    </DecalOffset>
    <DecalSize>
      <CX>18</CX>
      <CY>18</CY>
    </DecalSize>
  </Button>
	<Button item="BIGB_ChangeButton">
    <ScreenID>ChangeButton</ScreenID>
    <!--<Font>3</Font>-->
    <RelativePosition>true</RelativePosition>
    <Location>
      <X>7</X>
      <Y>297</Y>
    </Location>
    <Size>
      <CX>63</CX>
      <CY>24</CY>
    </Size>
    <Style_Transparent>false</Style_Transparent>
    <!--<TooltipReference/>-->
    <Style_Checkbox>false</Style_Checkbox>
    <!--<RadioGroup/>-->
    <Text>Change</Text>
    <TextColor>
      <R>255</R>
      <G>255</G>
      <B>255</B>
    </TextColor>
    <ButtonDrawTemplate>
      <Normal>A_BtnNormal</Normal>
      <Pressed>A_BtnPressed</Pressed>
      <Flyby>A_BtnFlyby</Flyby>
      <Disabled>A_BtnDisabled</Disabled>
      <PressedFlyby>A_BtnPressedFlyby</PressedFlyby>
    </ButtonDrawTemplate>
  </Button>

	<Screen item = "BigBankWnd">
		<!--<ScreenID/>-->
		<!--<Font/>-->
		<RelativePosition>false</RelativePosition>
		<Location>
			<X>0</X>
			<Y>25</Y>
		</Location>
		<Size>
			<CX>185</CX>
			<CY>345</CY>
		</Size>
		<Text>Bank</Text>
		<Style_Transparent>false</Style_Transparent>
		<!--<TooltipReference/>-->
		<DrawTemplate>WDT_Rounded</DrawTemplate>
		<Style_Titlebar>true</Style_Titlebar>
		<Style_Closebox>true</Style_Closebox>
		<Style_Minimizebox>false</Style_Minimizebox>
		<Style_Border>true</Style_Border>
		<Style_Sizable>false</Style_Sizable>
		<Pieces>BIGB_BankerName</Pieces>
		<Pieces>BIGB_BankSlot0</Pieces>
		<Pieces>BIGB_BankSlot1</Pieces>
		<Pieces>BIGB_BankSlot2</Pieces>
		<Pieces>BIGB_BankSlot3</Pieces>
		<Pieces>BIGB_BankSlot4</Pieces>
		<Pieces>BIGB_BankSlot5</Pieces>
		<Pieces>BIGB_BankSlot6</Pieces>
		<Pieces>BIGB_BankSlot7</Pieces>
		<Pieces>BIGB_BankSlot8</Pieces>
		<Pieces>BIGB_BankSlot9</Pieces>
		<Pieces>BIGB_BankSlot10</Pieces>
		<Pieces>BIGB_BankSlot11</Pieces>
		<Pieces>BIGB_BankSlot12</Pieces>
		<Pieces>BIGB_BankSlot13</Pieces>
		<Pieces>BIGB_BankSlot14</Pieces>
		<Pieces>BIGB_BankSlot15</Pieces>
		<Pieces>BIGB_Money0</Pieces>
		<Pieces>BIGB_Money1</Pieces>
		<Pieces>BIGB_Money2</Pieces>
		<Pieces>BIGB_Money3</Pieces>
		<Pieces>BIGB_DoneButton</Pieces>
		<Pieces>BIGB_SharedBankSlot0</Pieces>
    <Pieces>BIGB_SharedBankSlot1</Pieces>
		<Pieces>BIGB_SharedBankLabel</Pieces>
		<Pieces>BIGB_SharedMoney0</Pieces>
		<Pieces>BIGB_ChangeButton</Pieces>
	</Screen>

</XML>
