<?xml version = "1.0"?>
<XML ID = "EQInterfaceDefinitionLanguage">
	<Schema xmlns = "EverQuestData" xmlns:dt = "EverQuestDataTypes"/>
	<Label item ="LabelHP">
		<ScreenID>HPLabel</ScreenID>
		<!--<Font>3</Font>-->
		<Font>2</Font>
		<RelativePosition>true</RelativePosition>
		<Location> <X>5</X> <Y>-1</Y> </Location>
		<Size> <CX>72</CX> <CY>14</CY> </Size>
		<Text>HP</Text>
		<TextColor> <R>255</R> <G>255</G> <B>255</B> </TextColor>
		<NoWrap>true</NoWrap>
		<AlignCenter>false</AlignCenter>
		<AlignRight>false</AlignRight>
	</Label>
	<Label item ="HPNumberCur">
		<Font>2</Font>
		<ScreenID>HPNumberLabel</ScreenID>
		<!--<Font>3</Font>-->
		<RelativePosition>true</RelativePosition>
		<Location> <X>33</X> <Y>-1</Y> </Location>
		<Size> <CX>74</CX> <CY>14</CY> </Size>
		<Text>9999/9999</Text>
		<TextColor> <R>255</R> <G>255</G> <B>255</B> </TextColor>
		<EQType>17</EQType>
		<NoWrap>true</NoWrap>
		<AlignCenter>false</AlignCenter>
		<AlignRight>false</AlignRight>
	</Label>
	<Label item ="HPSlash">
		<Font>2</Font>
		<ScreenID>HPSlash</ScreenID>
		<!--<Font>3</Font>-->
		<RelativePosition>true</RelativePosition>
		<Location> <X>33</X> <Y>-1</Y> </Location>
		<Size> <CX>74</CX> <CY>14</CY> </Size>
		<Text>/</Text>
		<TextColor> <R>255</R> <G>255</G> <B>255</B> </TextColor>
		<NoWrap>true</NoWrap>
		<AlignCenter>true</AlignCenter>
		<AlignRight>false</AlignRight>
	</Label>
	<Label item ="HPNumberMax">
		<Font>2</Font>
		<ScreenID>HPNumberLabel</ScreenID>
		<!--<Font>3</Font>-->
		<RelativePosition>true</RelativePosition>
		<Location> <X>33</X> <Y>-1</Y> </Location>
		<Size> <CX>74</CX> <CY>14</CY> </Size>
		<Text>9999/9999</Text>
		<TextColor> <R>255</R> <G>255</G> <B>255</B> </TextColor>
		<EQType>18</EQType>
		<NoWrap>true</NoWrap>
		<AlignCenter>false</AlignCenter>
		<AlignRight>true</AlignRight>
	</Label>
	<Label item ="LabelAC">
		<Font>2</Font>
		<ScreenID>ACLabel</ScreenID>
		<!--<Font>3</Font>-->
		<RelativePosition>true</RelativePosition>
		<Location> <X>5</X> <Y>11</Y> </Location>
		<Size> <CX>45</CX> <CY>14</CY> </Size>
		<Text>AC</Text>
		<TextColor> <R>255</R> <G>255</G> <B>255</B> </TextColor>
		<NoWrap>true</NoWrap>
		<AlignCenter>false</AlignCenter>
		<AlignRight>false</AlignRight>
	</Label>

	<Label item ="PlayerAC">
		<Font>2</Font>
		<ScreenID>ACNumberLabel</ScreenID>
		<!--<Font>3</Font>-->
		<RelativePosition>true</RelativePosition>
		<Location> <X>5</X> <Y>11</Y> </Location>
		<Size> <CX>45</CX> <CY>14</CY> </Size>
		<Text>0</Text>
		<TextColor> <R>255</R> <G>255</G> <B>255</B> </TextColor>
		<EQType>22</EQType>
		<NoWrap>true</NoWrap>
		<AlignCenter>false</AlignCenter>
		<AlignRight>true</AlignRight>
	</Label>

	<Label item ="LabelATK">
		<Font>2</Font>
		<ScreenID>ATKLabel</ScreenID>
		<!--<Font>3</Font>-->
		<RelativePosition>true</RelativePosition>
		<Location> <X>54</X> <Y>11</Y> </Location>
		<Size> <CX>53</CX> <CY>14</CY> </Size>
		<Text>ATK</Text>
		<TextColor> <R>255</R> <G>255</G> <B>255</B> </TextColor>
		<NoWrap>true</NoWrap>
		<AlignCenter>false</AlignCenter>
		<AlignRight>false</AlignRight>
	</Label>

	<Label item ="PlayerAtk">
		<Font>2</Font>
		<ScreenID>ATKNumberLabel</ScreenID>
		<!--<Font>3</Font>-->
		<RelativePosition>true</RelativePosition>
		<Location> <X>54</X> <Y>11</Y> </Location>
		<Size> <CX>53</CX> <CY>14</CY> </Size>
		<Text>0</Text>
		<TextColor> <R>255</R> <G>255</G> <B>255</B> </TextColor>
		<EQType>23</EQType>
		<NoWrap>true</NoWrap>
		<AlignCenter>false</AlignCenter>
		<AlignRight>true</AlignRight>
	</Label>

	<Gauge item = "Player_Mana">
		<ScreenID>PlayerMana</ScreenID>
		<!--<Font>3</Font>-->
		<RelativePosition>true</RelativePosition>
		<Location> <X>3</X> <Y>27</Y> </Location>
		<Size> <CX>108</CX> <CY>8</CY> </Size>
		<GaugeOffsetY>0</GaugeOffsetY>
		<Style_VScroll>false</Style_VScroll>
		<Style_HScroll>false</Style_HScroll>
		<Style_Transparent>false</Style_Transparent>
		<!--<TooltipReference/>-->
		<FillTint> <R>0</R> <G>0</G> <B>240</B> </FillTint>
		<LinesFillTint> <R>0</R> <G>220</G> <B>220</B> </LinesFillTint>
		<DrawLinesFill>true</DrawLinesFill>
		<EQType>2</EQType>
		<GaugeDrawTemplate>
			<Background>A_GaugeBackground</Background>
			<Fill>A_GaugeFill</Fill>
			<!--<Lines>A_GaugeLines</Lines>-->
			<!--<LinesFill>A_GaugeLinesFill</LinesFill>-->
			<EndCapLeft>A_GaugeEndCapLeft</EndCapLeft>
			<EndCapRight>A_GaugeEndCapRight</EndCapRight>
		</GaugeDrawTemplate>
	</Gauge>
	<Label item ="Player_ManaPercent">
		<Font>1</Font>
		<ScreenID>Player_ManaPercent</ScreenID>
		<EQType>20</EQType>
		<RelativePosition>true</RelativePosition>
		<Location> <X>27</X> <Y>25</Y> </Location>
		<Size> <CX>35</CX> <CY>14</CY> </Size>
		<Text>0</Text>
		<TextColor> <R>255</R> <G>255</G> <B>0</B> </TextColor>
		<NoWrap>true</NoWrap>
		<AlignCenter>false</AlignCenter>
		<AlignRight>true</AlignRight>
		<AlignLeft>false</AlignLeft>
	</Label>
	<Label item ="Player_ManaPercentLabel">
		<Font>1</Font>
		<!--<Font>3</Font>-->
		<RelativePosition>true</RelativePosition>
		<Location> <X>34</X> <Y>25</Y> </Location>
		<Size> <CX>35</CX> <CY>14</CY> </Size>
		<Text>%</Text>
		<TextColor> <R>255</R> <G>255</G> <B>0</B> </TextColor>
		<NoWrap>true</NoWrap>
		<AlignCenter>false</AlignCenter>
		<AlignRight>true</AlignRight>
		<AlignLeft>false</AlignLeft>
	</Label>

	<Gauge item = "Player_Fatigue">
		<ScreenID>PlayerFatigue</ScreenID>
		<!--<Font>3</Font>-->
		<RelativePosition>true</RelativePosition>
		<Location> <X>3</X> <Y>38</Y> </Location>
		<Size> <CX>108</CX> <CY>8</CY> </Size>
		<GaugeOffsetY>0</GaugeOffsetY>
		<Style_VScroll>false</Style_VScroll>
		<Style_HScroll>false</Style_HScroll>
		<Style_Transparent>false</Style_Transparent>
		<!--<TooltipReference/>-->
		<FillTint> <R>240</R> <G>240</G> <B>0</B> </FillTint>
		<LinesFillTint> <R>0</R> <G>220</G> <B>0</B> </LinesFillTint>
		<DrawLinesFill>false</DrawLinesFill>
		<EQType>3</EQType>
		<GaugeDrawTemplate>
			<Background>A_GaugeBackground</Background>
			<Fill>A_GaugeFill</Fill>
			<!--<Lines>A_GaugeLines</Lines>-->
			<!--<LinesFill>A_GaugeLinesFill</LinesFill>-->
			<EndCapLeft>A_GaugeEndCapLeft</EndCapLeft>
			<EndCapRight>A_GaugeEndCapRight</EndCapRight>
		</GaugeDrawTemplate>
	</Gauge>
	<!--
	<Label item ="Player_FatiguePercent">
		<Font>0</Font>
		<ScreenID>Player_FatiguePercent</ScreenID>
		<EQType>21</EQType>
		<RelativePosition>true</RelativePosition>
		<Location> <X>27</X> <Y>36</Y> </Location>
		<Size> <CX>35</CX> <CY>14</CY> </Size>
		<Text>0</Text>
		<TextColor> <R>15</R> <G>15</G> <B>255</B> </TextColor>
		<NoWrap>true</NoWrap>
		<AlignCenter>false</AlignCenter>
		<AlignRight>true</AlignRight>
		<AlignLeft>false</AlignLeft>
	</Label>
	<Label item ="Player_FatiguePercentLabel">
		<Font>0</Font>
		<RelativePosition>true</RelativePosition>
		<Location> <X>34</X> <Y>36</Y> </Location>
		<Size> <CX>35</CX> <CY>14</CY> </Size>
		<Text>%</Text>
		<TextColor> <R>15</R> <G>15</G> <B>255</B> </TextColor>
		<NoWrap>true</NoWrap>
		<AlignCenter>false</AlignCenter>
		<AlignRight>true</AlignRight>
		<AlignLeft>false</AlignLeft>
	</Label>
	-->

	<Label item ="Player_EXPLabel">
		<Font>2</Font>
		<ScreenID>Player_EXPLabel</ScreenID>
		<!--<Font>3</Font>-->
		<RelativePosition>true</RelativePosition>
		<Location> <X>5</X> <Y>47</Y> </Location>
		<Size> <CX>72</CX> <CY>14</CY> </Size>
		<Text>XP</Text>
		<TextColor> <R>255</R> <G>255</G> <B>255</B> </TextColor>
		<NoWrap>true</NoWrap>
		<AlignCenter>false</AlignCenter>
		<AlignRight>false</AlignRight>
	</Label>
	<Label item ="Player_EXPPercent">
		<Font>2</Font>
		<ScreenID>Player_EXPPercent</ScreenID>
		<EQType>26</EQType>
		<RelativePosition>true</RelativePosition>
		<Location> <X>5</X> <Y>47</Y> </Location>
		<Size> <CX>35</CX> <CY>14</CY> </Size>
		<Text>0</Text>
		<TextColor> <R>255</R> <G>255</G> <B>0</B> </TextColor>
		<NoWrap>true</NoWrap>
		<AlignCenter>false</AlignCenter>
		<AlignRight>true</AlignRight>
		<AlignLeft>false</AlignLeft>
	</Label>
	<Label item ="Player_EXPPercentLabel">
		<Font>2</Font>
		<!--<Font>3</Font>-->
		<RelativePosition>true</RelativePosition>
		<Location> <X>16</X> <Y>47</Y> </Location>
		<Size> <CX>35</CX> <CY>14</CY> </Size>
		<Text>%</Text>
		<TextColor> <R>255</R> <G>255</G> <B>0</B> </TextColor>
		<NoWrap>true</NoWrap>
		<AlignCenter>false</AlignCenter>
		<AlignRight>true</AlignRight>
		<AlignLeft>false</AlignLeft>
	</Label>
	<Label item ="Player_AAEXPLabel">
		<Font>2</Font>
		<ScreenID>Player_AAEXPLabel</ScreenID>
		<!--<Font>3</Font>-->
		<RelativePosition>true</RelativePosition>
		<Location> <X>65</X> <Y>47</Y> </Location>
		<Size> <CX>72</CX> <CY>14</CY> </Size>
		<Text>AA</Text>
		<TextColor> <R>255</R> <G>255</G> <B>255</B> </TextColor>
		<NoWrap>true</NoWrap>
		<AlignCenter>false</AlignCenter>
		<AlignRight>false</AlignRight>
	</Label>
	<Label item ="Player_AAEXPPercent">
		<Font>2</Font>
		<ScreenID>Player_AAEXPPercent</ScreenID>
		<EQType>27</EQType>
		<!--<Font>3</Font>-->
		<RelativePosition>true</RelativePosition>
		<Location> <X>65</X> <Y>47</Y> </Location>
		<Size> <CX>35</CX> <CY>14</CY> </Size>
		<Text>0</Text>
		<TextColor> <R>255</R> <G>255</G> <B>0</B> </TextColor>
		<NoWrap>true</NoWrap>
		<AlignCenter>false</AlignCenter>
		<AlignRight>true</AlignRight>
		<AlignLeft>false</AlignLeft>
	</Label>
	<Label item ="Player_AAEXPPercentLabel">
		<Font>2</Font>
		<!--<Font>3</Font>-->
		<RelativePosition>true</RelativePosition>
		<Location> <X>76</X> <Y>47</Y> </Location>
		<Size> <CX>35</CX> <CY>14</CY> </Size>
		<Text>%</Text>
		<TextColor> <R>255</R> <G>255</G> <B>0</B> </TextColor>
		<NoWrap>true</NoWrap>
		<AlignCenter>false</AlignCenter>
		<AlignRight>true</AlignRight>
		<AlignLeft>false</AlignLeft>
	</Label>
	<Screen item = "TargetWindow">
		<Font>2</Font>
		<!--<ScreenID/>-->
		<RelativePosition>false</RelativePosition>
		<Location> <X>516</X> <Y>0</Y> </Location>
		<Size> <CX>124</CX> <CY>71</CY> </Size>
		<Text>Player</Text>
		<Style_VScroll>false</Style_VScroll>
		<Style_HScroll>false</Style_HScroll>
		<Style_Transparent>false</Style_Transparent>
		<TooltipReference>The Breath Meter</TooltipReference>
		<DrawTemplate>WDT_RoundedNoTitle</DrawTemplate>
		<Style_Titlebar>false</Style_Titlebar>
		<Style_Closebox>false</Style_Closebox>
		<Style_Minimizebox>false</Style_Minimizebox>
		<Style_Border>true</Style_Border>
		<Style_Sizable>false</Style_Sizable>
		<!--<Pieces>Pet_HP</Pieces>-->
		<Pieces>LabelHP</Pieces>
		<Pieces>HPNumberCur</Pieces>
		<Pieces>HPSlash</Pieces>
		<Pieces>HPNumberMax</Pieces>
		<Pieces>LabelAC</Pieces>
		<Pieces>PlayerAC</Pieces>
		<Pieces>LabelATK</Pieces>
		<Pieces>PlayerAtk</Pieces>
		<Pieces>Player_Mana</Pieces>
	        <Pieces>Player_ManaPercent</Pieces>
	        <Pieces>Player_ManaPercentLabel</Pieces>
		<Pieces>Player_Fatigue</Pieces>
	        <!--<Pieces>Player_FatiguePercent</Pieces>
	        <Pieces>Player_FatiguePercentLabel</Pieces>-->
		<Pieces>Player_EXPLabel</Pieces>
		<Pieces>Player_EXPPercent</Pieces>
		<Pieces>Player_EXPPercentLabel</Pieces>
		<Pieces>Player_AAEXPLabel</Pieces>
		<Pieces>Player_AAEXPPercent</Pieces>
		<Pieces>Player_AAEXPPercentLabel</Pieces>
	</Screen>
</XML>
