<?xml version="1.0" encoding="UTF-8"?>
<Templates xmlns:xsi="http://www.w3.org/2001/XMLSchema-instance" xsi:noNamespaceSchemaLocation="D:\Projects\EQUI\SidlWidl\bin\Debug\Toolbox.xsd">
	<View name="General">
		<Template name="sdf">
			<TextureInfo>
				<Size>
					<CX>64</CX>
					<CY>64</CY>
				</Size>
			</TextureInfo>
		</Template>
		<Template name="Animation">
			<Ui2DAnimation>
				<Cycle>true</Cycle>
				<Frames>
					<Texture>some_texture.tga</Texture>
					<Location>
						<X>0</X>
						<Y>0</Y>
					</Location>
					<Size>
						<CX>32</CX>
						<CY>32</CY>
					</Size>
					<Hotspot>
						<X>0</X>
						<Y>0</Y>
					</Hotspot>
					<Duration>1000</Duration>
				</Frames>
			</Ui2DAnimation>
		</Template>
		<Template>
			<Button>
				<ScreenID>A_ScreenID</ScreenID>
				<RelativePosition>true</RelativePosition>
				<Location>
					<X>100</X>
					<Y>100</Y>
				</Location>
				<Size>
					<CX>100</CX>
					<CY>100</CY>
				</Size>
				<Style_VScroll>false</Style_VScroll>
				<Style_HScroll>false</Style_HScroll>
				<Style_Transparent>false</Style_Transparent>
				<Style_Checkbox>false</Style_Checkbox>
				<Text>Imabutton</Text>
				<TextColor>
					<R>255</R>
					<G>255</G>
					<B>255</B>
				</TextColor>
				<ButtonDrawTemplate>
					<Normal>A_BtnNormal</Normal>
					<Pressed>A_BtnPressed</Pressed>
					<Flyby>A_BtnFlyby</Flyby>
					<Disabled>A_BtnDisabled</Disabled>
					<PressedFlyby>A_BtnPressedFlyby</PressedFlyby>
				</ButtonDrawTemplate>
			</Button>
		</Template>
		<Template>
			<Label>
				<ScreenID>A_ScreenID</ScreenID>
				<Font>3</Font>
				<Text>Imalabel</Text>
				<TextColor>
					<R>255</R>
					<G>255</G>
					<B>255</B>
				</TextColor>
				<Size>
					<CX>100</CX>
					<CY>100</CY>
				</Size>
				<AlignCenter>true</AlignCenter>
			</Label>
		</Template>
		<Template>
			<Screen>
				<ScreenID>A_ScreenID</ScreenID>
				<Location>
					<X>0</X>
					<Y>0</Y>
				</Location>
				<Size>
					<CX>100</CX>
					<CY>100</CY>
				</Size>
				<Style_VScroll>false</Style_VScroll>
				<Style_HScroll>false</Style_HScroll>
				<Style_Transparent>false</Style_Transparent>
				<DrawTemplate>WDT_RoundedNoTitle</DrawTemplate>
				<Style_Titlebar>false</Style_Titlebar>
				<Style_Closebox>false</Style_Closebox>
				<Style_Minimizebox>false</Style_Minimizebox>
				<Style_Border>true</Style_Border>
				<Style_Sizable>false</Style_Sizable>
			</Screen>
		</Template>
	</View>
	<View name="Gauges">
		<Template name="PlayerFatigue">
			<Gauge>
				<ScreenID>PlayerFatigue</ScreenID>
				<!--<Font>3</Font>-->
				<RelativePosition>true</RelativePosition>
				<Location>
					<X>0</X>
					<Y>0</Y>
				</Location>
				<Size>
					<CX>108</CX>
					<CY>8</CY>
				</Size>
				<GaugeOffsetY>0</GaugeOffsetY>
				<Style_VScroll>false</Style_VScroll>
				<Style_HScroll>false</Style_HScroll>
				<Style_Transparent>false</Style_Transparent>
				<!--<TooltipReference/>-->
				<FillTint>
					<R>240</R>
					<G>240</G>
					<B>0</B>
				</FillTint>
				<LinesFillTint>
					<R>0</R>
					<G>220</G>
					<B>0</B>
				</LinesFillTint>
				<DrawLinesFill>false</DrawLinesFill>
				<EQType>3</EQType>
				<GaugeDrawTemplate>
					<Background>A_GaugeBackground</Background>
					<Fill>A_GaugeFill</Fill>
					<Lines>A_GaugeLines</Lines>
					<LinesFill>A_GaugeLinesFill</LinesFill>
					<EndCapLeft>A_GaugeEndCapLeft</EndCapLeft>
					<EndCapRight>A_GaugeEndCapRight</EndCapRight>
				</GaugeDrawTemplate>
			</Gauge>
		</Template>
		<Template name="PlayerMana">
			<Gauge>
				<ScreenID>PlayerMana</ScreenID>
				<!--<Font>3</Font>-->
				<RelativePosition>true</RelativePosition>
				<Location>
					<X>0</X>
					<Y>0</Y>
				</Location>
				<Size>
					<CX>108</CX>
					<CY>8</CY>
				</Size>
				<GaugeOffsetY>0</GaugeOffsetY>
				<Style_VScroll>false</Style_VScroll>
				<Style_HScroll>false</Style_HScroll>
				<Style_Transparent>false</Style_Transparent>
				<!--<TooltipReference/>-->
				<FillTint>
					<R>0</R>
					<G>0</G>
					<B>240</B>
				</FillTint>
				<LinesFillTint>
					<R>0</R>
					<G>220</G>
					<B>220</B>
				</LinesFillTint>
				<DrawLinesFill>false</DrawLinesFill>
				<EQType>2</EQType>
				<GaugeDrawTemplate>
					<Background>A_GaugeBackground</Background>
					<Fill>A_GaugeFill</Fill>
					<Lines>A_GaugeLines</Lines>
					<LinesFill>A_GaugeLinesFill</LinesFill>
					<EndCapLeft>A_GaugeEndCapLeft</EndCapLeft>
					<EndCapRight>A_GaugeEndCapRight</EndCapRight>
				</GaugeDrawTemplate>
			</Gauge>
		</Template>
		<Template name="PlayerHP">
			<Gauge>
				<ScreenID>PlayerHP</ScreenID>
				<!--<Font>3</Font>-->
				<TextColor>
					<R>240</R>
					<G>240</G>
					<B>240</B>
				</TextColor>
				<RelativePosition>true</RelativePosition>
				<Location>
					<X>0</X>
					<Y>0</Y>
				</Location>
				<Size>
					<CX>108</CX>
					<CY>41</CY>
				</Size>
				<TextOffsetX>8</TextOffsetX>
				<GaugeOffsetY>33</GaugeOffsetY>
				<Style_VScroll>false</Style_VScroll>
				<Style_HScroll>false</Style_HScroll>
				<Style_Transparent>false</Style_Transparent>
				<!--<TooltipReference/>-->
				<FillTint>
					<R>240</R>
					<G>0</G>
					<B>0</B>
				</FillTint>
				<LinesFillTint>
					<R>220</R>
					<G>220</G>
					<B>0</B>
				</LinesFillTint>
				<DrawLinesFill>false</DrawLinesFill>
				<EQType>1</EQType>
				<GaugeDrawTemplate>
					<Background>A_GaugeBackground</Background>
					<Fill>A_GaugeFill</Fill>
					<Lines>A_GaugeLines</Lines>
					<LinesFill>A_GaugeLinesFill</LinesFill>
					<EndCapLeft>A_GaugeEndCapLeft</EndCapLeft>
					<EndCapRight>A_GaugeEndCapRight</EndCapRight>
				</GaugeDrawTemplate>
			</Gauge>
		</Template>
		<Template name="PetHPGauge">
			<Gauge>
				<ScreenID>PetHPGauge</ScreenID>
				<!--<Font>3</Font>-->
				<RelativePosition>true</RelativePosition>
				<Location>
					<X>0</X>
					<Y>0</Y>
				</Location>
				<Size>
					<CX>108</CX>
					<CY>24</CY>
				</Size>
				<GaugeOffsetY>16</GaugeOffsetY>
				<Text>No Pet</Text>
				<TextOffsetY>0</TextOffsetY>
				<TextOffsetX>5</TextOffsetX>
				<TextColor>
					<R>240</R>
					<G>240</G>
					<B>240</B>
				</TextColor>
				<Style_VScroll>false</Style_VScroll>
				<Style_HScroll>false</Style_HScroll>
				<Style_Transparent>false</Style_Transparent>
				<!--<TooltipReference/>-->
				<FillTint>
					<R>240</R>
					<G>0</G>
					<B>0</B>
				</FillTint>
				<LinesFillTint>
					<R>0</R>
					<G>0</G>
					<B>0</B>
				</LinesFillTint>
				<DrawLinesFill>false</DrawLinesFill>
				<EQType>16</EQType>
				<GaugeDrawTemplate>
					<Background>A_GaugeBackground</Background>
					<Fill>A_GaugeFill</Fill>
					<Lines>A_GaugeLines</Lines>
					<LinesFill>A_GaugeLinesFill</LinesFill>
					<EndCapLeft>A_GaugeEndCapLeft</EndCapLeft>
					<EndCapRight>A_GaugeEndCapRight</EndCapRight>
				</GaugeDrawTemplate>
			</Gauge>
		</Template>
	</View>
</Templates>
