<?xml version="1.0" encoding="UTF-8"?>
<QuickLoad>
	<item>InventoryWindow</item>
	<item>PlayerWindow</item>
	<item>CastSpellWnd</item>
	<item>SpellBookWnd</item>
	<item>BuffWindow</item>
	<item>FacePickWindow</item>
	<item>GroupWindow</item>
	<item>BreathWindow</item>
	<item>CastingWindow</item>
	<item>TargetWindow</item>
	<item>-</item>
	<item>OptionsWindow</item>
	<item>CastingWindow</item>
	<item>FriendsWindow</item>
	<item>PetInfoWindow</item>
	<item>BankWnd</item>
	<item>ContainerWindow</item>
	<item>QuantityWindow</item>
	<item>TrackingWnd</item>
</QuickLoad>
