<?xml version = "1.0"?>
<XML ID = "EQInterfaceDefinitionLanguage">
	<Schema xmlns = "EverQuestData" xmlns:dt = "EverQuestDataTypes"/>

<!-- Graphics By: t.king -->
<!-- Code by: Remelio Gemweaver -->

	<TextureInfo item = "alcastbg.tga">
		<Size>
			<CX>256</CX>
			<CY>256</CY>
		</Size>
	</TextureInfo>



	<Ui2DAnimation item = "TK_Gauge">
		<Frames>
			<Texture>alcastbg.tga</Texture>
			<Location>
				<X>0</X>
				<Y>0</Y>
			</Location>
			<Size>
				<CX>149</CX>
				<CY>89</CY>
			</Size>
			<Hotspot>
				<X>128</X>
				<Y>128</Y>
			</Hotspot>
		</Frames>
	</Ui2DAnimation>
	<Ui2DAnimation item = "TK_GaugeFill">
		<Cycle>true</Cycle>
		<Frames>
			<Texture>alcastbg.tga</Texture>
			<Location>
				<X>0</X>
				<Y>89</Y>
			</Location>
			<Size>
				<CX>149</CX>
				<CY>89</CY>
			</Size>
			<Hotspot>
				<X>128</X>
				<Y>128</Y>
			</Hotspot>
			<Duration>1000</Duration>
		</Frames>
	</Ui2DAnimation>


	<Gauge item = "Casting_Gauge">
		<ScreenID>Gauge</ScreenID>
		<RelativePosition>true</RelativePosition>
		<Location>
			<X>0</X>
			<Y>0</Y>
		</Location>
			<Size>
				<CX>178</CX>
				<CY>113</CY>
			</Size>
		<GaugeOffsetY>0</GaugeOffsetY>
		<Style_Transparent>true</Style_Transparent>
		<FillTint>
				<R>100</R>
				<G>100</G>
				<B>188</B>
		</FillTint>
		<LinesFillTint>
				<R>0</R>
				<G>0</G>
				<B>0</B>
		</LinesFillTint>
		<DrawLinesFill>False</DrawLinesFill>
		<EQType>7</EQType>
		<GaugeDrawTemplate>
			<Fill>TK_GaugeFill</Fill>
		</GaugeDrawTemplate>
	</Gauge>

	<StaticAnimation item = "Cast_Back1">
		<ScreenID>CSPW_Back1</ScreenID>
		<RelativePosition>true</RelativePosition>
		<Location>
			<X>0</X>
			<Y>0</Y>
		</Location>
			<Size>
				<CX>178</CX>
				<CY>113</CY>
			</Size>
		<Animation>TK_Gauge</Animation>
	</StaticAnimation>

	<Screen item = "CastingWindow">
		<!--<ScreenID/>-->
		<!--<Font/>-->
		<RelativePosition>false</RelativePosition>
		<Location>
			<X>290</X>
			<Y>50</Y>
		</Location>
			<Size>
				<CX>178</CX>
				<CY>133</CY>
			</Size>
		<Text>Casting Time</Text>
		<Style_VScroll>false</Style_VScroll>
		<Style_HScroll>false</Style_HScroll>
		<Style_Transparent>true</Style_Transparent>
		<TooltipReference>Casting Window</TooltipReference>
		<DrawTemplate>WDT_Rounded</DrawTemplate>
		<Style_Titlebar>true</Style_Titlebar>
		<Style_Closebox>false</Style_Closebox>
		<Style_Minimizebox>false</Style_Minimizebox>
		<Style_Border>false</Style_Border>
		<Style_Sizable>false</Style_Sizable>
		<Pieces>Casting_Gauge</Pieces>
		<Pieces>Cast_Back1</Pieces>
	</Screen>

</XML>
