<?xml version = "1.0"?>
<XML ID = "EQInterfaceDefinitionLanguage">
	<Schema xmlns = "EverQuestData" xmlns:dt = "EverQuestDataTypes"/>

	<Button item = "PW_PotionSlot0_Button">
		<ScreenID>PotionSlot0</ScreenID>
		<!--<Font>3</Font>-->
		<RelativePosition>true</RelativePosition>
		<Location>
			<X>3</X>
			<Y>3</Y>
		</Location>
		<Size>
			<CX>44</CX>
			<CY>44</CY>
		</Size>
		<Style_VScroll>false</Style_VScroll>
		<Style_HScroll>false</Style_HScroll>
		<Style_Transparent>false</Style_Transparent>
		<Style_Checkbox>false</Style_Checkbox>
		<ButtonDrawTemplate>
			<Normal>A_RecessedBox</Normal>
		</ButtonDrawTemplate>
		<DecalOffset>
			<X>2</X>
			<Y>2</Y>
		</DecalOffset>
		<DecalSize>
			<CX>40</CX>
			<CY>40</CY>
		</DecalSize>
	</Button>

	<Button item = "PW_PotionSlot1_Button">
		<ScreenID>PotionSlot1</ScreenID>
		<RelativePosition>true</RelativePosition>
		<Location>
			<X>48</X>
			<Y>3</Y>
		</Location>
		<Size>
			<CX>44</CX>
			<CY>44</CY>
		</Size>
		<Style_VScroll>false</Style_VScroll>
		<Style_HScroll>false</Style_HScroll>
		<Style_Transparent>false</Style_Transparent>
		<Style_Checkbox>false</Style_Checkbox>
		<RadioGroup/>
		<ButtonDrawTemplate>
			<Normal>A_RecessedBox</Normal>
		</ButtonDrawTemplate>
		<DecalOffset>
			<X>2</X>
			<Y>2</Y>
		</DecalOffset>
		<DecalSize>
			<CX>40</CX>
			<CY>40</CY>
		</DecalSize>
	</Button>
		<Button item = "PW_PotionSlot2_Button">
		<ScreenID>PotionSlot2</ScreenID>
		<RelativePosition>true</RelativePosition>
		<Location>
			<X>93</X>
			<Y>3</Y>
		</Location>
		<Size>
			<CX>44</CX>
			<CY>44</CY>
		</Size>
		<Style_VScroll>false</Style_VScroll>
		<Style_HScroll>false</Style_HScroll>
		<Style_Transparent>false</Style_Transparent>
		<Style_Checkbox>false</Style_Checkbox>
		<RadioGroup/>
		<ButtonDrawTemplate>
			<Normal>A_RecessedBox</Normal>
		</ButtonDrawTemplate>
		<DecalOffset>
			<X>2</X>
			<Y>2</Y>
		</DecalOffset>
		<DecalSize>
			<CX>40</CX>
			<CY>40</CY>
		</DecalSize>
	</Button>
		<Button item = "PW_PotionSlot3_Button">
		<ScreenID>PotionSlot3</ScreenID>
		<RelativePosition>true</RelativePosition>
		<Location>
			<X>137</X>
			<Y>3</Y>
		</Location>
		<Size>
			<CX>44</CX>
			<CY>44</CY>
		</Size>
		<Style_VScroll>false</Style_VScroll>
		<Style_HScroll>false</Style_HScroll>
		<Style_Transparent>false</Style_Transparent>
		<Style_Checkbox>false</Style_Checkbox>
		<RadioGroup/>
		<ButtonDrawTemplate>
			<Normal>A_RecessedBox</Normal>
		</ButtonDrawTemplate>
		<DecalOffset>
			<X>2</X>
			<Y>2</Y>
		</DecalOffset>
		<DecalSize>
			<CX>40</CX>
			<CY>40</CY>
		</DecalSize>
	</Button>
	<Label item ="PW_PotionSlot0_Label">
		<ScreenID>PotionSlotLabel0</ScreenID>
		<RelativePosition>true</RelativePosition>
		<Location>
			<X>3</X>
			<Y>3</Y>
		</Location>
		<Size>
			<CX>44</CX>
			<CY>44</CY>
		</Size>
		<Text>0</Text>
		<TextColor>
				<R>255</R>
				<G>255</G>
				<B>255</B>
		</TextColor>
		<NoWrap>true</NoWrap>
		<AlignCenter>false</AlignCenter>
		<AlignRight>false</AlignRight>
	</Label>
		<Label item ="PW_PotionSlot1_Label">
		<ScreenID>PotionSlotLabel1</ScreenID>
		<RelativePosition>true</RelativePosition>
		<Location>
			<X>48</X>
			<Y>3</Y>
		</Location>
		<Size>
			<CX>44</CX>
			<CY>44</CY>
		</Size>
		<Text>0</Text>
		<TextColor>
				<R>255</R>
				<G>255</G>
				<B>255</B>
		</TextColor>
		<NoWrap>true</NoWrap>
		<AlignCenter>false</AlignCenter>
		<AlignRight>false</AlignRight>
	</Label>
		<Label item ="PW_PotionSlot2_Label">
		<ScreenID>PotionSlotLabel2</ScreenID>
		<RelativePosition>true</RelativePosition>
		<Location>
			<X>93</X>
			<Y>3</Y>
		</Location>
		<Size>
			<CX>44</CX>
			<CY>44</CY>
		</Size>
		<Text>0</Text>
		<TextColor>
				<R>255</R>
				<G>255</G>
				<B>255</B>
		</TextColor>
		<NoWrap>true</NoWrap>
		<AlignCenter>false</AlignCenter>
		<AlignRight>false</AlignRight>
	</Label>
		<Label item ="PW_PotionSlot3_Label">
		<ScreenID>PotionSlotLabel3</ScreenID>
		<RelativePosition>true</RelativePosition>
		<Location>
			<X>137</X>
			<Y>3</Y>
		</Location>
		<Size>
			<CX>44</CX>
			<CY>44</CY>
		</Size>
		<Text>0</Text>
		<TextColor>
				<R>255</R>
				<G>255</G>
				<B>255</B>
		</TextColor>
		<NoWrap>true</NoWrap>
		<AlignCenter>false</AlignCenter>
		<AlignRight>false</AlignRight>
	</Label>

	<Screen item = "PotionBeltWnd">
		<!--<ScreenID/>-->
		<Text>Potion Belt</Text>
		<RelativePosition>false</RelativePosition>
		<Location>
			<X>196</X>
			<Y>50</Y>
		</Location>
		<Size>
			<CX>200</CX>
			<CY>75</CY>
		</Size>
		<Style_VScroll>false</Style_VScroll>
		<Style_HScroll>false</Style_HScroll>
		<Style_Transparent>false</Style_Transparent>
		<DrawTemplate>WDT_Rounded</DrawTemplate>
		<Style_Titlebar>true</Style_Titlebar>
		<Style_Closebox>true</Style_Closebox>
		<Style_Minimizebox>true</Style_Minimizebox>
		<Style_Border>true</Style_Border>
		<Style_Sizable>false</Style_Sizable>
		<Pieces>PW_PotionSlot0_Button</Pieces>
		<Pieces>PW_PotionSlot1_Button</Pieces> 
		<Pieces>PW_PotionSlot2_Button</Pieces> 
		<Pieces>PW_PotionSlot3_Button</Pieces> 
		<Pieces>PW_PotionSlot0_Label</Pieces>
		<Pieces>PW_PotionSlot1_Label</Pieces>
		<Pieces>PW_PotionSlot2_Label</Pieces>
		<Pieces>PW_PotionSlot3_Label</Pieces>
	</Screen>
</XML>
