<?xml version = "1.0"?>
<XML ID = "EQInterfaceDefinitionLanguage">
	<Schema xmlns = "EverQuestData" xmlns:dt = "EverQuestDataTypes"/>

	<Gauge item = "Casting_Gauge">
		<ScreenID>Gauge</ScreenID>
		<!--<Font>3</Font> -->
		<RelativePosition>true</RelativePosition>
		<Location>
			<X>0</X>
			<Y>13</Y>
		</Location>
		<Size>
			<CX>116</CX>
			<CY>8</CY>
		</Size>
		<GaugeOffsetY>0</GaugeOffsetY>
		<Style_VScroll>false</Style_VScroll>
		<Style_HScroll>false</Style_HScroll>
		<Style_Transparent>false</Style_Transparent>
		<!--<TooltipReference/>-->
		<FillTint>
				<R>240</R>
				<G>0</G>
				<B>240</B>
		</FillTint>
		<LinesFillTint>
				<R>0</R>
				<G>0</G>
				<B>0</B>
		</LinesFillTint>
		<DrawLinesFill>false</DrawLinesFill>
		<EQType>7</EQType>
		<GaugeDrawTemplate>
			<Background>A_GaugeBackground</Background>
			<Fill>A_GaugeFill</Fill>
			<Lines>A_GaugeLines</Lines>
			<LinesFill>A_GaugeLinesFill</LinesFill>
			<EndCapLeft>A_GaugeEndCapLeft</EndCapLeft>
			<EndCapRight>A_GaugeEndCapRight</EndCapRight>
		</GaugeDrawTemplate>
	</Gauge>
	
  <Label item="Casting_SpellName">
    <ScreenID/>
    <EQType>134</EQType>
    <Font>2</Font>
    <RelativePosition>true</RelativePosition>
	<AutoStretch>true</AutoStretch>
	<LeftAnchorOffset>2</LeftAnchorOffset>
	<TopAnchorOffset>0</TopAnchorOffset>
	<RightAnchorOffset>2</RightAnchorOffset>
	<BottomAnchorOffset>12</BottomAnchorOffset>
	<TopAnchorToTop>true</TopAnchorToTop>
	<BottomAnchorToTop>true</BottomAnchorToTop>
	<LeftAnchorToLeft>true</LeftAnchorToLeft>
	<RightAnchorToLeft>false</RightAnchorToLeft>
    <Text></Text>
    <TextColor>
      <R>255</R>
      <G>255</G>
      <B>255</B>
    </TextColor>
    <NoWrap>true</NoWrap>
    <AlignCenter>false</AlignCenter>
    <AlignRight>false</AlignRight>
  </Label>

	<Screen item = "CastingWindow">
		<!--<ScreenID/>-->
		<!--<Font/>-->
		<RelativePosition>false</RelativePosition>
		<Location>
			<X>290</X>
			<Y>50</Y>
		</Location>
		<Size>
			<CX>120</CX>
			<CY>48</CY>
		</Size>
		<Text>Casting Time</Text>
		<Style_VScroll>false</Style_VScroll>
		<Style_HScroll>false</Style_HScroll>
		<Style_Transparent>false</Style_Transparent>
		<TooltipReference>The Breath Meter</TooltipReference>
		<DrawTemplate>WDT_Rounded</DrawTemplate>
		<Style_Titlebar>true</Style_Titlebar>
		<Style_Closebox>false</Style_Closebox>
		<Style_Minimizebox>false</Style_Minimizebox>
		<Style_Border>true</Style_Border>
		<Style_Sizable>false</Style_Sizable>
		<Pieces>Casting_Gauge</Pieces>
		<Pieces>Casting_SpellName</Pieces>
	</Screen>

</XML>
