<?xml version = "1.0"?>
<XML ID = "EQInterfaceDefinitionLanguage">
	<Schema xmlns = "EverQuestData" xmlns:dt = "EverQuestDataTypes"/>

	<Button item = "GW_InviteButton">
		<ScreenID>InviteButton</ScreenID>
		<!--<Font>3</Font>-->
		<RelativePosition>true</RelativePosition>
		<Location>
			<X>3</X>
			<Y>122</Y>
		</Location>
		<Size>
			<CX>54</CX>
			<CY>20</CY>
		</Size>
		<Style_VScroll>false</Style_VScroll>
		<Style_HScroll>false</Style_HScroll>
		<Style_Transparent>false</Style_Transparent>
		<TooltipReference>Select a player and click to invite into the group</TooltipReference>
		<Style_Checkbox>false</Style_Checkbox>
		<!--<RadioGroup/>-->
		<Text>Invite</Text>
		<TextColor>
				<R>255</R>
				<G>255</G>
				<B>255</B>
		</TextColor>
		<ButtonDrawTemplate>
			<Normal>A_SmallBtnNormal</Normal>
			<Pressed>A_SmallBtnPressed</Pressed>
			<Flyby>A_SmallBtnFlyby</Flyby>
			<Disabled>A_SmallBtnDisabled</Disabled>
			<PressedFlyby>A_SmallBtnPressedFlyby</PressedFlyby>
		</ButtonDrawTemplate>
		<Text>Invite</Text>
	</Button>

	<Button item = "GW_DisbandButton">
		<ScreenID>DisbandButton</ScreenID>
		<!--<Font>3</Font>-->
		<RelativePosition>true</RelativePosition>
		<Location>
			<X>57</X>
			<Y>122</Y>
		</Location>
		<Size>
			<CX>54</CX>
			<CY>20</CY>
		</Size>
		<Style_VScroll>false</Style_VScroll>
		<Style_HScroll>false</Style_HScroll>
		<Style_Transparent>false</Style_Transparent>
		<TooltipReference>Click to disband your target from the group</TooltipReference>
		<Style_Checkbox>false</Style_Checkbox>
		<!--<RadioGroup/>-->
		<ButtonDrawTemplate>
			<Normal>A_SmallBtnNormal</Normal>
			<Pressed>A_SmallBtnPressed</Pressed>
			<Flyby>A_SmallBtnFlyby</Flyby>
			<Disabled>A_SmallBtnDisabled</Disabled>
			<PressedFlyby>A_SmallBtnPressedFlyby</PressedFlyby>
		</ButtonDrawTemplate>
		<Text>Disband</Text>
		<TextColor>
				<R>255</R>
				<G>255</G>
				<B>255</B>
		</TextColor>
	</Button>

	<Button item = "GW_FollowButton">
		<ScreenID>FollowButton</ScreenID>
		<!--<Font>3</Font>-->
		<RelativePosition>true</RelativePosition>
		<Location>
			<X>3</X>
			<Y>122</Y>
		</Location>
		<Size>
			<CX>54</CX>
			<CY>20</CY>
		</Size>
		<Style_VScroll>false</Style_VScroll>
		<Style_HScroll>false</Style_HScroll>
		<Style_Transparent>false</Style_Transparent>
		<TooltipReference>Accept an invitation to group</TooltipReference>
		<Style_Checkbox>false</Style_Checkbox>
		<!--<RadioGroup/>-->
		<Text>Follow</Text>
		<TextColor>
				<R>255</R>
				<G>255</G>
				<B>255</B>
		</TextColor>
		<ButtonDrawTemplate>
			<Normal>A_BtnNormal</Normal>
			<Pressed>A_BtnPressed</Pressed>
			<Flyby>A_BtnFlyby</Flyby>
			<Disabled>A_BtnDisabled</Disabled>
			<PressedFlyby>A_BtnPressedFlyby</PressedFlyby>
		</ButtonDrawTemplate>
		<Text>Invite</Text>
	</Button>

	<Button item = "GW_DeclineButton">
		<ScreenID>DeclineButton</ScreenID>
		<!--<Font>3</Font>-->
		<RelativePosition>true</RelativePosition>
		<Location>
			<X>57</X>
			<Y>122</Y>
		</Location>
		<Size>
			<CX>54</CX>
			<CY>20</CY>
		</Size>
		<Style_VScroll>false</Style_VScroll>
		<Style_HScroll>false</Style_HScroll>
		<Style_Transparent>false</Style_Transparent>
		<TooltipReference>Refuse an invtitation to group</TooltipReference>
		<Style_Checkbox>false</Style_Checkbox>
		<!--<RadioGroup/>-->
		<ButtonDrawTemplate>
			<Normal>A_SmallBtnNormal</Normal>
			<Pressed>A_SmallBtnPressed</Pressed>
			<Flyby>A_SmallBtnFlyby</Flyby>
			<Disabled>A_SmallBtnDisabled</Disabled>
			<PressedFlyby>A_SmallBtnPressedFlyby</PressedFlyby>
		</ButtonDrawTemplate>
		<Text>Decline</Text>
		<TextColor>
				<R>255</R>
				<G>255</G>
				<B>255</B>
		</TextColor>
	</Button>

	<Gauge item = "GW_Gauge1">
		<ScreenID>Gauge1</ScreenID>
		<!--<Font>3</Font>-->
		<TextColor>
				<R>240</R>
				<G>240</G>
				<B>240</B>
		</TextColor>
		<RelativePosition>true</RelativePosition>
		<Location>
			<X>3</X>
			<Y>0</Y>
		</Location>
		<Size>
			<CX>108</CX>
			<CY>24</CY>
		</Size>
		<TextOffsetX>8</TextOffsetX>
		<Style_VScroll>false</Style_VScroll>
		<Style_HScroll>false</Style_HScroll>
		<Style_Transparent>false</Style_Transparent>
		<!--<TooltipReference/>-->
		<FillTint>
				<R>220</R>
				<G>0</G>
				<B>0</B>
		</FillTint>
		<LinesFillTint>
				<R>220</R>
				<G>220</G>
				<B>0</B>
		</LinesFillTint>
		<DrawLinesFill>false</DrawLinesFill>
		<EQType>11</EQType>
		<GaugeDrawTemplate>
			<Background>A_GaugeBackground</Background>
			<Fill>A_GaugeFill</Fill>
			<Lines>A_GaugeLines</Lines>
			<LinesFill>A_GaugeLinesFill</LinesFill>
			<EndCapLeft>A_GaugeEndCapLeft</EndCapLeft>
			<EndCapRight>A_GaugeEndCapRight</EndCapRight>
		</GaugeDrawTemplate>
	</Gauge>

	<Gauge item = "GW_PetGauge1">
		<ScreenID>PetGauge1</ScreenID>
		<!--<Font>3</Font>-->
		<TextColor>
				<R>240</R>
				<G>240</G>
				<B>240</B>
		</TextColor>
		<RelativePosition>true</RelativePosition>
		<Location>
			<X>7</X>
			<Y>22</Y>
		</Location>
		<Size>
			<CX>108</CX>
			<CY>2</CY>
		</Size>
		<TextOffsetY>-50</TextOffsetY>
		<GaugeOffsetY>-2</GaugeOffsetY>
		<Style_VScroll>false</Style_VScroll>
		<Style_HScroll>false</Style_HScroll>
		<Style_Transparent>false</Style_Transparent>
		<!--<TooltipReference/>-->
		<FillTint>
				<R>51</R>
				<G>192</G>
				<B>51</B>
		</FillTint>
		<LinesFillTint>
				<R>220</R>
				<G>220</G>
				<B>0</B>
		</LinesFillTint>
		<DrawLinesFill>false</DrawLinesFill>
		<EQType>17</EQType>
		<GaugeDrawTemplate>
			<Background>A_GaugeBackground</Background>
			<Fill>A_GaugeFill</Fill>
			<!--<Lines>A_GaugeLines</Lines>-->
			<!--<LinesFill>A_GaugeLinesFill</LinesFill>-->
			<!--<EndCapLeft>A_GaugeEndCapLeft</EndCapLeft>-->
			<!--<EndCapRight>A_GaugeEndCapRight</EndCapRight>-->
		</GaugeDrawTemplate>
	</Gauge>

	<Gauge item = "GW_Gauge2">
		<ScreenID>Gauge2</ScreenID>
		<!--<Font>3</Font>-->
		<TextColor>
				<R>240</R>
				<G>240</G>
				<B>240</B>
		</TextColor>
		<RelativePosition>true</RelativePosition>
		<Location>
			<X>3</X>
			<Y>24</Y>
		</Location>
		<Size>
			<CX>108</CX>
			<CY>24</CY>
		</Size>
		<TextOffsetX>8</TextOffsetX>
		<Style_VScroll>false</Style_VScroll>
		<Style_HScroll>false</Style_HScroll>
		<Style_Transparent>true</Style_Transparent>
		<!--<TooltipReference/>-->
		<FillTint>
				<R>220</R>
				<G>0</G>
				<B>0</B>
		</FillTint>
		<LinesFillTint>
				<R>220</R>
				<G>220</G>
				<B>0</B>
		</LinesFillTint>
		<DrawLinesFill>false</DrawLinesFill>
		<EQType>12</EQType>
		<GaugeDrawTemplate>
			<Background>A_GaugeBackground</Background>
			<Fill>A_GaugeFill</Fill>
			<Lines>A_GaugeLines</Lines>
			<LinesFill>A_GaugeLinesFill</LinesFill>
			<EndCapLeft>A_GaugeEndCapLeft</EndCapLeft>
			<EndCapRight>A_GaugeEndCapRight</EndCapRight>
		</GaugeDrawTemplate>
	</Gauge>

	<Gauge item = "GW_PetGauge2">
		<ScreenID>PetGauge2</ScreenID>
		<!--<Font>3</Font>-->
		<TextColor>
				<R>240</R>
				<G>240</G>
				<B>240</B>
		</TextColor>
		<RelativePosition>true</RelativePosition>
		<Location>
			<X>7</X>
			<Y>46</Y>
		</Location>
		<Size>
			<CX>108</CX>
			<CY>2</CY>
		</Size>
		<TextOffsetY>-50</TextOffsetY>
		<GaugeOffsetY>-2</GaugeOffsetY>
		<Style_VScroll>false</Style_VScroll>
		<Style_HScroll>false</Style_HScroll>
		<Style_Transparent>true</Style_Transparent>
		<!--<TooltipReference/>-->
		<FillTint>
				<R>51</R>
				<G>192</G>
				<B>51</B>
		</FillTint>
		<LinesFillTint>
				<R>220</R>
				<G>220</G>
				<B>0</B>
		</LinesFillTint>
		<DrawLinesFill>false</DrawLinesFill>
		<EQType>18</EQType>
		<GaugeDrawTemplate>
			<Background>A_GaugeBackground</Background>
			<Fill>A_GaugeFill</Fill>
			<!--<Lines>A_GaugeLines</Lines>-->
			<!--<LinesFill>A_GaugeLinesFill</LinesFill>-->
			<!--<EndCapLeft>A_GaugeEndCapLeft</EndCapLeft>-->
			<!--<EndCapRight>A_GaugeEndCapRight</EndCapRight>-->
		</GaugeDrawTemplate>
	</Gauge>

	<Gauge item = "GW_Gauge3">
		<ScreenID>Gauge3</ScreenID>
		<!--<Font>3</Font>-->
		<TextColor>
				<R>240</R>
				<G>240</G>
				<B>240</B>
		</TextColor>
		<RelativePosition>true</RelativePosition>
		<Location>
			<X>3</X>
			<Y>48</Y>
		</Location>
		<Size>
			<CX>108</CX>
			<CY>24</CY>
		</Size>
		<TextOffsetX>8</TextOffsetX>
		<Style_VScroll>false</Style_VScroll>
		<Style_HScroll>false</Style_HScroll>
		<Style_Transparent>false</Style_Transparent>
		<!--<TooltipReference/>-->
		<FillTint>
				<R>220</R>
				<G>0</G>
				<B>0</B>
		</FillTint>
		<LinesFillTint>
				<R>220</R>
				<G>220</G>
				<B>0</B>
		</LinesFillTint>
		<DrawLinesFill>false</DrawLinesFill>
		<EQType>13</EQType>
		<GaugeDrawTemplate>
			<Background>A_GaugeBackground</Background>
			<Fill>A_GaugeFill</Fill>
			<Lines>A_GaugeLines</Lines>
			<LinesFill>A_GaugeLinesFill</LinesFill>
			<EndCapLeft>A_GaugeEndCapLeft</EndCapLeft>
			<EndCapRight>A_GaugeEndCapRight</EndCapRight>
		</GaugeDrawTemplate>
	</Gauge>

	<Gauge item = "GW_PetGauge3">
		<ScreenID>PetGauge3</ScreenID>
		<!--<Font>3</Font>-->
		<TextColor>
				<R>240</R>
				<G>240</G>
				<B>240</B>
		</TextColor>
		<RelativePosition>true</RelativePosition>
		<Location>
			<X>7</X>
			<Y>70</Y>
		</Location>
		<Size>
			<CX>108</CX>
			<CY>2</CY>
		</Size>
		<TextOffsetY>-50</TextOffsetY>
		<GaugeOffsetY>-2</GaugeOffsetY>
		<Style_VScroll>false</Style_VScroll>
		<Style_HScroll>false</Style_HScroll>
		<Style_Transparent>false</Style_Transparent>
		<!--<TooltipReference/>-->
		<FillTint>
				<R>51</R>
				<G>192</G>
				<B>51</B>
		</FillTint>
		<LinesFillTint>
				<R>220</R>
				<G>220</G>
				<B>0</B>
		</LinesFillTint>
		<DrawLinesFill>false</DrawLinesFill>
		<EQType>19</EQType>
		<GaugeDrawTemplate>
			<Background>A_GaugeBackground</Background>
			<Fill>A_GaugeFill</Fill>
			<!--<Lines>A_GaugeLines</Lines>-->
			<!--<LinesFill>A_GaugeLinesFill</LinesFill>-->
			<!--<EndCapLeft>A_GaugeEndCapLeft</EndCapLeft>-->
			<!--<EndCapRight>A_GaugeEndCapRight</EndCapRight>-->
		</GaugeDrawTemplate>
	</Gauge>

	<Gauge item = "GW_Gauge4">
		<ScreenID>Gauge4</ScreenID>
		<!--<Font>3</Font>-->
		<TextColor>
				<R>240</R>
				<G>240</G>
				<B>240</B>
		</TextColor>
		<RelativePosition>true</RelativePosition>
		<Location>
			<X>3</X>
			<Y>72</Y>
		</Location>
		<Size>
			<CX>108</CX>
			<CY>24</CY>
		</Size>
		<TextOffsetX>8</TextOffsetX>
		<Style_VScroll>false</Style_VScroll>
		<Style_HScroll>false</Style_HScroll>
		<Style_Transparent>false</Style_Transparent>
		<!--<TooltipReference/>-->
		<FillTint>
				<R>220</R>
				<G>0</G>
				<B>0</B>
		</FillTint>
		<LinesFillTint>
				<R>220</R>
				<G>220</G>
				<B>0</B>
		</LinesFillTint>
		<DrawLinesFill>false</DrawLinesFill>
		<EQType>14</EQType>
		<GaugeDrawTemplate>
			<Background>A_GaugeBackground</Background>
			<Fill>A_GaugeFill</Fill>
			<Lines>A_GaugeLines</Lines>
			<LinesFill>A_GaugeLinesFill</LinesFill>
			<EndCapLeft>A_GaugeEndCapLeft</EndCapLeft>
			<EndCapRight>A_GaugeEndCapRight</EndCapRight>
		</GaugeDrawTemplate>
	</Gauge>

	<Gauge item = "GW_PetGauge4">
		<ScreenID>PetGauge4</ScreenID>
		<!--<Font>3</Font>-->
		<TextColor>
				<R>240</R>
				<G>240</G>
				<B>240</B>
		</TextColor>
		<RelativePosition>true</RelativePosition>
		<Location>
			<X>7</X>
			<Y>94</Y>
		</Location>
		<Size>
			<CX>108</CX>
			<CY>2</CY>
		</Size>
		<TextOffsetY>-50</TextOffsetY>
		<GaugeOffsetY>-2</GaugeOffsetY>
		<Style_VScroll>false</Style_VScroll>
		<Style_HScroll>false</Style_HScroll>
		<Style_Transparent>false</Style_Transparent>
		<!--<TooltipReference/>-->
		<FillTint>
				<R>51</R>
				<G>192</G>
				<B>51</B>
		</FillTint>
		<LinesFillTint>
				<R>220</R>
				<G>220</G>
				<B>0</B>
		</LinesFillTint>
		<DrawLinesFill>false</DrawLinesFill>
		<EQType>20</EQType>
		<GaugeDrawTemplate>
			<Background>A_GaugeBackground</Background>
			<Fill>A_GaugeFill</Fill>
			<!--<Lines>A_GaugeLines</Lines>-->
			<!--<LinesFill>A_GaugeLinesFill</LinesFill>-->
			<!--<EndCapLeft>A_GaugeEndCapLeft</EndCapLeft>-->
			<!--<EndCapRight>A_GaugeEndCapRight</EndCapRight>-->
		</GaugeDrawTemplate>
	</Gauge>

	<Gauge item = "GW_Gauge5">
		<ScreenID>Gauge5</ScreenID>
		<!--<Font>3</Font>-->
		<TextColor>
				<R>240</R>
				<G>240</G>
				<B>240</B>
		</TextColor>
		<RelativePosition>true</RelativePosition>
		<Location>
			<X>3</X>
			<Y>96</Y>
		</Location>
		<Size>
			<CX>108</CX>
			<CY>24</CY>
		</Size>
		<TextOffsetX>8</TextOffsetX>
		<Style_VScroll>false</Style_VScroll>
		<Style_HScroll>false</Style_HScroll>
		<Style_Transparent>false</Style_Transparent>
		<!--<TooltipReference/>-->
		<FillTint>
				<R>220</R>
				<G>0</G>
				<B>0</B>
		</FillTint>
		<LinesFillTint>
				<R>220</R>
				<G>220</G>
				<B>0</B>
		</LinesFillTint>
		<DrawLinesFill>false</DrawLinesFill>
		<EQType>15</EQType>
		<GaugeDrawTemplate>
			<Background>A_GaugeBackground</Background>
			<Fill>A_GaugeFill</Fill>
			<Lines>A_GaugeLines</Lines>
			<LinesFill>A_GaugeLinesFill</LinesFill>
			<EndCapLeft>A_GaugeEndCapLeft</EndCapLeft>
			<EndCapRight>A_GaugeEndCapRight</EndCapRight>
		</GaugeDrawTemplate>
	</Gauge>

	<Gauge item = "GW_PetGauge5">
		<ScreenID>PetGauge5</ScreenID>
		<!--<Font>3</Font>-->
		<TextColor>
				<R>240</R>
				<G>240</G>
				<B>240</B>
		</TextColor>
		<RelativePosition>true</RelativePosition>
		<Location>
			<X>7</X>
			<Y>118</Y>
		</Location>
		<Size>
			<CX>108</CX>
			<CY>2</CY>
		</Size>
		<TextOffsetY>-50</TextOffsetY>
		<GaugeOffsetY>-2</GaugeOffsetY>
		<Style_VScroll>false</Style_VScroll>
		<Style_HScroll>false</Style_HScroll>
		<Style_Transparent>false</Style_Transparent>
		<!--<TooltipReference/>-->
		<FillTint>
				<R>51</R>
				<G>192</G>
				<B>51</B>
		</FillTint>
		<LinesFillTint>
				<R>220</R>
				<G>220</G>
				<B>0</B>
		</LinesFillTint>
		<DrawLinesFill>false</DrawLinesFill>
		<EQType>21</EQType>
		<GaugeDrawTemplate>
			<Background>A_GaugeBackground</Background>
			<Fill>A_GaugeFill</Fill>
			<!--<Lines>A_GaugeLines</Lines>-->
			<!--<LinesFill>A_GaugeLinesFill</LinesFill>-->
			<!--<EndCapLeft>A_GaugeEndCapLeft</EndCapLeft>-->
			<!--<EndCapRight>A_GaugeEndCapRight</EndCapRight>-->
		</GaugeDrawTemplate>
	</Gauge>

	<Label item ="GW_HPLabel1">
		<ScreenID>HPLabel1</ScreenID>
		<EQType>35</EQType>
		<RelativePosition>true</RelativePosition>
		<Location>
			<X>3</X>
			<Y>12</Y>
		</Location>
		<Size>
			<CX>60</CX>
			<CY>12</CY>
		</Size>
		<Text>Playername123456</Text>
		<TextColor>
				<R>255</R>
				<G>255</G>
				<B>255</B>
		</TextColor>
		<NoWrap>true</NoWrap>
		<AlignCenter>false</AlignCenter>
		<AlignRight>true</AlignRight>
	</Label>

	<Label item ="GW_HPPercLabel1">
		<ScreenID>HPPercLabel1</ScreenID>
		<RelativePosition>true</RelativePosition>
		<Location>
			<X>64</X>
			<Y>12</Y>
		</Location>
		<Size>
			<CX>16</CX>
			<CY>12</CY>
		</Size>
		<Text>%</Text>
		<TextColor>
				<R>255</R>
				<G>255</G>
				<B>255</B>
		</TextColor>
		<NoWrap>true</NoWrap>
		<AlignCenter>false</AlignCenter>
		<AlignRight>false</AlignRight>
	</Label>

	<Label item ="GW_HPLabel2">
		<ScreenID>HPLabel2</ScreenID>
		<EQType>36</EQType>
		<RelativePosition>true</RelativePosition>
		<Location>
			<X>3</X>
			<Y>36</Y>
		</Location>
		<Size>
			<CX>60</CX>
			<CY>12</CY>
		</Size>
		<Text>Playername123456</Text>
		<TextColor>
				<R>255</R>
				<G>255</G>
				<B>255</B>
		</TextColor>
		<NoWrap>true</NoWrap>
		<AlignCenter>false</AlignCenter>
		<AlignRight>true</AlignRight>
	</Label>

	<Label item ="GW_HPPercLabel2">
		<ScreenID>HPPercLabel2</ScreenID>
		<RelativePosition>true</RelativePosition>
		<Location>
			<X>64</X>
			<Y>36</Y>
		</Location>
		<Size>
			<CX>16</CX>
			<CY>12</CY>
		</Size>
		<Text>%</Text>
		<TextColor>
				<R>255</R>
				<G>255</G>
				<B>255</B>
		</TextColor>
		<NoWrap>true</NoWrap>
		<AlignCenter>false</AlignCenter>
		<AlignRight>false</AlignRight>
	</Label>

	<Label item ="GW_HPLabel3">
		<ScreenID>HPLabel3</ScreenID>
		<EQType>37</EQType>
		<RelativePosition>true</RelativePosition>
		<Location>
			<X>3</X>
			<Y>60</Y>
		</Location>
		<Size>
			<CX>60</CX>
			<CY>12</CY>
		</Size>
		<Text>Playername123456</Text>
		<TextColor>
				<R>255</R>
				<G>255</G>
				<B>255</B>
		</TextColor>
		<NoWrap>true</NoWrap>
		<AlignCenter>false</AlignCenter>
		<AlignRight>true</AlignRight>
	</Label>

	<Label item ="GW_HPPercLabel3">
		<ScreenID>HPPercLabel3</ScreenID>
		<RelativePosition>true</RelativePosition>
		<Location>
			<X>64</X>
			<Y>60</Y>
		</Location>
		<Size>
			<CX>16</CX>
			<CY>12</CY>
		</Size>
		<Text>%</Text>
		<TextColor>
				<R>255</R>
				<G>255</G>
				<B>255</B>
		</TextColor>
		<NoWrap>true</NoWrap>
		<AlignCenter>false</AlignCenter>
		<AlignRight>false</AlignRight>
	</Label>

	<Label item ="GW_HPLabel4">
		<ScreenID>HPLabel4</ScreenID>
		<EQType>38</EQType>
		<RelativePosition>true</RelativePosition>
		<Location>
			<X>3</X>
			<Y>84</Y>
		</Location>
		<Size>
			<CX>60</CX>
			<CY>12</CY>
		</Size>
		<Text>Playername123456</Text>
		<TextColor>
				<R>255</R>
				<G>255</G>
				<B>255</B>
		</TextColor>
		<NoWrap>true</NoWrap>
		<AlignCenter>false</AlignCenter>
		<AlignRight>true</AlignRight>
	</Label>

	<Label item ="GW_HPPercLabel4">
		<ScreenID>HPPercLabel4</ScreenID>
		<RelativePosition>true</RelativePosition>
		<Location>
			<X>64</X>
			<Y>84</Y>
		</Location>
		<Size>
			<CX>16</CX>
			<CY>12</CY>
		</Size>
		<Text>%</Text>
		<TextColor>
				<R>255</R>
				<G>255</G>
				<B>255</B>
		</TextColor>
		<NoWrap>true</NoWrap>
		<AlignCenter>false</AlignCenter>
		<AlignRight>false</AlignRight>
	</Label>

	<Label item ="GW_HPLabel5">
		<ScreenID>HPLabel5</ScreenID>
		<EQType>39</EQType>
		<RelativePosition>true</RelativePosition>
		<Location>
			<X>3</X>
			<Y>108</Y>
		</Location>
		<Size>
			<CX>60</CX>
			<CY>12</CY>
		</Size>
		<Text>Playername123456</Text>
		<TextColor>
				<R>255</R>
				<G>255</G>
				<B>255</B>
		</TextColor>
		<NoWrap>true</NoWrap>
		<AlignCenter>false</AlignCenter>
		<AlignRight>true</AlignRight>
	</Label>

	<Label item ="GW_HPPercLabel5">
		<ScreenID>HPPercLabel5</ScreenID>
		<RelativePosition>true</RelativePosition>
		<Location>
			<X>64</X>
			<Y>108</Y>
		</Location>
		<Size>
			<CX>16</CX>
			<CY>12</CY>
		</Size>
		<Text>%</Text>
		<TextColor>
				<R>255</R>
				<G>255</G>
				<B>255</B>
		</TextColor>
		<NoWrap>true</NoWrap>
		<AlignCenter>false</AlignCenter>
		<AlignRight>false</AlignRight>
	</Label>

	<Button item = "GW_LFGButton">
		<ScreenID>LFGButton</ScreenID>
		<RelativePosition>true</RelativePosition>
		<Location>
			<X>42</X>
			<Y>96</Y>
		</Location>
		<Size>
			<CX>26</CX>
			<CY>26</CY>
		</Size>
		<Style_Checkbox>false</Style_Checkbox>
		<TooltipReference>Open LFG Window</TooltipReference>
		<ButtonDrawTemplate>
			<Normal>A_LFGBtnNormal</Normal>
			<Pressed>A_LFGBtnPressed</Pressed>
			<Flyby>A_LFGBtnFlyby</Flyby>
			<Disabled>A_LFGBtnNormal</Disabled>
			<PressedFlyby>A_LFGBtnPressedFlyby</PressedFlyby>
		</ButtonDrawTemplate>
	</Button>


	<Screen item = "GroupWindow">
		<ScreenID/>
		<RelativePosition>false</RelativePosition>
		<Location>
			<X>516</X>
			<Y>78</Y>
		</Location>
		<Size>
			<CX>124</CX>
			<CY>164</CY>
		</Size>
		<Text>Group</Text>
		<Style_VScroll>false</Style_VScroll>
		<Style_HScroll>false</Style_HScroll>
		<Style_Transparent>false</Style_Transparent>
		<TooltipReference>This is the party window.</TooltipReference>
		<DrawTemplate>WDT_Rounded</DrawTemplate>
		<Style_Titlebar>true</Style_Titlebar>
		<Style_Closebox>false</Style_Closebox>
		<Style_Minimizebox>false</Style_Minimizebox>
		<Style_Border>true</Style_Border>
		<Style_Sizable>false</Style_Sizable>
		<Pieces>GW_InviteButton</Pieces>
		<Pieces>GW_DisbandButton</Pieces>
		<Pieces>GW_FollowButton</Pieces>
		<Pieces>GW_DeclineButton</Pieces>
		<Pieces>GW_Gauge1</Pieces>
		<Pieces>GW_Gauge2</Pieces>
		<Pieces>GW_Gauge3</Pieces>
		<Pieces>GW_Gauge4</Pieces>
		<Pieces>GW_Gauge5</Pieces>
		<Pieces>GW_PetGauge1</Pieces>
		<Pieces>GW_PetGauge2</Pieces>
		<Pieces>GW_PetGauge3</Pieces>
		<Pieces>GW_PetGauge4</Pieces>
		<Pieces>GW_PetGauge5</Pieces>
		<Pieces>GW_HPLabel1</Pieces>
		<Pieces>GW_HPPercLabel1</Pieces>
		<Pieces>GW_HPLabel2</Pieces>
		<Pieces>GW_HPPercLabel2</Pieces>
		<Pieces>GW_HPLabel3</Pieces>
		<Pieces>GW_HPPercLabel3</Pieces>
		<Pieces>GW_HPLabel4</Pieces>
		<Pieces>GW_HPPercLabel4</Pieces>
		<Pieces>GW_HPLabel5</Pieces>
		<Pieces>GW_HPPercLabel5</Pieces>
		<Pieces>GW_LFGButton</Pieces>
	</Screen>

</XML>