<?xml version = "1.0"?>
<XML ID = "EQInterfaceDefinitionLanguage">
<Schema xmlns = "EverQuestData" xmlns:dt = "EverQuestDataTypes"/>
	<Label item = "PvpMerchant_NameLabel">		<ScreenID>PvpMerchant_NameLabel</ScreenID>		<RelativePosition>true</RelativePosition>		<AutoStretch>true</AutoStretch>		<LeftAnchorOffset>4</LeftAnchorOffset>		<TopAnchorOffset>4</TopAnchorOffset>		<RightAnchorOffset>4</RightAnchorOffset>		<BottomAnchorOffset>18</BottomAnchorOffset>		<TopAnchorToTop>true</TopAnchorToTop>		<BottomAnchorToTop>true</BottomAnchorToTop>		<LeftAnchorToLeft>true</LeftAnchorToLeft>		<RightAnchorToLeft>false</RightAnchorToLeft>		<Text>Merchant Name</Text>		<TextColor>				<R>255</R>				<G>255</G>				<B>255</B>		</TextColor>		<NoWrap>true</NoWrap>		<AlignCenter>true</AlignCenter>		<AlignRight>false</AlignRight>	</Label>	<Listbox item = "PvpMerchant_ItemList">		<ScreenID>PvpMerchant_ItemList</ScreenID>		<DrawTemplate>WDT_Inner</DrawTemplate>		<TooltipReference>Items this merchant has for sale</TooltipReference>		<AutoStretch>true</AutoStretch>		<LeftAnchorOffset>160</LeftAnchorOffset>		<TopAnchorOffset>28</TopAnchorOffset>		<RightAnchorOffset>4</RightAnchorOffset>		<BottomAnchorOffset>36</BottomAnchorOffset>		<TopAnchorToTop>true</TopAnchorToTop>		<BottomAnchorToTop>false</BottomAnchorToTop>		<LeftAnchorToLeft>true</LeftAnchorToLeft>		<RightAnchorToLeft>false</RightAnchorToLeft>		<TextColor>				<R>255</R>				<G>255</G>				<B>255</B>		</TextColor>		<Style_Border>true</Style_Border>		<Style_VScroll>true</Style_VScroll>		<Columns>			<Width>180</Width>			<Heading>Item</Heading>		</Columns>		<Columns>			<Width>40</Width>			<Heading>Price</Heading>		</Columns>	</Listbox>	<Label item = "PvpMerchant_PointsAvailableLabel">		<ScreenID>PvpMerchant_PointsAvailableLabel</ScreenID>		<RelativePosition>true</RelativePosition>		<AutoStretch>true</AutoStretch>		<LeftAnchorOffset>4</LeftAnchorOffset>		<TopAnchorOffset>35</TopAnchorOffset>		<RightAnchorOffset>140</RightAnchorOffset>		<BottomAnchorOffset>49</BottomAnchorOffset>		<TopAnchorToTop>true</TopAnchorToTop>		<BottomAnchorToTop>true</BottomAnchorToTop>		<LeftAnchorToLeft>true</LeftAnchorToLeft>		<RightAnchorToLeft>true</RightAnchorToLeft>		<Text>Points Available</Text>		<TextColor>				<R>255</R>				<G>255</G>				<B>255</B>		</TextColor>		<NoWrap>true</NoWrap>		<AlignCenter>true</AlignCenter>		<AlignRight>false</AlignRight>	</Label>	<Label item = "PvpMerchant_PointsAvailableValue">		<ScreenID>PvpMerchant_PointsAvailableValue</ScreenID>		<RelativePosition>true</RelativePosition>		<AutoStretch>true</AutoStretch>		<LeftAnchorOffset>4</LeftAnchorOffset>		<TopAnchorOffset>54</TopAnchorOffset>		<RightAnchorOffset>140</RightAnchorOffset>		<BottomAnchorOffset>68</BottomAnchorOffset>		<TopAnchorToTop>true</TopAnchorToTop>		<BottomAnchorToTop>true</BottomAnchorToTop>		<LeftAnchorToLeft>true</LeftAnchorToLeft>		<RightAnchorToLeft>true</RightAnchorToLeft>		<Text></Text>		<TextColor>				<R>0</R>				<G>255</G>				<B>0</B>		</TextColor>		<NoWrap>true</NoWrap>		<AlignCenter>true</AlignCenter>		<AlignRight>false</AlignRight>	</Label>
	<Label item = "PvpMerchant_PointsEverLabel">		<ScreenID>PvpMerchant_PointsEverLabel</ScreenID>		<RelativePosition>true</RelativePosition>		<AutoStretch>true</AutoStretch>		<LeftAnchorOffset>4</LeftAnchorOffset>		<TopAnchorOffset>75</TopAnchorOffset>		<RightAnchorOffset>140</RightAnchorOffset>		<BottomAnchorOffset>89</BottomAnchorOffset>		<TopAnchorToTop>true</TopAnchorToTop>		<BottomAnchorToTop>true</BottomAnchorToTop>		<LeftAnchorToLeft>true</LeftAnchorToLeft>		<RightAnchorToLeft>true</RightAnchorToLeft>		<Text>Points Ever Earned</Text>		<TextColor>				<R>255</R>				<G>255</G>				<B>255</B>		</TextColor>		<NoWrap>true</NoWrap>		<AlignCenter>true</AlignCenter>		<AlignRight>false</AlignRight>	</Label>	<Label item = "PvpMerchant_PointsEverValue">		<ScreenID>PvpMerchant_PointsEverValue</ScreenID>		<RelativePosition>true</RelativePosition>		<AutoStretch>true</AutoStretch>		<LeftAnchorOffset>4</LeftAnchorOffset>		<TopAnchorOffset>95</TopAnchorOffset>		<RightAnchorOffset>140</RightAnchorOffset>		<BottomAnchorOffset>109</BottomAnchorOffset>		<TopAnchorToTop>true</TopAnchorToTop>		<BottomAnchorToTop>true</BottomAnchorToTop>		<LeftAnchorToLeft>true</LeftAnchorToLeft>		<RightAnchorToLeft>true</RightAnchorToLeft>		<Text></Text>		<TextColor>				<R>0</R>				<G>255</G>				<B>0</B>		</TextColor>		<NoWrap>true</NoWrap>		<AlignCenter>true</AlignCenter>		<AlignRight>false</AlignRight>	</Label>
	<Button item = "PvpMerchant_EquipButton">		<ScreenID>PvpMerchant_EquipButton</ScreenID>		<RelativePosition>true</RelativePosition>		<AutoStretch>true</AutoStretch>		<LeftAnchorOffset>5</LeftAnchorOffset>		<TopAnchorOffset>24</TopAnchorOffset>		<RightAnchorOffset>21</RightAnchorOffset>		<BottomAnchorOffset>8</BottomAnchorOffset>		<TopAnchorToTop>false</TopAnchorToTop>		<BottomAnchorToTop>false</BottomAnchorToTop>		<LeftAnchorToLeft>true</LeftAnchorToLeft>		<RightAnchorToLeft>true</RightAnchorToLeft>		<Style_Transparent>false</Style_Transparent>		<Style_Checkbox>true</Style_Checkbox>		<Text></Text>		<TextColor>			<R>255</R>			<G>255</G>			<B>255</B>		</TextColor>		<ButtonDrawTemplate>			<Normal>A_CheckBoxNormal</Normal>			<Pressed>A_CheckBoxPressed</Pressed>		</ButtonDrawTemplate>	</Button>	<Button item = "PvpMerchant_PurchaseButton">		<ScreenID>PvpMerchant_PurchaseButton</ScreenID>		<RelativePosition>true</RelativePosition>		<AutoStretch>true</AutoStretch>		<LeftAnchorOffset>245</LeftAnchorOffset>		<TopAnchorOffset>28</TopAnchorOffset>		<RightAnchorOffset>345</RightAnchorOffset>		<BottomAnchorOffset>4</BottomAnchorOffset>		<TopAnchorToTop>false</TopAnchorToTop>		<BottomAnchorToTop>false</BottomAnchorToTop>		<LeftAnchorToLeft>true</LeftAnchorToLeft>		<RightAnchorToLeft>true</RightAnchorToLeft>		<Style_Transparent>false</Style_Transparent>		<Style_Checkbox>false</Style_Checkbox>		<TooltipReference>Purchase the selected item.</TooltipReference>		<Text>Purchase</Text>		<TextColor>			<R>255</R>			<G>255</G>			<B>255</B>		</TextColor>		<ButtonDrawTemplate>			<Normal>A_SmallBtnNormal</Normal>			<Pressed>A_SmallBtnPressed</Pressed>			<Flyby>A_SmallBtnFlyby</Flyby>			<Disabled>A_SmallBtnDisabled</Disabled>			<PressedFlyby>A_SmallBtnPressedFlyby</PressedFlyby>		</ButtonDrawTemplate>	</Button>	<Button item = "PvpMerchant_DoneButton">		<ScreenID>PvpMerchant_DoneButton</ScreenID>		<RelativePosition>true</RelativePosition>		<AutoStretch>true</AutoStretch>		<LeftAnchorOffset>104</LeftAnchorOffset>		<TopAnchorOffset>28</TopAnchorOffset>		<RightAnchorOffset>4</RightAnchorOffset>		<BottomAnchorOffset>4</BottomAnchorOffset>		<TopAnchorToTop>false</TopAnchorToTop>		<BottomAnchorToTop>false</BottomAnchorToTop>		<LeftAnchorToLeft>false</LeftAnchorToLeft>		<RightAnchorToLeft>false</RightAnchorToLeft>		<Style_Transparent>false</Style_Transparent>		<Style_Checkbox>false</Style_Checkbox>		<Text>Done</Text>		<TextColor>			<R>255</R>			<G>255</G>			<B>255</B>		</TextColor>		<ButtonDrawTemplate>			<Normal>A_SmallBtnNormal</Normal>			<Pressed>A_SmallBtnPressed</Pressed>			<Flyby>A_SmallBtnFlyby</Flyby>			<Disabled>A_SmallBtnDisabled</Disabled>			<PressedFlyby>A_SmallBtnPressedFlyby</PressedFlyby>		</ButtonDrawTemplate>	</Button>	<Label item = "PvpMerchant_EquipLabel">
		<ScreenID>PvpMerchant_EquipLabel</ScreenID>
		<RelativePosition>true</RelativePosition>
		<AutoStretch>true</AutoStretch>
		<LeftAnchorOffset>26</LeftAnchorOffset>
		<TopAnchorOffset>24</TopAnchorOffset>
		<RightAnchorOffset>218</RightAnchorOffset>
		<BottomAnchorOffset>4</BottomAnchorOffset>
		<TopAnchorToTop>false</TopAnchorToTop>
		<BottomAnchorToTop>false</BottomAnchorToTop>
		<LeftAnchorToLeft>true</LeftAnchorToLeft>
		<RightAnchorToLeft>true</RightAnchorToLeft>
		<Text>Show only items I can use</Text>
		<TextColor>
				<R>255</R>
				<G>255</G>
				<B>255</B>
		</TextColor>
		<NoWrap>true</NoWrap>
		<AlignCenter>false</AlignCenter>
		<AlignRight>false</AlignRight>
	</Label>
	<!-- The PvP Merchant Window -->	<Screen item = "PvPMerchantWnd">		<RelativePosition>false</RelativePosition>		<Location>			<X>100</X>			<Y>60</Y>		</Location>		<Size>			<CX>510</CX>			<CY>260</CY>		</Size>		<Style_VScroll>false</Style_VScroll>		<Style_HScroll>false</Style_HScroll>		<Style_Transparent>false</Style_Transparent>		<Text>PvP Merchant</Text>		<DrawTemplate>WDT_Rounded</DrawTemplate>		<Style_Titlebar>true</Style_Titlebar>		<Style_Closebox>true</Style_Closebox>		<Style_Minimizebox>true</Style_Minimizebox>		<Style_Border>true</Style_Border>		<Style_Sizable>true</Style_Sizable>			<Pieces>PvpMerchant_NameLabel</Pieces>			<Pieces>PvpMerchant_ItemList</Pieces>			<Pieces>PvpMerchant_PointsAvailableLabel</Pieces>			<Pieces>PvpMerchant_PointsAvailableValue</Pieces>			<Pieces>PvpMerchant_PointsEverLabel</Pieces>			<Pieces>PvpMerchant_PointsEverValue</Pieces>			<Pieces>PvpMerchant_DoneButton</Pieces>
			<Pieces>PvpMerchant_EquipButton</Pieces>			<Pieces>PvpMerchant_PurchaseButton</Pieces>			<Pieces>PvpMerchant_EquipLabel</Pieces>	</Screen>
</XML>
