<?xml version = "1.0"?>
<XML ID = "EQInterfaceDefinitionLanguage">
<Schema xmlns = "EverQuestData" xmlns:dt = "EverQuestDataTypes"/>

	<Listbox item = "AdvStats_ThemeList">
		<ScreenID>AdvStats_ThemeList</ScreenID>
		<DrawTemplate>WDT_Inner</DrawTemplate>
		<RelativePosition>true</RelativePosition>
		<AutoStretch>true</AutoStretch>
		<LeftAnchorOffset>5</LeftAnchorOffset>
		<TopAnchorOffset>5</TopAnchorOffset>
		<RightAnchorOffset>490</RightAnchorOffset>
		<BottomAnchorOffset>135</BottomAnchorOffset>
		<TopAnchorToTop>true</TopAnchorToTop>
		<BottomAnchorToTop>true</BottomAnchorToTop>
		<LeftAnchorToLeft>true</LeftAnchorToLeft>
		<RightAnchorToLeft>true</RightAnchorToLeft>
		<TextColor>
				<R>255</R>
				<G>255</G>
				<B>255</B>
		</TextColor>
		<Style_Border>true</Style_Border>
		<Style_VScroll>false</Style_VScroll>
		<Columns>
			<Width>90</Width>
			<Heading>Theme</Heading>
		</Columns>
		<Columns>
			<Width>60</Width>
			<Heading>Rank</Heading>
		</Columns>
		<Columns>
			<Width>57</Width>
			<Heading>Success</Heading>
		</Columns>
		<Columns>
			<Width>70</Width>
			<Heading>Failure</Heading>
		</Columns>
		<Columns>
			<Width>58</Width>
			<Heading>Percent</Heading>
		</Columns>
		<Columns>
			<Width>60</Width>
			<Heading>Rank</Heading>
		</Columns>
		<Columns>
			<Width>90</Width>
			<Heading>Total Points</Heading>
		</Columns>
	</Listbox>

	<Label item = "AdvStats_AvailableLabel">
		<ScreenID>AdvStats_AvailableLabel</ScreenID>
		<Location>
			<X>5</X>
			<Y>150</Y>
		</Location>
		<Size>
			<CX>180</CX>
			<CY>14</CY>
		</Size>
		<Text>Adventure Points Available:</Text>
		<TextColor>
			<R>255</R>
			<G>255</G>
			<B>255</B>
		</TextColor>

		<NoWrap>true</NoWrap>
		<AlignCenter>false</AlignCenter>
		<AlignRight>false</AlignRight>
	</Label>

	<Label item = "AdvStats_AvailableValue">
		<ScreenID>AdvStats_AvailableValue</ScreenID>
		<Location>
			<X>180</X>
			<Y>150</Y>
		</Location>
		<Size>
			<CX>40</CX>
			<CY>14</CY>
		</Size>
		<Text></Text>
		<TextColor>
			<R>0</R>
			<G>255</G>
			<B>0</B>
		</TextColor>

		<NoWrap>true</NoWrap>
		<AlignCenter>true</AlignCenter>
		<AlignRight>false</AlignRight>
	</Label>


	<!-- Done Button -->
	<Button item = "AdvStats_RefreshButton">
		<ScreenID>AdvStats_RefreshButton</ScreenID>
		<Location>
			<X>5</X>
			<Y>210</Y>
		</Location>
		<Size>
			<CX>120</CX>
			<CY>24</CY>
		</Size>
		<Style_VScroll>false</Style_VScroll>
		<Style_HScroll>false</Style_HScroll>
		<Style_Transparent>false</Style_Transparent>
		<Style_Checkbox>false</Style_Checkbox>
		<Text>Refresh</Text>
		<TextColor>
				<R>255</R>
				<G>255</G>
				<B>255</B>
		</TextColor>
		<ButtonDrawTemplate>
			<Normal>A_BtnNormal</Normal>
			<Pressed>A_BtnPressed</Pressed>
			<Flyby>A_BtnFlyby</Flyby>
			<Disabled>A_BtnDisabled</Disabled>
			<PressedFlyby>A_BtnPressedFlyby</PressedFlyby>
		</ButtonDrawTemplate>
	</Button>

	<!-- Done Button -->
	<Button item = "AdvStats_LeaderboardButton">
		<ScreenID>AdvStats_LeaderboardButton</ScreenID>
		<Location>
			<X>188</X>
			<Y>210</Y>
		</Location>
		<Size>
			<CX>120</CX>
			<CY>24</CY>
		</Size>
		<Style_VScroll>false</Style_VScroll>
		<Style_HScroll>false</Style_HScroll>
		<Style_Transparent>false</Style_Transparent>
		<Style_Checkbox>false</Style_Checkbox>
		<Text>Leaderboard</Text>
		<TextColor>
				<R>255</R>
				<G>255</G>
				<B>255</B>
		</TextColor>
		<ButtonDrawTemplate>
			<Normal>A_BtnNormal</Normal>
			<Pressed>A_BtnPressed</Pressed>
			<Flyby>A_BtnFlyby</Flyby>
			<Disabled>A_BtnDisabled</Disabled>
			<PressedFlyby>A_BtnPressedFlyby</PressedFlyby>
		</ButtonDrawTemplate>
	</Button>

	<!-- Done Button -->
	<Button item = "AdvStats_DoneButton">
		<ScreenID>AdvStats_DoneButton</ScreenID>
		<Location>
			<X>370</X>
			<Y>210</Y>
		</Location>
		<Size>
			<CX>120</CX>
			<CY>24</CY>
		</Size>
		<Style_VScroll>false</Style_VScroll>
		<Style_HScroll>false</Style_HScroll>
		<Style_Transparent>false</Style_Transparent>
		<Style_Checkbox>false</Style_Checkbox>
		<Text>Done</Text>
		<TextColor>
				<R>255</R>
				<G>255</G>
				<B>255</B>
		</TextColor>
		<ButtonDrawTemplate>
			<Normal>A_BtnNormal</Normal>
			<Pressed>A_BtnPressed</Pressed>
			<Flyby>A_BtnFlyby</Flyby>
			<Disabled>A_BtnDisabled</Disabled>
			<PressedFlyby>A_BtnPressedFlyby</PressedFlyby>
		</ButtonDrawTemplate>
	</Button>

	<!-- The Adventure Stats Window -->
	<Screen item = "AdventureStatsWnd">
		<RelativePosition>false</RelativePosition>
		<Location>
			<X>100</X>
			<Y>60</Y>
		</Location>
		<Size>
			<CX>505</CX>
			<CY>260</CY>
		</Size>
		<Style_VScroll>false</Style_VScroll>
		<Style_HScroll>false</Style_HScroll>
		<Style_Transparent>false</Style_Transparent>
		<Text>Adventure Stats</Text>
		<DrawTemplate>WDT_Rounded</DrawTemplate>
		<Style_Titlebar>true</Style_Titlebar>
		<Style_Closebox>true</Style_Closebox>
		<Style_Minimizebox>true</Style_Minimizebox>
		<Style_Border>true</Style_Border>
		<Style_Sizable>false</Style_Sizable>
			<Pieces>AdvStats_ThemeList</Pieces>
			<Pieces>AdvStats_AvailableLabel</Pieces>
			<Pieces>AdvStats_AvailableValue</Pieces>
			<Pieces>AdvStats_RefreshButton</Pieces>
			<Pieces>AdvStats_LeaderboardButton</Pieces>
			<Pieces>AdvStats_DoneButton</Pieces>
	</Screen>

</XML>
