<?xml version = "1.0"?>
<XML ID = "EQInterfaceDefinitionLanguage">
	<Schema xmlns = "EverQuestData" xmlns:dt = "EverQuestDataTypes"/>

	<Button item = "BW_Buff0_Button">
		<ScreenID>Buff0</ScreenID>
		<!--<Font>3</Font>-->
		<RelativePosition>true</RelativePosition>
		<Location>
			<X>3</X>
			<Y>3</Y>
		</Location>
		<Size>
			<CX>44</CX>
			<CY>44</CY>
		</Size>
		<Style_VScroll>false</Style_VScroll>
		<Style_HScroll>false</Style_HScroll>
		<Style_Transparent>false</Style_Transparent>
		<!--<TooltipReference/>   -->
		<Style_Checkbox>false</Style_Checkbox>
		<!--<RadioGroup/>   -->
		<ButtonDrawTemplate>
			<Normal>BlueIconBackground</Normal>
			<NormalDecal>BuffIcons</NormalDecal>
		</ButtonDrawTemplate>
		<!--  
			<SoundPressed/>
			<SoundUp/>
			<SoundFlyby/>
		-->
		<DecalOffset>
			<X>2</X>
			<Y>2</Y>
		</DecalOffset>
		<DecalSize>
			<CX>40</CX>
			<CY>40</CY>
		</DecalSize>
	</Button>

	<Button item = "BW_Buff1_Button">
		<ScreenID>Buff1</ScreenID>
		<!--<Font>3</Font>   -->
		<RelativePosition>true</RelativePosition>
		<Location>
			<X>48</X>
			<Y>3</Y>
		</Location>
		<Size>
			<CX>44</CX>
			<CY>44</CY>
		</Size>
		<Style_VScroll>false</Style_VScroll>
		<Style_HScroll>false</Style_HScroll>
		<Style_Transparent>false</Style_Transparent>
		<!--<TooltipReference/>   -->
		<Style_Checkbox>false</Style_Checkbox>
		<RadioGroup/>
		<ButtonDrawTemplate>
			<Normal>RedIconBackground</Normal>
			<NormalDecal>BuffIcons</NormalDecal>
		</ButtonDrawTemplate>
		<!--  		
			<SoundPressed/>
			<SoundUp/>
			<SoundFlyby/>
		-->
		<DecalOffset>
			<X>2</X>
			<Y>2</Y>
		</DecalOffset>
		<DecalSize>
			<CX>40</CX>
			<CY>40</CY>
		</DecalSize>
	</Button>

	<Button item = "BW_Buff2_Button">
		<ScreenID>Buff2</ScreenID>
		<!--<Font>3</Font>   -->
		<RelativePosition>true</RelativePosition>
		<Location>
			<X>93</X>
			<Y>3</Y>
		</Location>
		<Size>
			<CX>44</CX>
			<CY>44</CY>
		</Size>
		<Style_VScroll>false</Style_VScroll>
		<Style_HScroll>false</Style_HScroll>
		<Style_Transparent>false</Style_Transparent>
		<!--<TooltipReference/>   -->
		<Style_Checkbox>false</Style_Checkbox>
		<RadioGroup/>
		<ButtonDrawTemplate>
			<Normal>RedIconBackground</Normal>
			<NormalDecal>BuffIcons</NormalDecal>
		</ButtonDrawTemplate>
		<!--  
			<SoundPressed/>
			<SoundUp/>
			<SoundFlyby/>
		-->
		<DecalOffset>
			<X>2</X>
			<Y>2</Y>
		</DecalOffset>
		<DecalSize>
			<CX>40</CX>
			<CY>40</CY>
		</DecalSize>
	</Button>

	<Button item = "BW_Buff3_Button">
		<ScreenID>Buff3</ScreenID>
		<!--<Font>3</Font>   -->
		<RelativePosition>true</RelativePosition>
		<Location>
			<X>3</X>
			<Y>49</Y>
		</Location>
		<Size>
			<CX>44</CX>
			<CY>44</CY>
		</Size>
		<Style_VScroll>false</Style_VScroll>
		<Style_HScroll>false</Style_HScroll>
		<Style_Transparent>false</Style_Transparent>
		<!--<TooltipReference/>   -->
		<Style_Checkbox>false</Style_Checkbox>
		<RadioGroup/>
		<ButtonDrawTemplate>
			<Normal>BlueIconBackground</Normal>
			<NormalDecal>BuffIcons</NormalDecal>
		</ButtonDrawTemplate>
		<!-- Default and not used		
			<SoundPressed/>
			<SoundUp/>
			<SoundFlyby/>
		-->
		<DecalOffset>
			<X>2</X>
			<Y>2</Y>
		</DecalOffset>
		<DecalSize>
			<CX>40</CX>
			<CY>40</CY>
		</DecalSize>
	</Button>

	<Button item = "BW_Buff4_Button">
		<ScreenID>Buff4</ScreenID>
		<!--<Font>3</Font> Default -->
		<RelativePosition>true</RelativePosition>
		<Location>
			<X>48</X>
			<Y>49</Y>
		</Location>
		<Size>
			<CX>44</CX>
			<CY>44</CY>
		</Size>
		<Style_VScroll>false</Style_VScroll>
		<Style_HScroll>false</Style_HScroll>
		<Style_Transparent>false</Style_Transparent>
		<TooltipReference/>
		<Style_Checkbox>false</Style_Checkbox>
		<!--<RadioGroup/> Default -->
		<ButtonDrawTemplate>
			<Normal>RedIconBackground</Normal>
			<NormalDecal>BuffIcons</NormalDecal>
		</ButtonDrawTemplate>
		<!--Default
			<SoundPressed/>
			<SoundUp/>
			<SoundFlyby/>
		-->
		<DecalOffset>
			<X>2</X>
			<Y>2</Y>
		</DecalOffset>
		<DecalSize>
			<CX>40</CX>
			<CY>40</CY>
		</DecalSize>
	</Button>

	<Button item = "BW_Buff5_Button">
		<ScreenID>Buff5</ScreenID>
		<!--<Font>3</Font> Defautl -->
		<RelativePosition>true</RelativePosition>
		<Location>
			<X>93</X>
			<Y>49</Y>
		</Location>
		<Size>
			<CX>44</CX>
			<CY>44</CY>
		</Size>
		<Style_VScroll>false</Style_VScroll>
		<Style_HScroll>false</Style_HScroll>
		<Style_Transparent>false</Style_Transparent>
		<!--<TooltipReference/> Default -->
		<Style_Checkbox>false</Style_Checkbox>
		<!--<RadioGroup/> Default -->
		<ButtonDrawTemplate>
			<Normal>RedIconBackground</Normal>
			<NormalDecal>BuffIcons</NormalDecal>
		</ButtonDrawTemplate>
		<!-- 
			<SoundPressed/>
			<SoundUp/>
			<SoundFlyby/>
		-->
		<DecalOffset>
			<X>2</X>
			<Y>2</Y>
		</DecalOffset>
		<DecalSize>
			<CX>40</CX>
			<CY>40</CY>
		</DecalSize>
	</Button>

	<Button item = "BW_Buff6_Button">
		<ScreenID>Buff6</ScreenID>
		<!--<Font>3</Font> Default -->
		<RelativePosition>true</RelativePosition>
		<Location>
			<X>3</X>
			<Y>95</Y>
		</Location>
		<Size>
			<CX>44</CX>
			<CY>44</CY>
		</Size>
		<Style_VScroll>false</Style_VScroll>
		<Style_HScroll>false</Style_HScroll>
		<Style_Transparent>false</Style_Transparent>
		<TooltipReference/>
		<Style_Checkbox>false</Style_Checkbox>
		<!--<RadioGroup/> Default -->
		<ButtonDrawTemplate>
			<Normal>BlueIconBackground</Normal>
			<NormalDecal>BuffIcons</NormalDecal>
		</ButtonDrawTemplate>
		<!-- 
			<SoundPressed/>
			<SoundUp/>
			<SoundFlyby/>
		-->
		<DecalOffset>
			<X>2</X>
			<Y>2</Y>
		</DecalOffset>
		<DecalSize>
			<CX>40</CX>
			<CY>40</CY>
		</DecalSize>
	</Button>

	<Button item = "BW_Buff7_Button">
		<ScreenID>Buff7</ScreenID>
		<!--<Font>3</Font> Use defaults -->
		<RelativePosition>true</RelativePosition>
		<Location>
			<X>48</X>
			<Y>95</Y>
		</Location>
		<Size>
			<CX>44</CX>
			<CY>44</CY>
		</Size>
		<Style_VScroll>false</Style_VScroll>
		<Style_HScroll>false</Style_HScroll>
		<Style_Transparent>false</Style_Transparent>
		<!--<TooltipReference/> Use defaults -->
		<Style_Checkbox>false</Style_Checkbox>
		<!--<RadioGroup/> Use Defaults -->
		<ButtonDrawTemplate>
			<Normal>RedIconBackground</Normal>
			<NormalDecal>BuffIcons</NormalDecal>
		</ButtonDrawTemplate>
		<!-- Use defaults
			<SoundPressed/>
			<SoundUp/>
			<SoundFlyby/>
		-->
		<DecalOffset>
			<X>2</X>
			<Y>2</Y>
		</DecalOffset>
		<DecalSize>
			<CX>40</CX>
			<CY>40</CY>
		</DecalSize>
	</Button>

	<Button item = "BW_Buff8_Button">
		<ScreenID>Buff8</ScreenID>
		<!--<Font>3</Font>Defaults-->
		<RelativePosition>true</RelativePosition>
		<Location>
			<X>93</X>
			<Y>95</Y>
		</Location>
		<Size>
			<CX>44</CX>
			<CY>44</CY>
		</Size>
		<Style_VScroll>false</Style_VScroll>
		<Style_HScroll>false</Style_HScroll>
		<Style_Transparent>false</Style_Transparent>
		<!--<TooltipReference/> Use default -->
		<Style_Checkbox>false</Style_Checkbox>
		<!--<RadioGroup/>Use default-->
		<ButtonDrawTemplate>
			<Normal>RedIconBackground</Normal>
			<NormalDecal>BuffIcons</NormalDecal>
		</ButtonDrawTemplate>
		<!-- 
			<SoundPressed/>
			<SoundUp/>
			<SoundFlyby/>
		-->
		<DecalOffset>
			<X>2</X>
			<Y>2</Y>
		</DecalOffset>
		<DecalSize>
			<CX>40</CX>
			<CY>40</CY>
		</DecalSize>
	</Button>

	<Button item = "BW_Buff9_Button">
		<ScreenID>Buff9</ScreenID>
		<!--<Font>3</Font>Use Defaults -->
		<RelativePosition>true</RelativePosition>
		<Location>
			<X>3</X>
			<Y>141</Y>
		</Location>
		<Size>
			<CX>44</CX>
			<CY>44</CY>
		</Size>
		<Style_VScroll>false</Style_VScroll>
		<Style_HScroll>false</Style_HScroll>
		<Style_Transparent>false</Style_Transparent>
		<!--<TooltipReference/> Use Defaults -->
		<Style_Checkbox>false</Style_Checkbox>
		<!--<RadioGroup/>  -->
		<ButtonDrawTemplate>
			<Normal>BlueIconBackground</Normal>
			<NormalDecal>BuffIcons</NormalDecal>
		</ButtonDrawTemplate>
		<DecalOffset>
			<X>2</X>
			<Y>2</Y>
		</DecalOffset>
		<DecalSize>
			<CX>40</CX>
			<CY>40</CY>
		</DecalSize>
	</Button>

	<Button item = "BW_Buff10_Button">
		<ScreenID>Buff10</ScreenID>
		<!--<Font>3</Font> -->
		<RelativePosition>true</RelativePosition>
		<Location>
			<X>48</X>
			<Y>141</Y>
		</Location>
		<Size>
			<CX>44</CX>
			<CY>44</CY>
		</Size>
		<Style_VScroll>false</Style_VScroll>
		<Style_HScroll>false</Style_HScroll>
		<Style_Transparent>false</Style_Transparent>
		<!--<TooltipReference/>-->
		<Style_Checkbox>false</Style_Checkbox>
		<!--<RadioGroup/>-->
		<ButtonDrawTemplate>
			<Normal>RedIconBackground</Normal>
			<NormalDecal>BuffIcons</NormalDecal>
		</ButtonDrawTemplate>
		<DecalOffset>
			<X>2</X>
			<Y>2</Y>
		</DecalOffset>
		<DecalSize>
			<CX>40</CX>
			<CY>40</CY>
		</DecalSize>
	</Button>

	<Button item = "BW_Buff11_Button">
		<ScreenID>Buff11</ScreenID>
		<!--<Font>3</Font>-->
		<RelativePosition>true</RelativePosition>
		<Location>
			<X>93</X>
			<Y>141</Y>
		</Location>
		<Size>
			<CX>44</CX>
			<CY>44</CY>
		</Size>
		<Style_VScroll>false</Style_VScroll>
		<Style_HScroll>false</Style_HScroll>
		<Style_Transparent>false</Style_Transparent>
		<!--<TooltipReference/>-->
		<Style_Checkbox>false</Style_Checkbox>
		<!--<RadioGroup/>-->
		<ButtonDrawTemplate>
			<Normal>RedIconBackground</Normal>
			<NormalDecal>BuffIcons</NormalDecal>
		</ButtonDrawTemplate>
		<DecalOffset>
			<X>2</X>
			<Y>2</Y>
		</DecalOffset>
		<DecalSize>
			<CX>40</CX>
			<CY>40</CY>
		</DecalSize>
	</Button>

	<Button item = "BW_Buff12_Button">
		<ScreenID>Buff12</ScreenID>
		<!--<Font>3</Font>-->
		<RelativePosition>true</RelativePosition>
		<Location>
			<X>3</X>
			<Y>187</Y>
		</Location>
		<Size>
			<CX>44</CX>
			<CY>44</CY>
		</Size>
		<Style_VScroll>false</Style_VScroll>
		<Style_HScroll>false</Style_HScroll>
		<Style_Transparent>false</Style_Transparent>
		<!--<TooltipReference/>-->
		<Style_Checkbox>false</Style_Checkbox>
		<!--<RadioGroup/>-->
		<ButtonDrawTemplate>
			<Normal>BlueIconBackground</Normal>
			<NormalDecal>BuffIcons</NormalDecal>
		</ButtonDrawTemplate>
		<DecalOffset>
			<X>2</X>
			<Y>2</Y>
		</DecalOffset>
		<DecalSize>
			<CX>40</CX>
			<CY>40</CY>
		</DecalSize>
	</Button>

	<Button item = "BW_Buff13_Button">
		<ScreenID>Buff13</ScreenID>
		<!--<Font>3</Font>-->
		<RelativePosition>true</RelativePosition>
		<Location>
			<X>48</X>
			<Y>187</Y>
		</Location>
		<Size>
			<CX>44</CX>
			<CY>44</CY>
		</Size>
		<Style_VScroll>false</Style_VScroll>
		<Style_HScroll>false</Style_HScroll>
		<Style_Transparent>false</Style_Transparent>
		<!--<TooltipReference/>-->
		<Style_Checkbox>false</Style_Checkbox>
		<!--<RadioGroup/>-->
		<ButtonDrawTemplate>
			<Normal>RedIconBackground</Normal>
			<NormalDecal>BuffIcons</NormalDecal>
		</ButtonDrawTemplate>
		<DecalOffset>
			<X>2</X>
			<Y>2</Y>
		</DecalOffset>
		<DecalSize>
			<CX>40</CX>
			<CY>40</CY>
		</DecalSize>
	</Button>

	<Button item = "BW_Buff14_Button">
		<ScreenID>Buff14</ScreenID>
		<!--<Font>3</Font>-->
		<RelativePosition>true</RelativePosition>
		<Location>
			<X>93</X>
			<Y>187</Y>
		</Location>
		<Size>
			<CX>44</CX>
			<CY>44</CY>
		</Size>
		<Style_VScroll>false</Style_VScroll>
		<Style_HScroll>false</Style_HScroll>
		<Style_Transparent>false</Style_Transparent>
		<!--<TooltipReference/>-->
		<Style_Checkbox>false</Style_Checkbox>
		<!--<RadioGroup/>-->
		<ButtonDrawTemplate>
			<Normal>RedIconBackground</Normal>
			<NormalDecal>BuffIcons</NormalDecal>
		</ButtonDrawTemplate>
		<DecalOffset>
			<X>2</X>
			<Y>2</Y>
		</DecalOffset>
		<DecalSize>
			<CX>40</CX>
			<CY>40</CY>
		</DecalSize>
	</Button>
	<Button item = "BW_Buff15_Button">
		<ScreenID>Buff15</ScreenID>
		<!--<Font>3</Font>-->
		<RelativePosition>true</RelativePosition>
		<Location>
			<X>3</X>
			<Y>3</Y>
		</Location>
		<Size>
			<CX>44</CX>
			<CY>44</CY>
		</Size>
		<Style_VScroll>false</Style_VScroll>
		<Style_HScroll>false</Style_HScroll>
		<Style_Transparent>false</Style_Transparent>
		<!--<TooltipReference/>   -->
		<Style_Checkbox>false</Style_Checkbox>
		<!--<RadioGroup/>   -->
		<ButtonDrawTemplate>
			<Normal>BlueIconBackground</Normal>
			<NormalDecal>BuffIcons</NormalDecal>
		</ButtonDrawTemplate>
		<!--  
			<SoundPressed/>
			<SoundUp/>
			<SoundFlyby/>
		-->
		<DecalOffset>
			<X>2</X>
			<Y>2</Y>
		</DecalOffset>
		<DecalSize>
			<CX>40</CX>
			<CY>40</CY>
		</DecalSize>
	</Button>
	<Button item = "BW_Buff16_Button">
		<ScreenID>Buff16</ScreenID>
		<!--<Font>3</Font>-->
		<RelativePosition>true</RelativePosition>
		<Location>
			<X>3</X>
			<Y>3</Y>
		</Location>
		<Size>
			<CX>44</CX>
			<CY>44</CY>
		</Size>
		<Style_VScroll>false</Style_VScroll>
		<Style_HScroll>false</Style_HScroll>
		<Style_Transparent>false</Style_Transparent>
		<!--<TooltipReference/>   -->
		<Style_Checkbox>false</Style_Checkbox>
		<!--<RadioGroup/>   -->
		<ButtonDrawTemplate>
			<Normal>BlueIconBackground</Normal>
			<NormalDecal>BuffIcons</NormalDecal>
		</ButtonDrawTemplate>
		<!--  
			<SoundPressed/>
			<SoundUp/>
			<SoundFlyby/>
		-->
		<DecalOffset>
			<X>2</X>
			<Y>2</Y>
		</DecalOffset>
		<DecalSize>
			<CX>40</CX>
			<CY>40</CY>
		</DecalSize>
	</Button>
		<Button item = "BW_Buff17_Button">
		<ScreenID>Buff17</ScreenID>
		<!--<Font>3</Font>-->
		<RelativePosition>true</RelativePosition>
		<Location>
			<X>3</X>
			<Y>3</Y>
		</Location>
		<Size>
			<CX>44</CX>
			<CY>44</CY>
		</Size>
		<Style_VScroll>false</Style_VScroll>
		<Style_HScroll>false</Style_HScroll>
		<Style_Transparent>false</Style_Transparent>
		<!--<TooltipReference/>   -->
		<Style_Checkbox>false</Style_Checkbox>
		<!--<RadioGroup/>   -->
		<ButtonDrawTemplate>
			<Normal>BlueIconBackground</Normal>
			<NormalDecal>BuffIcons</NormalDecal>
		</ButtonDrawTemplate>
		<!--  
			<SoundPressed/>
			<SoundUp/>
			<SoundFlyby/>
		-->
		<DecalOffset>
			<X>2</X>
			<Y>2</Y>
		</DecalOffset>
		<DecalSize>
			<CX>40</CX>
			<CY>40</CY>
		</DecalSize>
	</Button>
		<Button item = "BW_Buff18_Button">
		<ScreenID>Buff18</ScreenID>
		<!--<Font>3</Font>-->
		<RelativePosition>true</RelativePosition>
		<Location>
			<X>3</X>
			<Y>3</Y>
		</Location>
		<Size>
			<CX>44</CX>
			<CY>44</CY>
		</Size>
		<Style_VScroll>false</Style_VScroll>
		<Style_HScroll>false</Style_HScroll>
		<Style_Transparent>false</Style_Transparent>
		<!--<TooltipReference/>   -->
		<Style_Checkbox>false</Style_Checkbox>
		<!--<RadioGroup/>   -->
		<ButtonDrawTemplate>
			<Normal>BlueIconBackground</Normal>
			<NormalDecal>BuffIcons</NormalDecal>
		</ButtonDrawTemplate>
		<!--  
			<SoundPressed/>
			<SoundUp/>
			<SoundFlyby/>
		-->
		<DecalOffset>
			<X>2</X>
			<Y>2</Y>
		</DecalOffset>
		<DecalSize>
			<CX>40</CX>
			<CY>40</CY>
		</DecalSize>
	</Button>
		<Button item = "BW_Buff19_Button">
		<ScreenID>Buff19</ScreenID>
		<!--<Font>3</Font>-->
		<RelativePosition>true</RelativePosition>
		<Location>
			<X>3</X>
			<Y>3</Y>
		</Location>
		<Size>
			<CX>44</CX>
			<CY>44</CY>
		</Size>
		<Style_VScroll>false</Style_VScroll>
		<Style_HScroll>false</Style_HScroll>
		<Style_Transparent>false</Style_Transparent>
		<Style_Checkbox>false</Style_Checkbox>
		<ButtonDrawTemplate>
			<Normal>BlueIconBackground</Normal>
			<NormalDecal>BuffIcons</NormalDecal>
		</ButtonDrawTemplate>
		<DecalOffset>
			<X>2</X>
			<Y>2</Y>
		</DecalOffset>
		<DecalSize>
			<CX>40</CX>
			<CY>40</CY>
		</DecalSize>
	</Button>
	<Button item = "BW_Buff20_Button">
		<ScreenID>Buff20</ScreenID>
		<!--<Font>3</Font>-->
		<RelativePosition>true</RelativePosition>
		<Location>
			<X>3</X>
			<Y>3</Y>
		</Location>
		<Size>
			<CX>44</CX>
			<CY>44</CY>
		</Size>
		<Style_VScroll>false</Style_VScroll>
		<Style_HScroll>false</Style_HScroll>
		<Style_Transparent>false</Style_Transparent>
		<Style_Checkbox>false</Style_Checkbox>
		<ButtonDrawTemplate>
			<Normal>BlueIconBackground</Normal>
			<NormalDecal>BuffIcons</NormalDecal>
		</ButtonDrawTemplate>
		<DecalOffset>
			<X>2</X>
			<Y>2</Y>
		</DecalOffset>
		<DecalSize>
			<CX>40</CX>
			<CY>40</CY>
		</DecalSize>
	</Button>
	<Button item = "BW_Buff21_Button">
		<ScreenID>Buff21</ScreenID>
		<!--<Font>3</Font>-->
		<RelativePosition>true</RelativePosition>
		<Location>
			<X>3</X>
			<Y>3</Y>
		</Location>
		<Size>
			<CX>44</CX>
			<CY>44</CY>
		</Size>
		<Style_VScroll>false</Style_VScroll>
		<Style_HScroll>false</Style_HScroll>
		<Style_Transparent>false</Style_Transparent>
		<Style_Checkbox>false</Style_Checkbox>
		<ButtonDrawTemplate>
			<Normal>BlueIconBackground</Normal>
			<NormalDecal>BuffIcons</NormalDecal>
		</ButtonDrawTemplate>
		<DecalOffset>
			<X>2</X>
			<Y>2</Y>
		</DecalOffset>
		<DecalSize>
			<CX>40</CX>
			<CY>40</CY>
		</DecalSize>
	</Button>
		<Button item = "BW_Buff22_Button">
		<ScreenID>Buff22</ScreenID>
		<!--<Font>3</Font>-->
		<RelativePosition>true</RelativePosition>
		<Location>
			<X>3</X>
			<Y>3</Y>
		</Location>
		<Size>
			<CX>44</CX>
			<CY>44</CY>
		</Size>
		<Style_VScroll>false</Style_VScroll>
		<Style_HScroll>false</Style_HScroll>
		<Style_Transparent>false</Style_Transparent>
		<Style_Checkbox>false</Style_Checkbox>
		<ButtonDrawTemplate>
			<Normal>BlueIconBackground</Normal>
			<NormalDecal>BuffIcons</NormalDecal>
		</ButtonDrawTemplate>
		<DecalOffset>
			<X>2</X>
			<Y>2</Y>
		</DecalOffset>
		<DecalSize>
			<CX>40</CX>
			<CY>40</CY>
		</DecalSize>
	</Button>
		<Button item = "BW_Buff23_Button">
		<ScreenID>Buff23</ScreenID>
		<!--<Font>3</Font>-->
		<RelativePosition>true</RelativePosition>
		<Location>
			<X>3</X>
			<Y>3</Y>
		</Location>
		<Size>
			<CX>44</CX>
			<CY>44</CY>
		</Size>
		<Style_VScroll>false</Style_VScroll>
		<Style_HScroll>false</Style_HScroll>
		<Style_Transparent>false</Style_Transparent>
		<Style_Checkbox>false</Style_Checkbox>
		<ButtonDrawTemplate>
			<Normal>BlueIconBackground</Normal>
			<NormalDecal>BuffIcons</NormalDecal>
		</ButtonDrawTemplate>
		<DecalOffset>
			<X>2</X>
			<Y>2</Y>
		</DecalOffset>
		<DecalSize>
			<CX>40</CX>
			<CY>40</CY>
		</DecalSize>
	</Button>
		<Button item = "BW_Buff24_Button">
		<ScreenID>Buff24</ScreenID>
		<!--<Font>3</Font>-->
		<RelativePosition>true</RelativePosition>
		<Location>
			<X>3</X>
			<Y>3</Y>
		</Location>
		<Size>
			<CX>44</CX>
			<CY>44</CY>
		</Size>
		<Style_VScroll>false</Style_VScroll>
		<Style_HScroll>false</Style_HScroll>
		<Style_Transparent>false</Style_Transparent>
		<Style_Checkbox>false</Style_Checkbox>
		<ButtonDrawTemplate>
			<Normal>BlueIconBackground</Normal>
			<NormalDecal>BuffIcons</NormalDecal>
		</ButtonDrawTemplate>
		<DecalOffset>
			<X>2</X>
			<Y>2</Y>
		</DecalOffset>
		<DecalSize>
			<CX>40</CX>
			<CY>40</CY>
		</DecalSize>
	</Button>
	<Screen item = "BuffWindow">
		<!--<ScreenID/>-->
		<Text>Effects</Text>
		<RelativePosition>false</RelativePosition>
		<Location>
			<X>415</X>
			<Y>0</Y>
		</Location>
		<Size>
			<CX>104</CX>
			<CY>395</CY>
		</Size>
		<Style_VScroll>false</Style_VScroll>
		<Style_HScroll>false</Style_HScroll>
		<Style_Transparent>true</Style_Transparent>
		<!--<TooltipReference/>-->
		<DrawTemplate>WDT_Def</DrawTemplate>
		<Style_Titlebar>true</Style_Titlebar>
		<Style_Closebox>true</Style_Closebox>
		<Style_Minimizebox>true</Style_Minimizebox>
		<Style_Border>true</Style_Border>
		<Style_Sizable>true</Style_Sizable>
		<Pieces>BW_Buff0_Button</Pieces>
		<Pieces>BW_Buff1_Button</Pieces>
		<Pieces>BW_Buff2_Button</Pieces>
		<Pieces>BW_Buff3_Button</Pieces>
		<Pieces>BW_Buff4_Button</Pieces>
		<Pieces>BW_Buff5_Button</Pieces>
		<Pieces>BW_Buff6_Button</Pieces>
		<Pieces>BW_Buff7_Button</Pieces>
		<Pieces>BW_Buff8_Button</Pieces>
		<Pieces>BW_Buff9_Button</Pieces>
		<Pieces>BW_Buff10_Button</Pieces>
		<Pieces>BW_Buff11_Button</Pieces>
		<Pieces>BW_Buff12_Button</Pieces>
		<Pieces>BW_Buff13_Button</Pieces>
		<Pieces>BW_Buff14_Button</Pieces>
		<Pieces>BW_Buff15_Button</Pieces>
		<Pieces>BW_Buff16_Button</Pieces>
		<Pieces>BW_Buff17_Button</Pieces>
		<Pieces>BW_Buff18_Button</Pieces>
		<Pieces>BW_Buff19_Button</Pieces>
		<Pieces>BW_Buff20_Button</Pieces>
		<Pieces>BW_Buff21_Button</Pieces>
		<Pieces>BW_Buff22_Button</Pieces>
		<Pieces>BW_Buff23_Button</Pieces>
		<Pieces>BW_Buff24_Button</Pieces>
	</Screen>

</XML>
