<?xml version = "1.0"?>
<XML ID = "EQInterfaceDefinitionLanguage">
	<Schema xmlns = "EverQuestData" xmlns:dt = "EverQuestDataTypes"/>

	<Combobox item = "MPW_SongSelector">
		<ScreenID>SongSelector</ScreenID>
		<DrawTemplate>WDT_Inner</DrawTemplate>
		<TooltipReference>This is the currently selected song.</TooltipReference>
		<Location>
			<X>2</X>
			<Y>2</Y>
		</Location>
		<Size>
			<CX>246</CX>
			<CY>24</CY>
		</Size>
		<TextColor>
				<R>255</R>
				<G>255</G>
				<B>255</B>
		</TextColor>
		<ListHeight>240</ListHeight>
		<Button>BDT_Combo</Button>
		<Style_Border>true</Style_Border>
	</Combobox>

	<Label item ="MPW_PositionMin">
		<ScreenID/>
		<!--<Font>3</Font>-->
		<RelativePosition>true</RelativePosition>
		<Location>
			<X>2</X>
			<Y>30</Y>
		</Location>
		<Size>
			<CX>24</CX>
			<CY>16</CY>
		</Size>
		<EQType>78</EQType>
		<TextColor>
				<R>255</R>
				<G>255</G>
				<B>255</B>
		</TextColor>
		<NoWrap>true</NoWrap>
		<AlignCenter>false</AlignCenter>
		<AlignRight>true</AlignRight>
	</Label>

	<Label item ="MPW_Colon2">
		<ScreenID/>
		<!--<Font>3</Font>-->
		<RelativePosition>true</RelativePosition>
		<Location>
			<X>26</X>
			<Y>30</Y>
		</Location>
		<Size>
			<CX>5</CX>
			<CY>16</CY>
		</Size>
		<Text>:</Text>
		<TextColor>
				<R>255</R>
				<G>255</G>
				<B>255</B>
		</TextColor>
		<NoWrap>true</NoWrap>
		<AlignCenter>true</AlignCenter>
		<AlignRight>false</AlignRight>
	</Label>

	<Label item ="MPW_PositionSec">
		<ScreenID/>
		<!--<Font>3</Font>-->
		<RelativePosition>true</RelativePosition>
		<Location>
			<X>31</X>
			<Y>30</Y>
		</Location>
		<Size>
			<CX>24</CX>
			<CY>16</CY>
		</Size>
		<EQType>79</EQType>
		<TextColor>
				<R>255</R>
				<G>255</G>
				<B>255</B>
		</TextColor>
		<NoWrap>true</NoWrap>
		<AlignCenter>false</AlignCenter>
		<AlignRight>false</AlignRight>
	</Label>

	<Label item ="MPW_Slash">
		<ScreenID/>
		<!--<Font>3</Font>-->
		<RelativePosition>true</RelativePosition>
		<Location>
			<X>55</X>
			<Y>30</Y>
		</Location>
		<Size>
			<CX>8</CX>
			<CY>16</CY>
		</Size>
		<Text>/</Text>
		<TextColor>
				<R>255</R>
				<G>255</G>
				<B>255</B>
		</TextColor>
		<NoWrap>true</NoWrap>
		<AlignCenter>true</AlignCenter>
		<AlignRight>false</AlignRight>
	</Label>

	<Label item ="MPW_DurationMin">
		<ScreenID>DurationMin</ScreenID>
		<!--<Font>3</Font>-->
		<RelativePosition>true</RelativePosition>
		<Location>
			<X>63</X>
			<Y>30</Y>
		</Location>
		<Size>
			<CX>24</CX>
			<CY>16</CY>
		</Size>
		<EQType>76</EQType>
		<TextColor>
				<R>255</R>
				<G>255</G>
				<B>255</B>
		</TextColor>
		<NoWrap>true</NoWrap>
		<AlignCenter>false</AlignCenter>
		<AlignRight>true</AlignRight>
	</Label>

	<Label item ="MPW_Colon1">
		<ScreenID/>
		<!--<Font>3</Font>-->
		<RelativePosition>true</RelativePosition>
		<Location>
			<X>87</X>
			<Y>30</Y>
		</Location>
		<Size>
			<CX>5</CX>
			<CY>16</CY>
		</Size>
		<Text>:</Text>
		<TextColor>
				<R>255</R>
				<G>255</G>
				<B>255</B>
		</TextColor>
		<NoWrap>true</NoWrap>
		<AlignCenter>true</AlignCenter>
		<AlignRight>false</AlignRight>
	</Label>

	<Label item ="MPW_DurationSec">
		<ScreenID/>
		<!--<Font>3</Font>-->
		<RelativePosition>true</RelativePosition>
		<Location>
			<X>92</X>
			<Y>30</Y>
		</Location>
		<Size>
			<CX>24</CX>
			<CY>16</CY>
		</Size>
		<EQType>77</EQType>
		<TextColor>
				<R>255</R>
				<G>255</G>
				<B>255</B>
		</TextColor>
		<NoWrap>true</NoWrap>
		<AlignCenter>false</AlignCenter>
		<AlignRight>false</AlignRight>
	</Label>

	<Gauge item = "MPW_SongTimer">
		<ScreenID>SongTimer</ScreenID>
		<!--<Font>3</Font>-->
		<TextColor>
				<R>240</R>
				<G>240</G>
				<B>240</B>
		</TextColor>
		<RelativePosition>true</RelativePosition>
		<Location>
			<X>10</X>
			<Y>30</Y>
		</Location>
		<Size>
			<CX>108</CX>
			<CY>24</CY>
		</Size>
		<TextOffsetX>-50</TextOffsetX>
		<GaugeOffsetY>16</GaugeOffsetY>
		<Style_VScroll>false</Style_VScroll>
		<Style_HScroll>false</Style_HScroll>
		<Style_Transparent>false</Style_Transparent>
		<!--<TooltipReference/>-->
		<FillTint>
				<R>220</R>
				<G>220</G>
				<B>0</B>
		</FillTint>
		<LinesFillTint>
				<R>0</R>
				<G>0</G>
				<B>220</B>
		</LinesFillTint>
		<DrawLinesFill>false</DrawLinesFill>
		<EQType>22</EQType>
		<GaugeDrawTemplate>
			<Background>A_GaugeBackground</Background>
			<Fill>A_GaugeFill</Fill>
			<Lines>A_GaugeLines</Lines>
			<LinesFill>A_GaugeLinesFill</LinesFill>
			<EndCapLeft>A_GaugeEndCapLeft</EndCapLeft>
			<EndCapRight>A_GaugeEndCapRight</EndCapRight>
		</GaugeDrawTemplate>
	</Gauge>

	<Label item ="MPW_VolLabel">
		<ScreenID/>
		<!--<Font>3</Font>-->
		<RelativePosition>true</RelativePosition>
		<Location>
			<X>130</X>
			<Y>30</Y>
		</Location>
		<Size>
			<CX>100</CX>
			<CY>20</CY>
		</Size>
		<Text>Volume</Text>
		<TextColor>
				<R>255</R>
				<G>255</G>
				<B>255</B>
		</TextColor>
		<NoWrap>true</NoWrap>
		<AlignCenter>true</AlignCenter>
		<AlignRight>false</AlignRight>
	</Label>

	<Slider item = "MPW_Volume">
		<ScreenID>Volume</ScreenID>
		<!--<Font>3</Font>-->
		<RelativePosition>true</RelativePosition>
		<Location>
			<X>130</X>
			<Y>34</Y>
		</Location>
		<Size>
			<CX>100</CX>
			<CY>20</CY>
		</Size>
		<SliderArt>SDT_DefSlider</SliderArt>
	</Slider>

	<Button item = "MPW_BackButton">
		<ScreenID>BackButton</ScreenID>
		<!--<Font>3</Font>-->
		<RelativePosition>true</RelativePosition>
		<Location>
			<X>2</X>
			<Y>58</Y>
		</Location>
		<Size>
			<CX>48</CX>
			<CY>20</CY>
		</Size>
		<Style_VScroll>false</Style_VScroll>
		<Style_HScroll>false</Style_HScroll>
		<Style_Transparent>false</Style_Transparent>
		<TooltipReference>Back</TooltipReference>
		<Style_Checkbox>false</Style_Checkbox>
		<!--<RadioGroup/>-->
		<Text>Back</Text>
		<TextColor>
				<R>255</R>
				<G>255</G>
				<B>255</B>
		</TextColor>
		<ButtonDrawTemplate>
			<Normal>A_SmallBtnNormal</Normal>
			<Pressed>A_SmallBtnPressed</Pressed>
			<Flyby>A_SmallBtnFlyby</Flyby>
			<Disabled>A_SmallBtnDisabled</Disabled>
			<PressedFlyby>A_SmallBtnPressedFlyby</PressedFlyby>
		</ButtonDrawTemplate>
	</Button>

	<Button item = "MPW_PlayButton">
		<ScreenID>PlayButton</ScreenID>
		<!--<Font>3</Font>-->
		<RelativePosition>true</RelativePosition>
		<Location>
			<X>52</X>
			<Y>58</Y>
		</Location>
		<Size>
			<CX>48</CX>
			<CY>20</CY>
		</Size>
		<Style_VScroll>false</Style_VScroll>
		<Style_HScroll>false</Style_HScroll>
		<Style_Transparent>false</Style_Transparent>
		<TooltipReference>Play a song</TooltipReference>
		<Style_Checkbox>false</Style_Checkbox>
		<!--<RadioGroup/>-->
		<Text>Play</Text>
		<TextColor>
				<R>255</R>
				<G>255</G>
				<B>255</B>
		</TextColor>
		<ButtonDrawTemplate>
			<Normal>A_SmallBtnNormal</Normal>
			<Pressed>A_SmallBtnPressed</Pressed>
			<Flyby>A_SmallBtnFlyby</Flyby>
			<Disabled>A_SmallBtnDisabled</Disabled>
			<PressedFlyby>A_SmallBtnPressedFlyby</PressedFlyby>
		</ButtonDrawTemplate>
	</Button>

	<Button item = "MPW_PauseButton">
		<ScreenID>PauseButton</ScreenID>
		<!--<Font>3</Font>-->
		<RelativePosition>true</RelativePosition>
		<Location>
			<X>102</X>
			<Y>58</Y>
		</Location>
		<Size>
			<CX>48</CX>
			<CY>20</CY>
		</Size>
		<Style_VScroll>false</Style_VScroll>
		<Style_HScroll>false</Style_HScroll>
		<Style_Transparent>false</Style_Transparent>
		<TooltipReference>Pause playing</TooltipReference>
		<Style_Checkbox>false</Style_Checkbox>
		<!--<RadioGroup/>-->
		<Text>Pause</Text>
		<TextColor>
				<R>255</R>
				<G>255</G>
				<B>255</B>
		</TextColor>
		<ButtonDrawTemplate>
			<Normal>A_SmallBtnNormal</Normal>
			<Pressed>A_SmallBtnPressed</Pressed>
			<Flyby>A_SmallBtnFlyby</Flyby>
			<Disabled>A_SmallBtnDisabled</Disabled>
			<PressedFlyby>A_SmallBtnPressedFlyby</PressedFlyby>
		</ButtonDrawTemplate>
	</Button>

	<Button item = "MPW_StopButton">
		<ScreenID>StopButton</ScreenID>
		<!--<Font>3</Font>-->
		<RelativePosition>true</RelativePosition>
		<Location>
			<X>152</X>
			<Y>58</Y>
		</Location>
		<Size>
			<CX>48</CX>
			<CY>20</CY>
		</Size>
		<Style_VScroll>false</Style_VScroll>
		<Style_HScroll>false</Style_HScroll>
		<Style_Transparent>false</Style_Transparent>
		<TooltipReference>Stop playing</TooltipReference>
		<Style_Checkbox>false</Style_Checkbox>
		<!--<RadioGroup/>-->
		<Text>Stop</Text>
		<TextColor>
				<R>255</R>
				<G>255</G>
				<B>255</B>
		</TextColor>
		<ButtonDrawTemplate>
			<Normal>A_SmallBtnNormal</Normal>
			<Pressed>A_SmallBtnPressed</Pressed>
			<Flyby>A_SmallBtnFlyby</Flyby>
			<Disabled>A_SmallBtnDisabled</Disabled>
			<PressedFlyby>A_SmallBtnPressedFlyby</PressedFlyby>
		</ButtonDrawTemplate>
	</Button>

	<Button item = "MPW_NextButton">
		<ScreenID>NextButton</ScreenID>
		<!--<Font>3</Font>-->
		<RelativePosition>true</RelativePosition>
		<Location>
			<X>202</X>
			<Y>58</Y>
		</Location>
		<Size>
			<CX>48</CX>
			<CY>20</CY>
		</Size>
		<Style_VScroll>false</Style_VScroll>
		<Style_HScroll>false</Style_HScroll>
		<Style_Transparent>false</Style_Transparent>
		<TooltipReference>Skip to next song</TooltipReference>
		<Style_Checkbox>false</Style_Checkbox>
		<!--<RadioGroup/>-->
		<Text>Next</Text>
		<TextColor>
				<R>255</R>
				<G>255</G>
				<B>255</B>
		</TextColor>
		<ButtonDrawTemplate>
			<Normal>A_SmallBtnNormal</Normal>
			<Pressed>A_SmallBtnPressed</Pressed>
			<Flyby>A_SmallBtnFlyby</Flyby>
			<Disabled>A_SmallBtnDisabled</Disabled>
			<PressedFlyby>A_SmallBtnPressedFlyby</PressedFlyby>
		</ButtonDrawTemplate>
	</Button>

	<Button item = "MPW_RandomButton">
		<ScreenID>RandomButton</ScreenID>
		<!--<Font>3</Font>-->
		<RelativePosition>true</RelativePosition>
		<Location>
			<X>2</X>
			<Y>88</Y>
		</Location>
		<Size>
			<CX>60</CX>
			<CY>20</CY>
		</Size>
		<Style_VScroll>false</Style_VScroll>
		<Style_HScroll>false</Style_HScroll>
		<Style_Transparent>false</Style_Transparent>
		<TooltipReference>Push down for random song selection</TooltipReference>
		<Style_Checkbox>true</Style_Checkbox>
		<!--<RadioGroup/>-->
		<Text>Random</Text>
		<TextColor>
				<R>255</R>
				<G>255</G>
				<B>255</B>
		</TextColor>
		<ButtonDrawTemplate>
			<Normal>A_SmallBtnNormal</Normal>
			<Pressed>A_SmallBtnPressed</Pressed>
			<Flyby>A_SmallBtnFlyby</Flyby>
			<Disabled>A_SmallBtnDisabled</Disabled>
			<PressedFlyby>A_SmallBtnPressedFlyby</PressedFlyby>
		</ButtonDrawTemplate>
	</Button>

	<Button item = "MPW_DeleteButton">
		<ScreenID>DeleteButton</ScreenID>
		<!--<Font>3</Font>-->
		<RelativePosition>true</RelativePosition>
		<Location>
			<X>66</X>
			<Y>88</Y>
		</Location>
		<Size>
			<CX>60</CX>
			<CY>20</CY>
		</Size>
		<Style_VScroll>false</Style_VScroll>
		<Style_HScroll>false</Style_HScroll>
		<Style_Transparent>false</Style_Transparent>
		<TooltipReference>Delete the current song from the playlist.</TooltipReference>
		<Style_Checkbox>false</Style_Checkbox>
		<!--<RadioGroup/>-->
		<Text>Delete</Text>
		<TextColor>
				<R>255</R>
				<G>255</G>
				<B>255</B>
		</TextColor>
		<ButtonDrawTemplate>
			<Normal>A_SmallBtnNormal</Normal>
			<Pressed>A_SmallBtnPressed</Pressed>
			<Flyby>A_SmallBtnFlyby</Flyby>
			<Disabled>A_SmallBtnDisabled</Disabled>
			<PressedFlyby>A_SmallBtnPressedFlyby</PressedFlyby>
		</ButtonDrawTemplate>
	</Button>

	<Button item = "MPW_AddButton">
		<ScreenID>AddButton</ScreenID>
		<!--<Font>3</Font>-->
		<RelativePosition>true</RelativePosition>
		<Location>
			<X>128</X>
			<Y>88</Y>
		</Location>
		<Size>
			<CX>36</CX>
			<CY>20</CY>
		</Size>
		<Style_VScroll>false</Style_VScroll>
		<Style_HScroll>false</Style_HScroll>
		<Style_Transparent>false</Style_Transparent>
		<TooltipReference>Add the filename to the left to the playlist.</TooltipReference>
		<Style_Checkbox>false</Style_Checkbox>
		<!--<RadioGroup/>-->
		<Text>Add</Text>
		<TextColor>
				<R>255</R>
				<G>255</G>
				<B>255</B>
		</TextColor>
		<ButtonDrawTemplate>
			<Normal>A_SmallBtnNormal</Normal>
			<Pressed>A_SmallBtnPressed</Pressed>
			<Flyby>A_SmallBtnFlyby</Flyby>
			<Disabled>A_SmallBtnDisabled</Disabled>
			<PressedFlyby>A_SmallBtnPressedFlyby</PressedFlyby>
		</ButtonDrawTemplate>
	</Button>

	<Button item = "MPW_ClearButton">
		<ScreenID>ClearButton</ScreenID>
		<!--<Font>3</Font>-->
		<RelativePosition>true</RelativePosition>
		<Location>
			<X>170</X>
			<Y>88</Y>
		</Location>
		<Size>
			<CX>40</CX>
			<CY>20</CY>
		</Size>
		<Style_VScroll>false</Style_VScroll>
		<Style_HScroll>false</Style_HScroll>
		<Style_Transparent>false</Style_Transparent>
		<TooltipReference>Clears the current playlist.</TooltipReference>
		<Style_Checkbox>false</Style_Checkbox>
		<!--<RadioGroup/>-->
		<Text>Clear</Text>
		<TextColor>
				<R>255</R>
				<G>255</G>
				<B>255</B>
		</TextColor>
		<ButtonDrawTemplate>
			<Normal>A_SmallBtnNormal</Normal>
			<Pressed>A_SmallBtnPressed</Pressed>
			<Flyby>A_SmallBtnFlyby</Flyby>
			<Disabled>A_SmallBtnDisabled</Disabled>
			<PressedFlyby>A_SmallBtnPressedFlyby</PressedFlyby>
		</ButtonDrawTemplate>
	</Button>

	<Button item = "MPW_SaveButton">
		<ScreenID>SaveButton</ScreenID>
		<!--<Font>3</Font>-->
		<RelativePosition>true</RelativePosition>
		<Location>
			<X>212</X>
			<Y>88</Y>
		</Location>
		<Size>
			<CX>38</CX>
			<CY>20</CY>
		</Size>
		<Style_VScroll>false</Style_VScroll>
		<Style_HScroll>false</Style_HScroll>
		<Style_Transparent>false</Style_Transparent>
		<TooltipReference>Save the current playlist.</TooltipReference>
		<Style_Checkbox>false</Style_Checkbox>
		<!--<RadioGroup/>-->
		<Text>Save</Text>
		<TextColor>
				<R>255</R>
				<G>255</G>
				<B>255</B>
		</TextColor>
		<ButtonDrawTemplate>
			<Normal>A_SmallBtnNormal</Normal>
			<Pressed>A_SmallBtnPressed</Pressed>
			<Flyby>A_SmallBtnFlyby</Flyby>
			<Disabled>A_SmallBtnDisabled</Disabled>
			<PressedFlyby>A_SmallBtnPressedFlyby</PressedFlyby>
		</ButtonDrawTemplate>
	</Button>


	<Screen item = "MusicPlayerWnd">
		<ScreenID/>
		<RelativePosition>false</RelativePosition>
		<Location>
			<X>200</X>
			<Y>78</Y>
		</Location>
		<Size>
			<CX>260</CX>
			<CY>132</CY>
		</Size>
		<Text>Music Player</Text>
		<Style_VScroll>false</Style_VScroll>
		<Style_HScroll>false</Style_HScroll>
		<Style_Transparent>false</Style_Transparent>
		<TooltipReference>Music Player Window</TooltipReference>
		<DrawTemplate>WDT_Rounded</DrawTemplate>
		<Style_Titlebar>true</Style_Titlebar>
		<Style_Closebox>true</Style_Closebox>
		<Style_Minimizebox>true</Style_Minimizebox>
		<Style_Border>true</Style_Border>
		<Style_Sizable>false</Style_Sizable>
		<Pieces>MPW_DurationMin</Pieces>
		<Pieces>MPW_Colon2</Pieces>
		<Pieces>MPW_DurationSec</Pieces>
		<Pieces>MPW_Slash</Pieces>
		<Pieces>MPW_PositionMin</Pieces>
		<Pieces>MPW_Colon1</Pieces>
		<Pieces>MPW_PositionSec</Pieces>
		<Pieces>MPW_Volume</Pieces>
		<Pieces>MPW_VolLabel</Pieces>
		<Pieces>MPW_SongTimer</Pieces>
		<Pieces>MPW_BackButton</Pieces>
		<Pieces>MPW_PlayButton</Pieces>
		<Pieces>MPW_PauseButton</Pieces>
		<Pieces>MPW_StopButton</Pieces>
		<Pieces>MPW_NextButton</Pieces>
		<Pieces>MPW_RandomButton</Pieces>
		<Pieces>MPW_DeleteButton</Pieces>
		<Pieces>MPW_AddButton</Pieces>
		<Pieces>MPW_ClearButton</Pieces>
		<Pieces>MPW_SaveButton</Pieces>
		<Pieces>MPW_SongSelector</Pieces>
	</Screen>

</XML>