<?xml version = "1.0"?>
<XML ID = "EQInterfaceDefinitionLanguage">
	<Schema xmlns = "EverQuestData" xmlns:dt = "EverQuestDataTypes"/>

	<Combobox item = "FSW_Directories">
		<ScreenID>DirHistory</ScreenID>
		<DrawTemplate>WDT_Inner</DrawTemplate>
		<TooltipReference>Directory History Tree.</TooltipReference>
		<RelativePosition>true</RelativePosition>
		<AutoStretch>true</AutoStretch>
		<LeftAnchorOffset>2</LeftAnchorOffset>
		<TopAnchorOffset>2</TopAnchorOffset>
		<RightAnchorOffset>54</RightAnchorOffset>
		<BottomAnchorOffset>26</BottomAnchorOffset>
		<TopAnchorToTop>true</TopAnchorToTop>
		<RightAnchorToLeft>false</RightAnchorToLeft>
		<BottomAnchorToTop>true</BottomAnchorToTop>
		<TextColor>
				<R>255</R>
				<G>255</G>
				<B>255</B>
		</TextColor>
		<ListHeight>80</ListHeight>
		<Button>BDT_Combo</Button>
		<Choices>My Computer</Choices>
		<Style_Border>true</Style_Border>
	</Combobox>

	<Button item = "FSW_UpButton">
		<ScreenID>UpButton</ScreenID>
		<!--<Font>3</Font>-->
		<RelativePosition>true</RelativePosition>
		<AutoStretch>true</AutoStretch>
		<LeftAnchorOffset>38</LeftAnchorOffset>
		<TopAnchorOffset>2</TopAnchorOffset>
		<RightAnchorOffset>4</RightAnchorOffset>
		<BottomAnchorOffset>26</BottomAnchorOffset>
		<TopAnchorToTop>true</TopAnchorToTop>
		<RightAnchorToLeft>false</RightAnchorToLeft>
		<BottomAnchorToTop>true</BottomAnchorToTop>
		<LeftAnchorToLeft>false</LeftAnchorToLeft>
		<Style_Transparent>false</Style_Transparent>
		<!--<TooltipReference/>-->
		<Style_Checkbox>false</Style_Checkbox>
		<!--<RadioGroup/>-->
		<Text>^^^</Text>
		<TextColor>
				<R>255</R>
				<G>255</G>
				<B>255</B>
		</TextColor>
		<ButtonDrawTemplate>
			<Normal>A_BtnNormal</Normal>
			<Pressed>A_BtnPressed</Pressed>
			<Flyby>A_BtnFlyby</Flyby>
			<Disabled>A_BtnDisabled</Disabled>
			<PressedFlyby>A_BtnPressedFlyby</PressedFlyby>
		</ButtonDrawTemplate>
	</Button>

	<Listbox item = "FSW_FileList">
		<ScreenID>FileList</ScreenID>
		<DrawTemplate>WDT_Inner</DrawTemplate>
		<AutoStretch>true</AutoStretch>
		<LeftAnchorOffset>2</LeftAnchorOffset>
		<TopAnchorOffset>28</TopAnchorOffset>
		<RightAnchorOffset>2</RightAnchorOffset>
		<BottomAnchorOffset>60</BottomAnchorOffset>
		<RightAnchorToLeft>false</RightAnchorToLeft>
		<BottomAnchorToTop>false</BottomAnchorToTop>
		<Columns>
			<Width>196</Width>
		</Columns>
		<Style_Border>true</Style_Border>
		<Style_VScroll>true</Style_VScroll>
	</Listbox>

	<Editbox item = "FSW_Entry">
		<ScreenID>Entry</ScreenID>
		<DrawTemplate>WDT_Inner</DrawTemplate>
		<RelativePosition>true</RelativePosition>
		<Style_Border>true</Style_Border>
		<AutoStretch>true</AutoStretch>
		<LeftAnchorOffset>2</LeftAnchorOffset>
		<TopAnchorOffset>55</TopAnchorOffset>
		<RightAnchorOffset>2</RightAnchorOffset>
		<BottomAnchorOffset>30</BottomAnchorOffset>
		<TopAnchorToTop>false</TopAnchorToTop>
		<RightAnchorToLeft>false</RightAnchorToLeft>
		<BottomAnchorToTop>false</BottomAnchorToTop>
		<TextColor>
				<R>255</R>
				<G>255</G>
				<B>255</B>
		</TextColor>
	</Editbox>

	<Button item = "FSW_OKButton">
		<ScreenID>OK</ScreenID>
		<!--<Font>3</Font>-->
		<RelativePosition>true</RelativePosition>
		<AutoStretch>true</AutoStretch>
		<LeftAnchorOffset>30</LeftAnchorOffset>
		<TopAnchorOffset>25</TopAnchorOffset>
		<RightAnchorOffset>90</RightAnchorOffset>
		<BottomAnchorOffset>2</BottomAnchorOffset>
		<TopAnchorToTop>false</TopAnchorToTop>
		<RightAnchorToLeft>true</RightAnchorToLeft>
		<BottomAnchorToTop>false</BottomAnchorToTop>
		<Style_Transparent>false</Style_Transparent>
		<!--<TooltipReference/>-->
		<Style_Checkbox>false</Style_Checkbox>
		<!--<RadioGroup/>-->
		<Text>OK</Text>
		<TextColor>
				<R>255</R>
				<G>255</G>
				<B>255</B>
		</TextColor>
		<ButtonDrawTemplate>
			<Normal>A_BtnNormal</Normal>
			<Pressed>A_BtnPressed</Pressed>
			<Flyby>A_BtnFlyby</Flyby>
			<Disabled>A_BtnDisabled</Disabled>
			<PressedFlyby>A_BtnPressedFlyby</PressedFlyby>
		</ButtonDrawTemplate>
	</Button>

	<Button item = "FSW_CancelButton">
		<ScreenID>Cancel</ScreenID>
		<!--<Font>3</Font>-->
		<RelativePosition>true</RelativePosition>
		<AutoStretch>true</AutoStretch>
		<LeftAnchorOffset>110</LeftAnchorOffset>
		<TopAnchorOffset>25</TopAnchorOffset>
		<RightAnchorOffset>170</RightAnchorOffset>
		<BottomAnchorOffset>2</BottomAnchorOffset>
		<TopAnchorToTop>false</TopAnchorToTop>
		<RightAnchorToLeft>true</RightAnchorToLeft>
		<BottomAnchorToTop>false</BottomAnchorToTop>
		<Style_Transparent>false</Style_Transparent>
		<!--<TooltipReference/>-->
		<Style_Checkbox>false</Style_Checkbox>
		<!--<RadioGroup/>-->
		<Text>Cancel</Text>
		<TextColor>
				<R>255</R>
				<G>255</G>
				<B>255</B>
		</TextColor>
		<ButtonDrawTemplate>
			<Normal>A_BtnNormal</Normal>
			<Pressed>A_BtnPressed</Pressed>
			<Flyby>A_BtnFlyby</Flyby>
			<Disabled>A_BtnDisabled</Disabled>
			<PressedFlyby>A_BtnPressedFlyby</PressedFlyby>
		</ButtonDrawTemplate>
	</Button>


	<Screen item = "FileSelectionWnd">
		<!--<ScreenID/>-->
		<!--<Font/>-->
		<RelativePosition>false</RelativePosition>
		<Location>
			<X>178</X>
			<Y>166</Y>
		</Location>
		<Size>
			<CX>218</CX>
			<CY>206</CY>
		</Size>
		<Text>Select a File</Text>
		<Style_Transparent>false</Style_Transparent>
		<!--<TooltipReference/>-->
		<DrawTemplate>WDT_Def</DrawTemplate>
		<Style_Titlebar>true</Style_Titlebar>
		<Style_Closebox>true</Style_Closebox>
		<Style_Minimizebox>false</Style_Minimizebox>
		<Style_Border>true</Style_Border>
		<Style_Sizable>true</Style_Sizable>
		<Pieces>FSW_UpButton</Pieces>
		<Pieces>FSW_FileList</Pieces>
		<Pieces>FSW_Entry</Pieces>
		<Pieces>FSW_OKButton</Pieces>
		<Pieces>FSW_CancelButton</Pieces>
		<Pieces>FSW_Directories</Pieces>
	</Screen>

</XML>