<?xml version="1.0" encoding="us-ascii"?>
<XML ID="EQInterfaceDefinitionLanguage">
  <Schema xmlns="EverQuestData" xmlns:dt="EverQuestDataTypes" />
  <Gauge item="Player_HP">
    <ScreenID>PlayerHP</ScreenID>
    <!--<Font>3</Font>-->
    <TextColor>
      <R>240</R>
      <G>240</G>
      <B>240</B>
    </TextColor>
    <RelativePosition>true</RelativePosition>
    <Location>
      <X>2</X>
      <Y>1</Y>
    </Location>
    <Size>
      <CX>108</CX>
      <CY>42</CY>
    </Size>
    <TextOffsetX>8</TextOffsetX>
    <GaugeOffsetY>33</GaugeOffsetY>
    <Style_VScroll>false</Style_VScroll>
    <Style_HScroll>false</Style_HScroll>
    <Style_Transparent>false</Style_Transparent>
    <!--<TooltipReference/>-->
    <FillTint>
      <R>240</R>
      <G>0</G>
      <B>0</B>
    </FillTint>
    <DrawLinesFill>false</DrawLinesFill>
    <EQType>1</EQType>
    <GaugeDrawTemplate>
      <Background>A_GaugeBackground</Background>
      <Fill>A_GaugeFill</Fill>
      <Lines>A_GaugeLines</Lines>
      <EndCapLeft>A_GaugeEndCapLeft</EndCapLeft>
      <EndCapRight>A_GaugeEndCapRight</EndCapRight>
    </GaugeDrawTemplate>
  </Gauge>
  <Gauge item="Pet_HP">
    <ScreenID>PetHP</ScreenID>
    <!--<Font>3</Font>-->
    <TextColor>
      <R>240</R>
      <G>240</G>
      <B>240</B>
    </TextColor>
    <RelativePosition>true</RelativePosition>
    <Location>
      <X>7</X>
      <Y>30</Y>
    </Location>
    <Size>
      <CX>2</CX>
      <CY>2</CY>
    </Size>
    <TextOffsetY>-50</TextOffsetY>
    <GaugeOffsetY>0</GaugeOffsetY>
    <Style_VScroll>false</Style_VScroll>
    <Style_HScroll>false</Style_HScroll>
    <Style_Transparent>false</Style_Transparent>
    <!--<TooltipReference/>-->
    <FillTint>
      <R>0</R>
      <G>240</G>
      <B>0</B>
    </FillTint>
    <DrawLinesFill>true</DrawLinesFill>
    <EQType>16</EQType>
    <GaugeDrawTemplate>
      <Background>A_GaugeBackground</Background>
      <Fill>A_GaugeFill</Fill>
      <Lines>A_GaugeLines</Lines>
      <LinesFill>A_GaugeLinesFill</LinesFill>
    </GaugeDrawTemplate>
  </Gauge>
  <Gauge item="Player_Mana">
    <ScreenID>PlayerMana</ScreenID>
    <!--<Font>3</Font>-->
    <RelativePosition>true</RelativePosition>
    <Location>
      <X>2</X>
      <Y>58</Y>
    </Location>
    <Size>
      <CX>108</CX>
      <CY>8</CY>
    </Size>
    <GaugeOffsetY>0</GaugeOffsetY>
    <Style_VScroll>false</Style_VScroll>
    <Style_HScroll>false</Style_HScroll>
    <Style_Transparent>false</Style_Transparent>
    <!--<TooltipReference/>-->
    <FillTint>
      <R>0</R>
      <G>0</G>
      <B>255</B>
    </FillTint>
    <DrawLinesFill>false</DrawLinesFill>
    <EQType>2</EQType>
    <GaugeDrawTemplate>
      <Background>A_GaugeBackground</Background>
      <Fill>A_GaugeFill</Fill>
      <Lines>A_GaugeLines</Lines>
      <LinesFill>A_GaugeLinesFill</LinesFill>
      <EndCapLeft>A_GaugeEndCapLeft</EndCapLeft>
      <EndCapRight>A_GaugeEndCapRight</EndCapRight>
    </GaugeDrawTemplate>
  </Gauge>
  <Gauge item="Player_Fatigue">
    <ScreenID>PlayerFatigue</ScreenID>
    <!--<Font>3</Font>-->
    <RelativePosition>true</RelativePosition>
    <Location>
      <X>2</X>
      <Y>46</Y>
    </Location>
    <Size>
      <CX>108</CX>
      <CY>8</CY>
    </Size>
    <GaugeOffsetY>0</GaugeOffsetY>
    <Style_VScroll>false</Style_VScroll>
    <Style_HScroll>false</Style_HScroll>
    <Style_Transparent>false</Style_Transparent>
    <!--<TooltipReference/>-->
    <FillTint>
      <R>240</R>
      <G>240</G>
      <B>0</B>
    </FillTint>
    <LinesFillTint>
      <R>0</R>
      <G>220</G>
      <B>0</B>
    </LinesFillTint>
    <DrawLinesFill>false</DrawLinesFill>
    <EQType>3</EQType>
    <GaugeDrawTemplate>
      <Background>A_GaugeBackground</Background>
      <Fill>A_GaugeFill</Fill>
      <Lines>A_GaugeLines</Lines>
      <LinesFill>A_GaugeLinesFill</LinesFill>
      <EndCapLeft>A_GaugeEndCapLeft</EndCapLeft>
      <EndCapRight>A_GaugeEndCapRight</EndCapRight>
    </GaugeDrawTemplate>
  </Gauge>
  <Gauge item="ExpGauge">
    <ScreenID>ExpGauge</ScreenID>
    <!--<Font>3</Font>-->
    <RelativePosition>true</RelativePosition>
    <Location>
      <X>2</X>
      <Y>70</Y>
    </Location>
    <Size>
      <CX>116</CX>
      <CY>8</CY>
    </Size>
    <GaugeOffsetY>0</GaugeOffsetY>
    <Style_VScroll>false</Style_VScroll>
    <Style_HScroll>false</Style_HScroll>
    <Style_Transparent>false</Style_Transparent>
    <!--<TooltipReference/>-->
    <FillTint>
      <R>220</R>
      <G>150</G>
      <B>0</B>
    </FillTint>
    <LinesFillTint>
      <R>0</R>
      <G>80</G>
      <B>220</B>
    </LinesFillTint>
    <DrawLinesFill>true</DrawLinesFill>
    <EQType>4</EQType>
    <GaugeDrawTemplate>
      <Background>A_GaugeBackground</Background>
      <Fill>A_GaugeFill</Fill>
      <Lines>A_GaugeLines</Lines>
      <LinesFill>A_GaugeLinesFill</LinesFill>
      <EndCapLeft>A_GaugeEndCapLeft</EndCapLeft>
      <EndCapRight>A_GaugeEndCapRight</EndCapRight>
    </GaugeDrawTemplate>
  </Gauge>
  <Gauge item="AltAdvGauge">
    <ScreenID>AltAdvGauge</ScreenID>
    <!--<Font>3</Font>-->
    <RelativePosition>true</RelativePosition>
    <Location>
      <X>2</X>
      <Y>82</Y>
    </Location>
    <Size>
      <CX>116</CX>
      <CY>11</CY>
    </Size>
    <GaugeOffsetY>0</GaugeOffsetY>
    <Style_VScroll>false</Style_VScroll>
    <Style_HScroll>false</Style_HScroll>
    <Style_Transparent>false</Style_Transparent>
    <!--<TooltipReference/>-->
    <FillTint>
      <R>220</R>
      <G>150</G>
      <B>0</B>
    </FillTint>
    <LinesFillTint>
      <R>0</R>
      <G>40</G>
      <B>150</B>
    </LinesFillTint>
    <DrawLinesFill>true</DrawLinesFill>
    <EQType>5</EQType>
    <GaugeDrawTemplate>
      <Background>A_GaugeBackground</Background>
      <Fill>A_GaugeFill</Fill>
      <Lines>A_GaugeLines</Lines>
      <LinesFill>A_GaugeLinesFill</LinesFill>
      <EndCapLeft>A_GaugeEndCapLeft</EndCapLeft>
      <EndCapRight>A_GaugeEndCapRight</EndCapRight>
    </GaugeDrawTemplate>
  </Gauge>
  <Label item="HPPercentage">
    <ScreenID>HPPercentage</ScreenID>
    <Font>3</Font>
    <RelativePosition>true</RelativePosition>
    <Location>
      <X>116</X>
      <Y>28</Y>
    </Location>
    <Size>
      <CX>40</CX>
      <CY>15</CY>
    </Size>
    <EQType>19</EQType>
    <TextColor>
      <R>255</R>
      <G>0</G>
      <B>0</B>
      <Alpha>255</Alpha>
    </TextColor>
    <NoWrap>true</NoWrap>
    <AlignCenter>false</AlignCenter>
    <AlignRight>false</AlignRight>
  </Label>
  <Label item="StaPercentage">
    <ScreenID>StaPercentage</ScreenID>
    <Font>3</Font>
    <RelativePosition>true</RelativePosition>
    <Location>
      <X>116</X>
      <Y>40</Y>
    </Location>
    <Size>
      <CX>40</CX>
      <CY>15</CY>
    </Size>
    <EQType>21</EQType>
    <TextColor>
      <R>255</R>
      <G>255</G>
      <B>0</B>
      <Alpha>255</Alpha>
    </TextColor>
    <NoWrap>true</NoWrap>
    <AlignCenter>false</AlignCenter>
    <AlignRight>false</AlignRight>
  </Label>
  <Label item="ACGauge">
    <ScreenID>ACGauge</ScreenID>
    <Font>2</Font>
    <RelativePosition>true</RelativePosition>
    <Location>
      <X>33</X>
      <Y>106</Y>
    </Location>
    <Size>
      <CX>40</CX>
      <CY>15</CY>
    </Size>
    <EQType>22</EQType>
    <TextColor>
      <R>255</R>
      <G>255</G>
      <B>0</B>
    </TextColor>
    <NoWrap>true</NoWrap>
    <AlignCenter>false</AlignCenter>
    <AlignRight>false</AlignRight>
  </Label>
  <Label item="AtkGauge">
    <ScreenID>AtkGauge</ScreenID>
    <Font>2</Font>
    <RelativePosition>true</RelativePosition>
    <Location>
      <X>95</X>
      <Y>106</Y>
    </Location>
    <Size>
      <CX>40</CX>
      <CY>15</CY>
    </Size>
    <EQType>23</EQType>
    <TextColor>
      <R>255</R>
      <G>255</G>
      <B>0</B>
    </TextColor>
    <NoWrap>true</NoWrap>
    <AlignCenter>false</AlignCenter>
    <AlignRight>false</AlignRight>
  </Label>
  <Label item="HPNumber">
    <ScreenID>HPNumberLabel</ScreenID>
    <Font>2</Font>
    <RelativePosition>true</RelativePosition>
    <Location>
      <X>33</X>
      <Y>93</Y>
    </Location>
    <Size>
      <CX>40</CX>
      <CY>15</CY>
    </Size>
    <EQType>17</EQType>
    <TextColor>
      <R>255</R>
      <G>128</G>
      <B>0</B>
    </TextColor>
    <NoWrap>true</NoWrap>
    <AlignCenter>false</AlignCenter>
    <AlignRight>false</AlignRight>
  </Label>
  <Label item="MaxHPNumber">
    <ScreenID>MaxHPNumberLabel</ScreenID>
    <Font>2</Font>
    <RelativePosition>true</RelativePosition>
    <Location>
      <X>95</X>
      <Y>93</Y>
    </Location>
    <Size>
      <CX>40</CX>
      <CY>15</CY>
    </Size>
    <EQType>18</EQType>
    <TextColor>
      <R>255</R>
      <G>255</G>
      <B>0</B>
    </TextColor>
    <NoWrap>true</NoWrap>
    <AlignCenter>false</AlignCenter>
    <AlignRight>false</AlignRight>
  </Label>
  <Label item="ExpPercentage">
    <ScreenID>ExpPercentageLabel</ScreenID>
    <Font>3</Font>
    <RelativePosition>true</RelativePosition>
    <Location>
      <X>116</X>
      <Y>65</Y>
    </Location>
    <Size>
      <CX>40</CX>
      <CY>15</CY>
    </Size>
    <EQType>26</EQType>
    <TextColor>
      <R>232</R>
      <G>160</G>
      <B>6</B>
      <Alpha>255</Alpha>
    </TextColor>
    <NoWrap>true</NoWrap>
    <AlignCenter>false</AlignCenter>
    <AlignRight>false</AlignRight>
  </Label>
  <Label item="AltAdvExpPercentage">
    <ScreenID>AltAdvExpPercentageLabel</ScreenID>
    <Font>3</Font>
    <RelativePosition>true</RelativePosition>
    <Location>
      <X>116</X>
      <Y>77</Y>
    </Location>
    <Size>
      <CX>40</CX>
      <CY>15</CY>
    </Size>
    <EQType>27</EQType>
    <TextColor>
      <R>232</R>
      <G>160</G>
      <B>6</B>
    </TextColor>
    <NoWrap>true</NoWrap>
    <AlignCenter>false</AlignCenter>
    <AlignRight>false</AlignRight>
  </Label>
  <Label item="ManaPercent">
    <ScreenID>ManaPercentLabel</ScreenID>
    <Font>3</Font>
    <RelativePosition>true</RelativePosition>
    <Location>
      <X>116</X>
      <Y>53</Y>
    </Location>
    <Size>
      <CX>40</CX>
      <CY>15</CY>
    </Size>
    <EQType>20</EQType>
    <TextColor>
      <R>0</R>
      <G>0</G>
      <B>255</B>
      <Alpha>255</Alpha>
    </TextColor>
    <NoWrap>true</NoWrap>
    <AlignCenter>false</AlignCenter>
    <AlignRight>false</AlignRight>
  </Label>
  <Label item="MaxHPLabel">
    <ScreenID>MaxHPLabel</ScreenID>
    <Font>2</Font>
    <RelativePosition>true</RelativePosition>
    <Location>
      <X>70</X>
      <Y>93</Y>
    </Location>
    <Size>
      <CX>40</CX>
      <CY>15</CY>
    </Size>
    <Text>Max:</Text>
    <TextColor>
      <R>255</R>
      <G>255</G>
      <B>0</B>
    </TextColor>
    <NoWrap>true</NoWrap>
    <AlignCenter>false</AlignCenter>
    <AlignRight>false</AlignRight>
  </Label>
  <Label item="ACLabel">
    <ScreenID>ACLabel</ScreenID>
    <Font>2</Font>
    <RelativePosition>true</RelativePosition>
    <Location>
      <X>15</X>
      <Y>106</Y>
    </Location>
    <Size>
      <CX>40</CX>
      <CY>15</CY>
    </Size>
    <Text>AC:</Text>
    <TextColor>
      <R>255</R>
      <G>255</G>
      <B>0</B>
    </TextColor>
    <NoWrap>true</NoWrap>
    <AlignCenter>false</AlignCenter>
    <AlignRight>false</AlignRight>
  </Label>
  <Label item="HPLabel">
    <ScreenID>HPLabel</ScreenID>
    <Font>2</Font>
    <RelativePosition>true</RelativePosition>
    <Location>
      <X>15</X>
      <Y>93</Y>
    </Location>
    <Size>
      <CX>40</CX>
      <CY>15</CY>
    </Size>
    <Text>HP:</Text>
    <TextColor>
      <R>255</R>
      <G>255</G>
      <B>0</B>
    </TextColor>
    <NoWrap>true</NoWrap>
    <AlignCenter>false</AlignCenter>
    <AlignRight>false</AlignRight>
  </Label>
  <Label item="AtkLabel">
    <ScreenID>AtkLabel</ScreenID>
    <Font>2</Font>
    <RelativePosition>true</RelativePosition>
    <Location>
      <X>70</X>
      <Y>106</Y>
    </Location>
    <Size>
      <CX>40</CX>
      <CY>15</CY>
    </Size>
    <Text>Atk:</Text>
    <TextColor>
      <R>255</R>
      <G>255</G>
      <B>0</B>
    </TextColor>
    <NoWrap>true</NoWrap>
    <AlignCenter>false</AlignCenter>
    <AlignRight>false</AlignRight>
  </Label>
  <Screen item="PlayerWindow">
    <!--<ScreenID/>-->
    <RelativePosition>false</RelativePosition>
    <Location>
      <X>516</X>
      <Y>0</Y>
    </Location>
    <Size>
      <CX>152</CX>
      <CY>127</CY>
    </Size>
    <Text>Player</Text>
    <Style_VScroll>false</Style_VScroll>
    <Style_HScroll>false</Style_HScroll>
    <Style_Transparent>false</Style_Transparent>
    <TooltipReference>Player Window</TooltipReference>
    <DrawTemplate>WDT_RoundedNoTitle</DrawTemplate>
    <Style_Titlebar>false</Style_Titlebar>
    <Style_Closebox>false</Style_Closebox>
    <Style_Minimizebox>false</Style_Minimizebox>
    <Style_Border>true</Style_Border>
    <Style_Sizable>false</Style_Sizable>
    <Pieces>Player_HP</Pieces>
    <Pieces>Player_Mana</Pieces>
    <Pieces>Player_Fatigue</Pieces>
    <Pieces>Pet_HP</Pieces>
    <Pieces>ExpGauge</Pieces>
    <Pieces>AltAdvGauge</Pieces>
    <Pieces>HPNumber</Pieces>
    <Pieces>MaxHPNumber</Pieces>
    <Pieces>ExpPercentage</Pieces>
    <Pieces>StaPercentage</Pieces>
    <Pieces>AltAdvExpPercentage</Pieces>
    <Pieces>ACGauge</Pieces>
    <Pieces>AtkGauge</Pieces>
    <Pieces>MaxHPLabel</Pieces>
    <Pieces>ACLabel</Pieces>
    <Pieces>AtkLabel</Pieces>
    <Pieces>HPLabel</Pieces>
    <Pieces>HPPercentage</Pieces>
    <Pieces>ManaPercent</Pieces>
    <TopAnchorOffset>0</TopAnchorOffset>
  </Screen>
</XML>