<?xml version = "1.0"?>
<XML ID = "EQInterfaceDefinitionLanguage">
	<Schema xmlns = "EverQuestData" xmlns:dt = "EverQuestDataTypes"/>

	<Button item = "HB_PageLeftButton">
		<ScreenID>HB_PageLeftButton</ScreenID>
		<Font>1</Font>
		<RelativePosition>true</RelativePosition>
		<Location>
			<X>8</X>
			<Y>2</Y>
		</Location>
		<Size>
			<CX>25</CX>
			<CY>16</CY>
		</Size>
		<Text></Text>
		<TextColor>
			<R>255</R>
			<G>255</G>
			<B>255</B>
		</TextColor>
		<ButtonDrawTemplate>
			<Normal>A_HSBLeftNormal</Normal>
			<Pressed>A_HSBLeftPressed</Pressed>
			<Flyby>A_HSBLeftFlyby</Flyby>
			<Disabled>A_HSBLeftDisabled</Disabled>
			<PressedFlyby>A_HSBLeftPressedFlyby</PressedFlyby>
		</ButtonDrawTemplate>
	</Button>

	<Label item ="HB_CurrentPageLabel">
		<ScreenID>HB_CurrentPageLabel</ScreenID>
		<Font>1</Font>
		<RelativePosition>true</RelativePosition>
		<Location>
			<X>33</X>
			<Y>2</Y>
		</Location>
		<Size>
			<CX>25</CX>
			<CY>16</CY>
		</Size>
		<Text>1</Text>
		<TextColor>
				<R>255</R>
				<G>255</G>
				<B>255</B>
		</TextColor>
		<NoWrap>false</NoWrap>
		<AlignCenter>true</AlignCenter>
		<AlignRight>false</AlignRight>
	</Label>

	<Button item = "HB_PageRightButton">
		<ScreenID>HB_PageRightButton</ScreenID>
		<Font>1</Font>
		<RelativePosition>true</RelativePosition>
		<Location>
			<X>58</X>
			<Y>2</Y>
		</Location>
		<Size>
			<CX>25</CX>
			<CY>16</CY>
		</Size>
		<Text></Text>
		<TextColor>
			<R>255</R>
			<G>255</G>
			<B>255</B>
		</TextColor>
		<ButtonDrawTemplate>
			<Normal>A_HSBRightNormal</Normal>
			<Pressed>A_HSBRightPressed</Pressed>
			<Flyby>A_HSBRightFlyby</Flyby>
			<Disabled>A_HSBRightDisabled</Disabled>
			<PressedFlyby>A_HSBRightPressedFlyby</PressedFlyby>
		</ButtonDrawTemplate>
	</Button>

	<Button item = "HB_Button1">
		<ScreenID>HB_Button1</ScreenID>
		<Font>1</Font>
		<RelativePosition>true</RelativePosition>
		<Location>
			<X>2</X>
			<Y>20</Y>
		</Location>
		<Size>
			<CX>40</CX>
			<CY>40</CY>
		</Size>
		<Text>1</Text>
		<TextColor>
			<R>255</R>
			<G>255</G>
			<B>255</B>
		</TextColor>
		<DecalSize>
			<CX>40</CX>
			<CY>40</CY>
		</DecalSize>
		<ButtonDrawTemplate>
			<Normal>A_SquareBtnNormal</Normal>
			<Pressed>A_SquareBtnPressed</Pressed>
			<Flyby>A_SquareBtnFlyby</Flyby>
			<Disabled>A_SquareBtnDisabled</Disabled>
			<PressedFlyby>A_SquareBtnPressedFlyby</PressedFlyby>
		</ButtonDrawTemplate>
	</Button>

	<Button item = "HB_Button2">
		<ScreenID>HB_Button2</ScreenID>
		<Font>1</Font>
		<RelativePosition>true</RelativePosition>
		<Location>
			<X>44</X>
			<Y>20</Y>
		</Location>
		<Size>
			<CX>40</CX>
			<CY>40</CY>
		</Size>
		<Text>2</Text>
		<TextColor>
			<R>255</R>
			<G>255</G>
			<B>255</B>
		</TextColor>
		<DecalSize>
			<CX>40</CX>
			<CY>40</CY>
		</DecalSize>
		<ButtonDrawTemplate>
			<Normal>A_SquareBtnNormal</Normal>
			<Pressed>A_SquareBtnPressed</Pressed>
			<Flyby>A_SquareBtnFlyby</Flyby>
			<Disabled>A_SquareBtnDisabled</Disabled>
			<PressedFlyby>A_SquareBtnPressedFlyby</PressedFlyby>
		</ButtonDrawTemplate>
	</Button>

	<Button item = "HB_Button3">
		<ScreenID>HB_Button3</ScreenID>
		<Font>1</Font>
		<RelativePosition>true</RelativePosition>
		<Location>
			<X>2</X>
			<Y>60</Y>
		</Location>
		<Size>
			<CX>40</CX>
			<CY>40</CY>
		</Size>
		<Text>3</Text>
		<TextColor>
			<R>255</R>
			<G>255</G>
			<B>255</B>
		</TextColor>
		<DecalSize>
			<CX>40</CX>
			<CY>40</CY>
		</DecalSize>
		<ButtonDrawTemplate>
			<Normal>A_SquareBtnNormal</Normal>
			<Pressed>A_SquareBtnPressed</Pressed>
			<Flyby>A_SquareBtnFlyby</Flyby>
			<Disabled>A_SquareBtnDisabled</Disabled>
			<PressedFlyby>A_SquareBtnPressedFlyby</PressedFlyby>
		</ButtonDrawTemplate>
	</Button>

	<Button item = "HB_Button4">
		<ScreenID>HB_Button4</ScreenID>
		<Font>1</Font>
		<RelativePosition>true</RelativePosition>
		<Location>
			<X>44</X>
			<Y>60</Y>
		</Location>
		<Size>
			<CX>40</CX>
			<CY>40</CY>
		</Size>
		<Text>4</Text>
		<TextColor>
			<R>255</R>
			<G>255</G>
			<B>255</B>
		</TextColor>
		<DecalSize>
			<CX>40</CX>
			<CY>40</CY>
		</DecalSize>
		<ButtonDrawTemplate>
			<Normal>A_SquareBtnNormal</Normal>
			<Pressed>A_SquareBtnPressed</Pressed>
			<Flyby>A_SquareBtnFlyby</Flyby>
			<Disabled>A_SquareBtnDisabled</Disabled>
			<PressedFlyby>A_SquareBtnPressedFlyby</PressedFlyby>
		</ButtonDrawTemplate>
	</Button>

	<Button item = "HB_Button5">
		<ScreenID>HB_Button5</ScreenID>
		<Font>1</Font>
		<RelativePosition>true</RelativePosition>
		<Location>
			<X>2</X>
			<Y>100</Y>
		</Location>
		<Size>
			<CX>40</CX>
			<CY>40</CY>
		</Size>
		<Text>5</Text>
		<TextColor>
			<R>255</R>
			<G>255</G>
			<B>255</B>
		</TextColor>
		<DecalSize>
			<CX>40</CX>
			<CY>40</CY>
		</DecalSize>
		<ButtonDrawTemplate>
			<Normal>A_SquareBtnNormal</Normal>
			<Pressed>A_SquareBtnPressed</Pressed>
			<Flyby>A_SquareBtnFlyby</Flyby>
			<Disabled>A_SquareBtnDisabled</Disabled>
			<PressedFlyby>A_SquareBtnPressedFlyby</PressedFlyby>
		</ButtonDrawTemplate>
	</Button>

	<Button item = "HB_Button6">
		<ScreenID>HB_Button6</ScreenID>
		<Font>1</Font>
		<RelativePosition>true</RelativePosition>
		<Location>
			<X>44</X>
			<Y>100</Y>
		</Location>
		<Size>
			<CX>40</CX>
			<CY>40</CY>
		</Size>
		<Text>6</Text>
		<TextColor>
			<R>255</R>
			<G>255</G>
			<B>255</B>
		</TextColor>
		<DecalSize>
			<CX>40</CX>
			<CY>40</CY>
		</DecalSize>
		<ButtonDrawTemplate>
			<Normal>A_SquareBtnNormal</Normal>
			<Pressed>A_SquareBtnPressed</Pressed>
			<Flyby>A_SquareBtnFlyby</Flyby>
			<Disabled>A_SquareBtnDisabled</Disabled>
			<PressedFlyby>A_SquareBtnPressedFlyby</PressedFlyby>
		</ButtonDrawTemplate>
	</Button>

	<Button item = "HB_Button7">
		<ScreenID>HB_Button7</ScreenID>
		<Font>1</Font>
		<RelativePosition>true</RelativePosition>
		<Location>
			<X>2</X>
			<Y>140</Y>
		</Location>
		<Size>
			<CX>40</CX>
			<CY>40</CY>
		</Size>
		<Text>7</Text>
		<TextColor>
			<R>255</R>
			<G>255</G>
			<B>255</B>
		</TextColor>
		<DecalSize>
			<CX>40</CX>
			<CY>40</CY>
		</DecalSize>
		<ButtonDrawTemplate>
			<Normal>A_SquareBtnNormal</Normal>
			<Pressed>A_SquareBtnPressed</Pressed>
			<Flyby>A_SquareBtnFlyby</Flyby>
			<Disabled>A_SquareBtnDisabled</Disabled>
			<PressedFlyby>A_SquareBtnPressedFlyby</PressedFlyby>
		</ButtonDrawTemplate>
	</Button>

	<Button item = "HB_Button8">
		<ScreenID>HB_Button8</ScreenID>
		<Font>1</Font>
		<RelativePosition>true</RelativePosition>
		<Location>
			<X>44</X>
			<Y>140</Y>
		</Location>
		<Size>
			<CX>40</CX>
			<CY>40</CY>
		</Size>
		<Text>8</Text>
		<TextColor>
			<R>255</R>
			<G>255</G>
			<B>255</B>
		</TextColor>
		<DecalSize>
			<CX>40</CX>
			<CY>40</CY>
		</DecalSize>
		<ButtonDrawTemplate>
			<Normal>A_SquareBtnNormal</Normal>
			<Pressed>A_SquareBtnPressed</Pressed>
			<Flyby>A_SquareBtnFlyby</Flyby>
			<Disabled>A_SquareBtnDisabled</Disabled>
			<PressedFlyby>A_SquareBtnPressedFlyby</PressedFlyby>
		</ButtonDrawTemplate>
	</Button>

	<Button item = "HB_Button9">
		<ScreenID>HB_Button9</ScreenID>
		<Font>1</Font>
		<RelativePosition>true</RelativePosition>
		<Location>
			<X>2</X>
			<Y>180</Y>
		</Location>
		<Size>
			<CX>40</CX>
			<CY>40</CY>
		</Size>
		<Text>9</Text>
		<TextColor>
			<R>255</R>
			<G>255</G>
			<B>255</B>
		</TextColor>
		<DecalSize>
			<CX>40</CX>
			<CY>40</CY>
		</DecalSize>
		<ButtonDrawTemplate>
			<Normal>A_SquareBtnNormal</Normal>
			<Pressed>A_SquareBtnPressed</Pressed>
			<Flyby>A_SquareBtnFlyby</Flyby>
			<Disabled>A_SquareBtnDisabled</Disabled>
			<PressedFlyby>A_SquareBtnPressedFlyby</PressedFlyby>
		</ButtonDrawTemplate>
	</Button>

	<Button item = "HB_Button10">
		<ScreenID>HB_Button10</ScreenID>
		<Font>1</Font>
		<RelativePosition>true</RelativePosition>
		<Location>
			<X>44</X>
			<Y>180</Y>
		</Location>
		<Size>
			<CX>40</CX>
			<CY>40</CY>
		</Size>
		<Text>10</Text>
		<TextColor>
			<R>255</R>
			<G>255</G>
			<B>255</B>
		</TextColor>
		<DecalSize>
			<CX>40</CX>
			<CY>40</CY>
		</DecalSize>
		<ButtonDrawTemplate>
			<Normal>A_SquareBtnNormal</Normal>
			<Pressed>A_SquareBtnPressed</Pressed>
			<Flyby>A_SquareBtnFlyby</Flyby>
			<Disabled>A_SquareBtnDisabled</Disabled>
			<PressedFlyby>A_SquareBtnPressedFlyby</PressedFlyby>
		</ButtonDrawTemplate>
	</Button>

	<InvSlot item = "HB_InvSlot1">
		<ScreenID>HB_InvSlot1</ScreenID>
		<RelativePosition>true</RelativePosition>
		<Location>
			<X>2</X>
			<Y>20</Y>
		</Location>
		<Size>
			<CX>40</CX>
			<CY>40</CY>
		</Size>
		<Background>A_RecessedBox</Background>
		<EQType>-1</EQType>
		<Style_VScroll>false</Style_VScroll>
		<Style_HScroll>false</Style_HScroll>
		<Style_Transparent>false</Style_Transparent>
	</InvSlot>

	<InvSlot item = "HB_InvSlot2">
		<ScreenID>HB_InvSlot2</ScreenID>
		<RelativePosition>true</RelativePosition>
		<Location>
			<X>44</X>
			<Y>20</Y>
		</Location>
		<Size>
			<CX>40</CX>
			<CY>40</CY>
		</Size>
		<Background>A_RecessedBox</Background>
		<EQType>-1</EQType>
		<Style_VScroll>false</Style_VScroll>
		<Style_HScroll>false</Style_HScroll>
		<Style_Transparent>false</Style_Transparent>
	</InvSlot>

	<InvSlot item = "HB_InvSlot3">
		<ScreenID>HB_InvSlot3</ScreenID>
		<RelativePosition>true</RelativePosition>
		<Location>
			<X>2</X>
			<Y>60</Y>
		</Location>
		<Size>
			<CX>40</CX>
			<CY>40</CY>
		</Size>
		<Background>A_RecessedBox</Background>
		<EQType>-1</EQType>
		<Style_VScroll>false</Style_VScroll>
		<Style_HScroll>false</Style_HScroll>
		<Style_Transparent>false</Style_Transparent>
	</InvSlot>

	<InvSlot item = "HB_InvSlot4">
		<ScreenID>HB_InvSlot4</ScreenID>
		<RelativePosition>true</RelativePosition>
		<Location>
			<X>44</X>
			<Y>60</Y>
		</Location>
		<Size>
			<CX>40</CX>
			<CY>40</CY>
		</Size>
		<Background>A_RecessedBox</Background>
		<EQType>-1</EQType>
		<Style_VScroll>false</Style_VScroll>
		<Style_HScroll>false</Style_HScroll>
		<Style_Transparent>false</Style_Transparent>
	</InvSlot>

	<InvSlot item = "HB_InvSlot5">
		<ScreenID>HB_InvSlot5</ScreenID>
		<RelativePosition>true</RelativePosition>
		<Location>
			<X>2</X>
			<Y>100</Y>
		</Location>
		<Size>
			<CX>40</CX>
			<CY>40</CY>
		</Size>
		<Background>A_RecessedBox</Background>
		<EQType>-1</EQType>
		<Style_VScroll>false</Style_VScroll>
		<Style_HScroll>false</Style_HScroll>
		<Style_Transparent>false</Style_Transparent>
	</InvSlot>

	<InvSlot item = "HB_InvSlot6">
		<ScreenID>HB_InvSlot6</ScreenID>
		<RelativePosition>true</RelativePosition>
		<Location>
			<X>44</X>
			<Y>100</Y>
		</Location>
		<Size>
			<CX>40</CX>
			<CY>40</CY>
		</Size>
		<Background>A_RecessedBox</Background>
		<EQType>-1</EQType>
		<Style_VScroll>false</Style_VScroll>
		<Style_HScroll>false</Style_HScroll>
		<Style_Transparent>false</Style_Transparent>
	</InvSlot>

	<InvSlot item = "HB_InvSlot7">
		<ScreenID>HB_InvSlot7</ScreenID>
		<RelativePosition>true</RelativePosition>
		<Location>
			<X>2</X>
			<Y>140</Y>
		</Location>
		<Size>
			<CX>40</CX>
			<CY>40</CY>
		</Size>
		<Background>A_RecessedBox</Background>
		<EQType>-1</EQType>
		<Style_VScroll>false</Style_VScroll>
		<Style_HScroll>false</Style_HScroll>
		<Style_Transparent>false</Style_Transparent>
	</InvSlot>

	<InvSlot item = "HB_InvSlot8">
		<ScreenID>HB_InvSlot8</ScreenID>
		<RelativePosition>true</RelativePosition>
		<Location>
			<X>44</X>
			<Y>140</Y>
		</Location>
		<Size>
			<CX>40</CX>
			<CY>40</CY>
		</Size>
		<Background>A_RecessedBox</Background>
		<EQType>-1</EQType>
		<Style_VScroll>false</Style_VScroll>
		<Style_HScroll>false</Style_HScroll>
		<Style_Transparent>false</Style_Transparent>
	</InvSlot>

	<InvSlot item = "HB_InvSlot9">
		<ScreenID>HB_InvSlot9</ScreenID>
		<RelativePosition>true</RelativePosition>
		<Location>
			<X>2</X>
			<Y>180</Y>
		</Location>
		<Size>
			<CX>40</CX>
			<CY>40</CY>
		</Size>
		<Background>A_RecessedBox</Background>
		<EQType>-1</EQType>
		<Style_VScroll>false</Style_VScroll>
		<Style_HScroll>false</Style_HScroll>
		<Style_Transparent>false</Style_Transparent>
	</InvSlot>

	<InvSlot item = "HB_InvSlot10">
		<ScreenID>HB_InvSlot10</ScreenID>
		<RelativePosition>true</RelativePosition>
		<Location>
			<X>44</X>
			<Y>180</Y>
		</Location>
		<Size>
			<CX>40</CX>
			<CY>40</CY>
		</Size>
		<Background>A_RecessedBox</Background>
		<EQType>-1</EQType>
		<Style_VScroll>false</Style_VScroll>
		<Style_HScroll>false</Style_HScroll>
		<Style_Transparent>false</Style_Transparent>
	</InvSlot>

	<SpellGem item = "HB_SpellGem1">
		<ScreenID>HB_SpellGem1</ScreenID>
		<RelativePosition>true</RelativePosition>
		<Location>
			<X>2</X>
			<Y>24</Y>
		</Location>
		<Size>
			<CX>40</CX>
			<CY>32</CY>
		</Size>
		<SpellGemDrawTemplate>
			<Holder>A_SpellGemHolder</Holder>
			<Background>A_SpellGemBackground</Background>
			<Highlight>A_SpellGemHighlight</Highlight>
		</SpellGemDrawTemplate>
		<SpellIconOffsetX>8</SpellIconOffsetX>
		<SpellIconOffsetY>4</SpellIconOffsetY>
	</SpellGem>

	<SpellGem item = "HB_SpellGem2">
		<ScreenID>HB_SpellGem2</ScreenID>
		<RelativePosition>true</RelativePosition>
		<Location>
			<X>44</X>
			<Y>24</Y>
		</Location>
		<Size>
			<CX>40</CX>
			<CY>32</CY>
		</Size>
		<SpellGemDrawTemplate>
			<Holder>A_SpellGemHolder</Holder>
			<Background>A_SpellGemBackground</Background>
			<Highlight>A_SpellGemHighlight</Highlight>
		</SpellGemDrawTemplate>
		<SpellIconOffsetX>8</SpellIconOffsetX>
		<SpellIconOffsetY>4</SpellIconOffsetY>
	</SpellGem>

	<SpellGem item = "HB_SpellGem3">
		<ScreenID>HB_SpellGem3</ScreenID>
		<RelativePosition>true</RelativePosition>
		<Location>
			<X>2</X>
			<Y>64</Y>
		</Location>
		<Size>
			<CX>40</CX>
			<CY>32</CY>
		</Size>
		<SpellGemDrawTemplate>
			<Holder>A_SpellGemHolder</Holder>
			<Background>A_SpellGemBackground</Background>
			<Highlight>A_SpellGemHighlight</Highlight>
		</SpellGemDrawTemplate>
		<SpellIconOffsetX>8</SpellIconOffsetX>
		<SpellIconOffsetY>4</SpellIconOffsetY>
	</SpellGem>

	<SpellGem item = "HB_SpellGem4">
		<ScreenID>HB_SpellGem4</ScreenID>
		<RelativePosition>true</RelativePosition>
		<Location>
			<X>44</X>
			<Y>64</Y>
		</Location>
		<Size>
			<CX>40</CX>
			<CY>32</CY>
		</Size>
		<SpellGemDrawTemplate>
			<Holder>A_SpellGemHolder</Holder>
			<Background>A_SpellGemBackground</Background>
			<Highlight>A_SpellGemHighlight</Highlight>
		</SpellGemDrawTemplate>
		<SpellIconOffsetX>8</SpellIconOffsetX>
		<SpellIconOffsetY>4</SpellIconOffsetY>
	</SpellGem>

	<SpellGem item = "HB_SpellGem5">
		<ScreenID>HB_SpellGem5</ScreenID>
		<RelativePosition>true</RelativePosition>
		<Location>
			<X>2</X>
			<Y>104</Y>
		</Location>
		<Size>
			<CX>40</CX>
			<CY>32</CY>
		</Size>
		<SpellGemDrawTemplate>
			<Holder>A_SpellGemHolder</Holder>
			<Background>A_SpellGemBackground</Background>
			<Highlight>A_SpellGemHighlight</Highlight>
		</SpellGemDrawTemplate>
		<SpellIconOffsetX>8</SpellIconOffsetX>
		<SpellIconOffsetY>4</SpellIconOffsetY>
	</SpellGem>

	<SpellGem item = "HB_SpellGem6">
		<ScreenID>HB_SpellGem6</ScreenID>
		<RelativePosition>true</RelativePosition>
		<Location>
			<X>44</X>
			<Y>104</Y>
		</Location>
		<Size>
			<CX>40</CX>
			<CY>32</CY>
		</Size>
		<SpellGemDrawTemplate>
			<Holder>A_SpellGemHolder</Holder>
			<Background>A_SpellGemBackground</Background>
			<Highlight>A_SpellGemHighlight</Highlight>
		</SpellGemDrawTemplate>
		<SpellIconOffsetX>8</SpellIconOffsetX>
		<SpellIconOffsetY>4</SpellIconOffsetY>
	</SpellGem>

	<SpellGem item = "HB_SpellGem7">
		<ScreenID>HB_SpellGem7</ScreenID>
		<RelativePosition>true</RelativePosition>
		<Location>
			<X>2</X>
			<Y>144</Y>
		</Location>
		<Size>
			<CX>40</CX>
			<CY>32</CY>
		</Size>
		<SpellGemDrawTemplate>
			<Holder>A_SpellGemHolder</Holder>
			<Background>A_SpellGemBackground</Background>
			<Highlight>A_SpellGemHighlight</Highlight>
		</SpellGemDrawTemplate>
		<SpellIconOffsetX>8</SpellIconOffsetX>
		<SpellIconOffsetY>4</SpellIconOffsetY>
	</SpellGem>

	<SpellGem item = "HB_SpellGem8">
		<ScreenID>HB_SpellGem8</ScreenID>
		<RelativePosition>true</RelativePosition>
		<Location>
			<X>44</X>
			<Y>144</Y>
		</Location>
		<Size>
			<CX>40</CX>
			<CY>32</CY>
		</Size>
		<SpellGemDrawTemplate>
			<Holder>A_SpellGemHolder</Holder>
			<Background>A_SpellGemBackground</Background>
			<Highlight>A_SpellGemHighlight</Highlight>
		</SpellGemDrawTemplate>
		<SpellIconOffsetX>8</SpellIconOffsetX>
		<SpellIconOffsetY>4</SpellIconOffsetY>
	</SpellGem>

	<SpellGem item = "HB_SpellGem9">
		<ScreenID>HB_SpellGem9</ScreenID>
		<RelativePosition>true</RelativePosition>
		<Location>
			<X>2</X>
			<Y>184</Y>
		</Location>
		<Size>
			<CX>40</CX>
			<CY>32</CY>
		</Size>
		<SpellGemDrawTemplate>
			<Holder>A_SpellGemHolder</Holder>
			<Background>A_SpellGemBackground</Background>
			<Highlight>A_SpellGemHighlight</Highlight>
		</SpellGemDrawTemplate>
		<SpellIconOffsetX>8</SpellIconOffsetX>
		<SpellIconOffsetY>4</SpellIconOffsetY>
	</SpellGem>

	<SpellGem item = "HB_SpellGem10">
		<ScreenID>HB_SpellGem10</ScreenID>
		<RelativePosition>true</RelativePosition>
		<Location>
			<X>44</X>
			<Y>184</Y>
		</Location>
		<Size>
			<CX>40</CX>
			<CY>32</CY>
		</Size>
		<SpellGemDrawTemplate>
			<Holder>A_SpellGemHolder</Holder>
			<Background>A_SpellGemBackground</Background>
			<Highlight>A_SpellGemHighlight</Highlight>
		</SpellGemDrawTemplate>
		<SpellIconOffsetX>8</SpellIconOffsetX>
		<SpellIconOffsetY>4</SpellIconOffsetY>
	</SpellGem>


	<Screen item = "HotButtonWnd">
		<ScreenID/>
		<Font>2</Font>
		<RelativePosition>false</RelativePosition>
		<Location>
			<X>0</X>
			<Y>230</Y>
		</Location>
		<Size>
			<CX>95</CX>
			<CY>230</CY>
		</Size>
		<Text>Hot Buttons</Text>
		<Style_VScroll>false</Style_VScroll>
		<Style_HScroll>false</Style_HScroll>
		<Style_Transparent>false</Style_Transparent>
		<TooltipReference>Hot Buttons</TooltipReference>
		<DrawTemplate>WDT_RoundedNoTitle</DrawTemplate>
		<Style_Titlebar>false</Style_Titlebar>
		<Style_Closebox>false</Style_Closebox>
		<Style_Minimizebox>false</Style_Minimizebox>
		<Style_Border>true</Style_Border>
		<Style_Sizable>false</Style_Sizable>
		<Pieces>HB_PageLeftButton</Pieces>
		<Pieces>HB_PageRightButton</Pieces>
		<Pieces>HB_CurrentPageLabel</Pieces>
		<Pieces>HB_Button1</Pieces>
		<Pieces>HB_Button2</Pieces>
		<Pieces>HB_Button3</Pieces>
		<Pieces>HB_Button4</Pieces>
		<Pieces>HB_Button5</Pieces>
		<Pieces>HB_Button6</Pieces>
		<Pieces>HB_Button7</Pieces>
		<Pieces>HB_Button8</Pieces>
		<Pieces>HB_Button9</Pieces>
		<Pieces>HB_Button10</Pieces>
		<Pieces>HB_InvSlot1</Pieces>
		<Pieces>HB_InvSlot2</Pieces>
		<Pieces>HB_InvSlot3</Pieces>
		<Pieces>HB_InvSlot4</Pieces>
		<Pieces>HB_InvSlot5</Pieces>
		<Pieces>HB_InvSlot6</Pieces>
		<Pieces>HB_InvSlot7</Pieces>
		<Pieces>HB_InvSlot8</Pieces>
		<Pieces>HB_InvSlot9</Pieces>
		<Pieces>HB_InvSlot10</Pieces>
		<Pieces>HB_SpellGem1</Pieces>
		<Pieces>HB_SpellGem2</Pieces>
		<Pieces>HB_SpellGem3</Pieces>
		<Pieces>HB_SpellGem4</Pieces>
		<Pieces>HB_SpellGem5</Pieces>
		<Pieces>HB_SpellGem6</Pieces>
		<Pieces>HB_SpellGem7</Pieces>
		<Pieces>HB_SpellGem8</Pieces>
		<Pieces>HB_SpellGem9</Pieces>
		<Pieces>HB_SpellGem10</Pieces>
	</Screen>

</XML>
