<?xml version = "1.0"?>
<XML ID = "EQInterfaceDefinitionLanguage">
	<Schema xmlns = "EverQuestData" xmlns:dt = "EverQuestDataTypes"/>

	<Label item ="Target_Name">
		<Font>2</Font>
		<ScreenID>Target_Name</ScreenID>
		<RelativePosition>true</RelativePosition>
		<Location> <X>3</X> <Y>-1</Y> </Location>
		<Size> <CX>200</CX> <CY>14</CY> </Size>
		<Text></Text>
		<TextColor> <R>255</R> <G>255</G> <B>255</B> </TextColor>
		<EQType>28</EQType>
		<NoWrap>true</NoWrap>
		<AlignCenter>false</AlignCenter>
	</Label>
	<Gauge item = "Target_HP">
		<ScreenID>TargetHP</ScreenID>
		<Font>2</Font>
		<TextColor> <R>240</R> <G>240</G> <B>240</B> </TextColor>
		<RelativePosition>true</RelativePosition>
		<Location> <X>3</X> <Y>-3</Y> </Location>
		<Size> <CX>108</CX> <CY>24</CY> </Size>
		<GaugeOffsetY>16</GaugeOffsetY>
		<TextOffsetX>-1000</TextOffsetX>
		<Style_VScroll>false</Style_VScroll>
		<Style_HScroll>false</Style_HScroll>
		<Style_Transparent>false</Style_Transparent>
		<TooltipReference/>
		<FillTint> <R>240</R> <G>0</G> <B>0</B> </FillTint>
		<LinesFillTint> <R>220</R> <G>220</G> <B>0</B> </LinesFillTint>
		<DrawLinesFill>false</DrawLinesFill>
		<EQType>6</EQType>
		<GaugeDrawTemplate>
			<Background>A_GaugeBackground</Background>
			<Fill>A_GaugeFill</Fill>
			<!--<Lines>A_GaugeLines</Lines>-->
			<!--<LinesFill>A_GaugeLinesFill</LinesFill>-->
			<EndCapLeft>A_GaugeEndCapLeft</EndCapLeft>
			<EndCapRight>A_GaugeEndCapRight</EndCapRight>
		</GaugeDrawTemplate>
	</Gauge>
	<Label item ="Target_Percent">
		<Font>1</Font>
		<ScreenID>Target_Percent</ScreenID>
		<EQType>29</EQType>
		<RelativePosition>true</RelativePosition>
		<Location> <X>26</X> <Y>11</Y> </Location>
		<Size> <CX>35</CX> <CY>14</CY> </Size>
		<Text>0</Text>
		<TextColor> <R>255</R> <G>255</G> <B>0</B> </TextColor>
		<NoWrap>true</NoWrap>
		<AlignCenter>false</AlignCenter>
		<AlignRight>true</AlignRight>
		<AlignLeft>false</AlignLeft>
	</Label>
	<Label item ="Target_PercentLabel">
		<Font>1</Font>
		<!--<Font>3</Font>-->
		<RelativePosition>true</RelativePosition>
		<Location> <X>33</X> <Y>11</Y> </Location>
		<Size> <CX>35</CX> <CY>14</CY> </Size>
		<Text>%</Text>
		<TextColor> <R>255</R> <G>255</G> <B>0</B> </TextColor>
		<NoWrap>true</NoWrap>
		<AlignCenter>false</AlignCenter>
		<AlignRight>true</AlignRight>
		<AlignLeft>false</AlignLeft>
	</Label>
	<Gauge item = "Player_HP">
		<ScreenID>PlayerHP</ScreenID>
		<!--<Font>3</Font>-->
		<TextColor> <R>240</R> <G>240</G> <B>240</B> </TextColor>
		<RelativePosition>true</RelativePosition>
		<Location> <X>3</X> <Y>19</Y> </Location>
		<Size> <CX>108</CX> <CY>41</CY> </Size>
		<TextOffsetX>-100</TextOffsetX>
		<GaugeOffsetY>3</GaugeOffsetY>
		<Style_VScroll>false</Style_VScroll>
		<Style_HScroll>false</Style_HScroll>
		<Style_Transparent>false</Style_Transparent>
		<!--<TooltipReference/>-->
		<FillTint> <R>240</R> <G>0</G> <B>0</B> </FillTint>
		<LinesFillTint> <R>220</R> <G>220</G> <B>0</B> </LinesFillTint>
		<DrawLinesFill>false</DrawLinesFill>
		<EQType>1</EQType>
		<GaugeDrawTemplate>
			<Background>A_GaugeBackground</Background>
			<Fill>A_GaugeFill</Fill>
			<!--<Lines>A_GaugeLines</Lines>-->
			<!--<LinesFill>A_GaugeLinesFill</LinesFill>-->
			<EndCapLeft>A_GaugeEndCapLeft</EndCapLeft>
			<EndCapRight>A_GaugeEndCapRight</EndCapRight>
		</GaugeDrawTemplate>
	</Gauge>
	<Label item ="Target_Player_Percent">
		<Font>1</Font>
		<ScreenID>Target_Player_Percent</ScreenID>
		<EQType>19</EQType>
		<RelativePosition>true</RelativePosition>
		<Location> <X>26</X> <Y>20</Y> </Location>
		<Size> <CX>35</CX> <CY>14</CY> </Size>
		<Text>0</Text>
		<TextColor> <R>255</R> <G>255</G> <B>0</B> </TextColor>
		<NoWrap>true</NoWrap>
		<AlignCenter>false</AlignCenter>
		<AlignRight>true</AlignRight>
		<AlignLeft>false</AlignLeft>
	</Label>
	<Label item ="Target_Player_PercentLabel">
		<Font>1</Font>
		<!--<Font>3</Font>-->
		<RelativePosition>true</RelativePosition>
		<Location> <X>33</X> <Y>20</Y> </Location>
		<Size> <CX>35</CX> <CY>14</CY> </Size>
		<Text>%</Text>
		<TextColor> <R>255</R> <G>255</G> <B>0</B> </TextColor>
		<NoWrap>true</NoWrap>
		<AlignCenter>false</AlignCenter>
		<AlignRight>true</AlignRight>
		<AlignLeft>false</AlignLeft>
	</Label>
	<Gauge item = "Pet_HP">
		<ScreenID>PetHP</ScreenID>
		<!--<Font>3</Font>-->
		<TextColor> <R>0</R> <G>0</G> <B>0</B> </TextColor>
		<RelativePosition>true</RelativePosition>
		<Location> <X>7</X> <Y>27</Y> </Location>
		<Size> <CX>108</CX> <CY>2</CY> </Size>
		<TextOffsetY>-50</TextOffsetY>
		<GaugeOffsetY>-2</GaugeOffsetY>
		<Style_VScroll>false</Style_VScroll>
		<Style_HScroll>false</Style_HScroll>
		<Style_Transparent>false</Style_Transparent>
		<!--<TooltipReference/>-->
		<FillTint> <R>51</R> <G>192</G> <B>51</B> </FillTint>
		<LinesFillTint> <R>0</R> <G>0</G> <B>0</B> </LinesFillTint>
		<DrawLinesFill>false</DrawLinesFill>
		<EQType>16</EQType>
		<GaugeDrawTemplate>
			<Background>A_GaugeBackground</Background>
			<Fill>A_GaugeFill</Fill>
			<!--<Lines>A_GaugeLines</Lines>-->
			<LinesFill>A_GaugeLinesFill</LinesFill>
			<!--<EndCapLeft>A_GaugeEndCapLeft</EndCapLeft>-->
			<!--<EndCapRight>A_GaugeEndCapRight</EndCapRight>-->
		</GaugeDrawTemplate>
	</Gauge>
	<Screen item = "PlayerWindow">
		<ScreenID/>
		<RelativePosition>false</RelativePosition>
		<Location>
			<X>516</X>
			<Y>242</Y>
		</Location>
		<Size>
			<CX>123</CX>
			<CY>39</CY>
		</Size>
		<Text>Target</Text>
		<Style_VScroll>false</Style_VScroll>
		<Style_HScroll>false</Style_HScroll>
		<Style_Transparent>false</Style_Transparent>
		<TooltipReference>Your Current Target</TooltipReference>
		<DrawTemplate>WDT_RoundedNoTitle</DrawTemplate>
		<Style_Titlebar>false</Style_Titlebar>
		<Style_Closebox>false</Style_Closebox>
		<Style_Minimizebox>false</Style_Minimizebox>
		<Style_Border>true</Style_Border>
		<Style_Sizable>false</Style_Sizable>
		<Pieces>Target_Name</Pieces>
		<Pieces>Target_HP</Pieces>
		<Pieces>Target_Percent</Pieces>
		<Pieces>Target_PercentLabel</Pieces>
		<Pieces>Player_HP</Pieces>
		<Pieces>Pet_HP</Pieces>
		<Pieces>Target_Player_Percent</Pieces>
		<Pieces>Target_Player_PercentLabel</Pieces>
	</Screen>

</XML>
