<?xml version = "1.0"?>
<XML ID = "EQInterfaceDefinitionLanguage">
	<Schema xmlns = "EverQuestData" xmlns:dt = "EverQuestDataTypes"/>

	<Label item ="Container_Label">
		<ScreenID>Container_Label</ScreenID>
		<Font>2</Font>
		<RelativePosition>true</RelativePosition>
		<Location> <X>2</X> <Y>2</Y> </Location>
		<Size> <CX>88</CX> <CY>32</CY> </Size>
		<Text>Container Name Here</Text>
		<TextColor> <R>255</R> <G>255</G> <B>255</B> </TextColor>
		<NoWrap>false</NoWrap>
		<AlignCenter>true</AlignCenter>
		<AlignRight>false</AlignRight>
	</Label>

	<!-- offscreen -->
	<Button item = "Container_Icon">
		<ScreenID>Container_Icon</ScreenID>
		<!--<Font>3</Font>-->
		<RelativePosition>true</RelativePosition>
		<Location> <X>131</X> <Y>0</Y> </Location>
		<Size> <CX>0</CX> <CY>0</CY> </Size>
		<Style_VScroll>false</Style_VScroll>
		<Style_HScroll>false</Style_HScroll>
		<Style_Transparent>false</Style_Transparent>
		<!--<TooltipReference/>-->
		<Style_Checkbox>false</Style_Checkbox>
		<!--<RadioGroup/>-->
		<Text/>
		<TextColor> <R>255</R> <G>255</G> <B>255</B> </TextColor>
		<ButtonDrawTemplate>
			<Normal>A_RecessedBox</Normal>
			<NormalDecal>A_DragItem</NormalDecal>
		</ButtonDrawTemplate>
		<DecalOffset> <X>0</X> <Y>0</Y> </DecalOffset>
		<DecalSize> <CX>40</CX> <CY>40</CY> </DecalSize>
	</Button>

	<InvSlot item = "Container_Primary">
		<ScreenID>Container_Primary</ScreenID>
		<!--<Font>3</Font>-->
		<RelativePosition>true</RelativePosition>
		<Location> <X>6</X> <Y>37</Y> </Location>
		<Size> <CX>40</CX> <CY>40</CY> </Size>
		<Background>A_InvPrimary</Background>
		<EQType>13</EQType>
		<Style_VScroll>false</Style_VScroll>
		<Style_HScroll>false</Style_HScroll>
		<Style_Transparent>false</Style_Transparent>
		<!--<TooltipReference/>-->
	</InvSlot>
	<InvSlot item = "Container_Secondary">
		<ScreenID>Container_Secondary</ScreenID>
		<!--<Font>3</Font>-->
		<RelativePosition>true</RelativePosition>
		<Location> <X>46</X> <Y>37</Y> </Location>
		<Size> <CX>40</CX> <CY>40</CY> </Size>
		<Background>A_InvSecondary</Background>
		<EQType>14</EQType>
		<Style_VScroll>false</Style_VScroll>
		<Style_HScroll>false</Style_HScroll>
		<Style_Transparent>false</Style_Transparent>
		<!--<TooltipReference/>-->
	</InvSlot>
	<InvSlot item = "Container_Inventory6_Big">
		<ScreenID>Container_Inventory6_Big</ScreenID>
		<!--<Font>3</Font>-->
		<RelativePosition>true</RelativePosition>
		<Location> <X>6</X> <Y>77</Y> </Location>
		<Size> <CX>40</CX> <CY>40</CY> </Size>
		<Background>A_RecessedBox</Background>
		<EQType>27</EQType>
		<Style_VScroll>false</Style_VScroll>
		<Style_HScroll>false</Style_HScroll>
		<Style_Transparent>false</Style_Transparent>
		<!--<TooltipReference/>-->
	</InvSlot>
	<InvSlot item = "Container_Inventory7_Big">
		<ScreenID>Container_Inventory7_Big</ScreenID>
		<!--<Font>3</Font>-->
		<RelativePosition>true</RelativePosition>
		<Location> <X>46</X> <Y>77</Y> </Location>
		<Size> <CX>40</CX> <CY>40</CY> </Size>
		<Background>A_RecessedBox</Background>
		<EQType>28</EQType>
		<Style_VScroll>false</Style_VScroll>
		<Style_HScroll>false</Style_HScroll>
		<Style_Transparent>false</Style_Transparent>
		<!--<TooltipReference/>-->
	</InvSlot>
	<InvSlot item = "Container_Inventory1">
		<ScreenID>Container_Inventory1</ScreenID>
		<!--<Font>3</Font>-->
		<RelativePosition>true</RelativePosition>
		<Location> <X>88</X> <Y>37</Y> </Location>
		<Size> <CX>20</CX> <CY>20</CY> </Size>
		<Background>A_RecessedBox</Background>
		<EQType>22</EQType>
		<Style_VScroll>false</Style_VScroll>
		<Style_HScroll>false</Style_HScroll>
		<Style_Transparent>false</Style_Transparent>
		<!--<TooltipReference/>-->
	</InvSlot>
	<InvSlot item = "Container_Inventory2">
		<ScreenID>Container_Inventory2</ScreenID>
		<!--<Font>3</Font>-->
		<RelativePosition>true</RelativePosition>
		<Location> <X>88</X> <Y>57</Y> </Location>
		<Size> <CX>20</CX> <CY>20</CY> </Size>
		<Background>A_RecessedBox</Background>
		<EQType>23</EQType>
		<Style_VScroll>false</Style_VScroll>
		<Style_HScroll>false</Style_HScroll>
		<Style_Transparent>false</Style_Transparent>
		<!--<TooltipReference/>-->
	</InvSlot>
	<InvSlot item = "Container_Inventory3">
		<ScreenID>Container_Inventory3</ScreenID>
		<!--<Font>3</Font>-->
		<RelativePosition>true</RelativePosition>
		<Location> <X>88</X> <Y>77</Y> </Location>
		<Size> <CX>20</CX> <CY>20</CY> </Size>
		<Background>A_RecessedBox</Background>
		<EQType>24</EQType>
		<Style_VScroll>false</Style_VScroll>
		<Style_HScroll>false</Style_HScroll>
		<Style_Transparent>false</Style_Transparent>
		<!--<TooltipReference/>-->
	</InvSlot>
	<InvSlot item = "Container_Inventory4">
		<ScreenID>Container_Inventory4</ScreenID>
		<!--<Font>3</Font>-->
		<RelativePosition>true</RelativePosition>
		<Location> <X>88</X> <Y>97</Y> </Location>
		<Size> <CX>20</CX> <CY>20</CY> </Size>
		<Background>A_RecessedBox</Background>
		<EQType>25</EQType>
		<Style_VScroll>false</Style_VScroll>
		<Style_HScroll>false</Style_HScroll>
		<Style_Transparent>false</Style_Transparent>
		<!--<TooltipReference/>-->
	</InvSlot>
	<InvSlot item = "Container_Inventory5">
		<ScreenID>Container_Inventory5</ScreenID>
		<!--<Font>3</Font>-->
		<RelativePosition>true</RelativePosition>
		<Location> <X>108</X> <Y>37</Y> </Location>
		<Size> <CX>20</CX> <CY>20</CY> </Size>
		<Background>A_RecessedBox</Background>
		<EQType>26</EQType>
		<Style_VScroll>false</Style_VScroll>
		<Style_HScroll>false</Style_HScroll>
		<Style_Transparent>false</Style_Transparent>
		<!--<TooltipReference/>-->
	</InvSlot>
	<InvSlot item = "Container_Inventory6">
		<ScreenID>Container_Inventory6</ScreenID>
		<!--<Font>3</Font>-->
		<RelativePosition>true</RelativePosition>
		<Location> <X>108</X> <Y>57</Y> </Location>
		<Size> <CX>20</CX> <CY>20</CY> </Size>
		<Background>A_RecessedBox</Background>
		<EQType>27</EQType>
		<Style_VScroll>false</Style_VScroll>
		<Style_HScroll>false</Style_HScroll>
		<Style_Transparent>false</Style_Transparent>
		<!--<TooltipReference/>-->
	</InvSlot>
	<InvSlot item = "Container_Inventory7">
		<ScreenID>Container_Inventory7</ScreenID>
		<!--<Font>3</Font>-->
		<RelativePosition>true</RelativePosition>
		<Location> <X>108</X> <Y>77</Y> </Location>
		<Size> <CX>20</CX> <CY>20</CY> </Size>
		<Background>A_RecessedBox</Background>
		<EQType>28</EQType>
		<Style_VScroll>false</Style_VScroll>
		<Style_HScroll>false</Style_HScroll>
		<Style_Transparent>false</Style_Transparent>
		<!--<TooltipReference/>-->
	</InvSlot>
	<InvSlot item = "Container_Inventory8">
		<ScreenID>Container_Inventory8</ScreenID>
		<!--<Font>3</Font>-->
		<RelativePosition>true</RelativePosition>
		<Location> <X>108</X> <Y>97</Y> </Location>
		<Size> <CX>20</CX> <CY>20</CY> </Size>
		<Background>A_RecessedBox</Background>
		<EQType>29</EQType>
		<Style_VScroll>false</Style_VScroll>
		<Style_HScroll>false</Style_HScroll>
		<Style_Transparent>false</Style_Transparent>
		<!--<TooltipReference/>-->
	</InvSlot>

	<!-- worn inventory slots in a row on the side -->
	<!-- head mask -->
	<!-- ear ear -->
	<!-- neck shoulders -->
	<!-- bp cloak -->
	<!-- arms gloves -->
	<!-- bracer bracer -->
	<!-- ring ring -->
	<!-- legs belt-->
	<!-- boots range -->
	<!-- ammo charm -->
<!-- IS_HEAD		2 -->
	<InvSlot item = "Container_Head">
		<ScreenID>Container_Head</ScreenID>
		<!--<Font>3</Font>-->
		<RelativePosition>true</RelativePosition>
		<Location> <X>88</X> <Y>128</Y> </Location>
		<Size> <CX>20</CX> <CY>20</CY> </Size>
		<Background>A_InvHead</Background>
		<EQType>2</EQType>
		<Style_VScroll>false</Style_VScroll>
		<Style_HScroll>false</Style_HScroll>
		<Style_Transparent>false</Style_Transparent>
		<!--<TooltipReference/>-->
	</InvSlot>
<!-- IS_FACE		3 -->
	<InvSlot item = "Container_Face">
		<ScreenID>Container_Face</ScreenID>
		<!--<Font>3</Font>-->
		<RelativePosition>true</RelativePosition>
		<Location> <X>108</X> <Y>128</Y> </Location>
		<Size> <CX>20</CX> <CY>20</CY> </Size>
		<Background>A_InvFace</Background>
		<EQType>3</EQType>
		<Style_VScroll>false</Style_VScroll>
		<Style_HScroll>false</Style_HScroll>
		<Style_Transparent>false</Style_Transparent>
		<!--<TooltipReference/>-->
	</InvSlot>
<!-- IS_L_EAR		1 -->
	<InvSlot item = "Container_LEar">
		<ScreenID>Container_LEar</ScreenID>
		<!--<Font>3</Font>-->
		<RelativePosition>true</RelativePosition>
		<Location> <X>88</X> <Y>148</Y> </Location>
		<Size> <CX>20</CX> <CY>20</CY> </Size>
		<Background>A_InvEar</Background>
		<EQType>1</EQType>
		<Style_VScroll>false</Style_VScroll>
		<Style_HScroll>false</Style_HScroll>
		<Style_Transparent>false</Style_Transparent>
		<!--<TooltipReference/>-->
	</InvSlot>
<!-- IS_R_EAR		4 -->
	<InvSlot item = "Container_REar">
		<ScreenID>Container_REar</ScreenID>
		<!--<Font>3</Font>-->
		<RelativePosition>true</RelativePosition>
		<Location> <X>108</X> <Y>148</Y> </Location>
		<Size> <CX>20</CX> <CY>20</CY> </Size>
		<Background>A_InvEar</Background>
		<EQType>4</EQType>
		<Style_VScroll>false</Style_VScroll>
		<Style_HScroll>false</Style_HScroll>
		<Style_Transparent>false</Style_Transparent>
		<!--<TooltipReference/>-->
	</InvSlot>
<!-- IS_NECK		5 -->
	<InvSlot item = "Container_Neck">
		<ScreenID>Container_Neck</ScreenID>
		<!--<Font>3</Font>-->
		<RelativePosition>true</RelativePosition>
		<Location> <X>88</X> <Y>168</Y> </Location>
		<Size> <CX>20</CX> <CY>20</CY> </Size>
		<Background>A_InvNeck</Background>
		<EQType>5</EQType>
		<Style_VScroll>false</Style_VScroll>
		<Style_HScroll>false</Style_HScroll>
		<Style_Transparent>false</Style_Transparent>
		<!--<TooltipReference/>-->
	</InvSlot>
<!-- IS_SHOULDERS		6 -->
	<InvSlot item = "Container_Shoulders">
		<ScreenID>Container_Shoulders</ScreenID>
		<!--<Font>3</Font>-->
		<RelativePosition>true</RelativePosition>
		<Location> <X>108</X> <Y>168</Y> </Location>
		<Size> <CX>20</CX> <CY>20</CY> </Size>
		<Background>A_InvShoulders</Background>
		<EQType>6</EQType>
		<Style_VScroll>false</Style_VScroll>
		<Style_HScroll>false</Style_HScroll>
		<Style_Transparent>false</Style_Transparent>
		<!--<TooltipReference/>-->
	</InvSlot>
<!-- IS_CHEST		17 -->
	<InvSlot item = "Container_Chest">
		<ScreenID>Container_Chest</ScreenID>
		<!--<Font>3</Font>-->
		<RelativePosition>true</RelativePosition>
		<Location> <X>88</X> <Y>188</Y> </Location>
		<Size> <CX>20</CX> <CY>20</CY> </Size>
		<Background>A_InvChest</Background>
		<EQType>17</EQType>
		<Style_VScroll>false</Style_VScroll>
		<Style_HScroll>false</Style_HScroll>
		<Style_Transparent>false</Style_Transparent>
		<!--<TooltipReference/>-->
	</InvSlot>
<!-- IS_CLOAK		8 -->
	<InvSlot item = "Container_Cloak">
		<ScreenID>Container_Cloak</ScreenID>
		<!--<Font>3</Font>-->
		<RelativePosition>true</RelativePosition>
		<Location> <X>108</X> <Y>188</Y> </Location>
		<Size> <CX>20</CX> <CY>20</CY> </Size>
		<Background>A_InvAboutBody</Background>
		<EQType>8</EQType>
		<Style_VScroll>false</Style_VScroll>
		<Style_HScroll>false</Style_HScroll>
		<Style_Transparent>false</Style_Transparent>
		<!--<TooltipReference/>-->
	</InvSlot>
<!-- IS_ARMS		7 -->
	<InvSlot item = "Container_Arms">
		<ScreenID>Container_Arms</ScreenID>
		<!--<Font>3</Font>-->
		<RelativePosition>true</RelativePosition>
		<Location> <X>88</X> <Y>208</Y> </Location>
		<Size> <CX>20</CX> <CY>20</CY> </Size>
		<Background>A_InvArms</Background>
		<EQType>7</EQType>
		<Style_VScroll>false</Style_VScroll>
		<Style_HScroll>false</Style_HScroll>
		<Style_Transparent>false</Style_Transparent>
		<!--<TooltipReference/>-->
	</InvSlot>
<!-- IS_HANDS		12 -->
	<InvSlot item = "Container_Hands">
		<ScreenID>Container_Hands</ScreenID>
		<!--<Font>3</Font>-->
		<RelativePosition>true</RelativePosition>
		<Location> <X>108</X> <Y>208</Y> </Location>
		<Size> <CX>20</CX> <CY>20</CY> </Size>
		<Background>A_InvHands</Background>
		<EQType>12</EQType>
		<Style_VScroll>false</Style_VScroll>
		<Style_HScroll>false</Style_HScroll>
		<Style_Transparent>false</Style_Transparent>
		<!--<TooltipReference/>-->
	</InvSlot>
<!-- IS_L_WRIST		9 -->
	<InvSlot item = "Container_LWrist">
		<ScreenID>Container_LWrist</ScreenID>
		<!--<Font>3</Font>-->
		<RelativePosition>true</RelativePosition>
		<Location> <X>88</X> <Y>228</Y> </Location>
		<Size> <CX>20</CX> <CY>20</CY> </Size>
		<Background>A_InvWrist</Background>
		<EQType>9</EQType>
		<Style_VScroll>false</Style_VScroll>
		<Style_HScroll>false</Style_HScroll>
		<Style_Transparent>false</Style_Transparent>
		<!--<TooltipReference/>-->
	</InvSlot>
<!-- IS_R_WRIST		10 -->
	<InvSlot item = "Container_RWrist">
		<ScreenID>Container_RWrist</ScreenID>
		<!--<Font>3</Font>-->
		<RelativePosition>true</RelativePosition>
		<Location> <X>108</X> <Y>228</Y> </Location>
		<Size> <CX>20</CX> <CY>20</CY> </Size>
		<Background>A_InvWrist</Background>
		<EQType>10</EQType>
		<Style_VScroll>false</Style_VScroll>
		<Style_HScroll>false</Style_HScroll>
		<Style_Transparent>false</Style_Transparent>
		<!--<TooltipReference/>-->
	</InvSlot>
<!-- IS_L_FINGERS	15 -->
	<InvSlot item = "Container_LRing">
		<ScreenID>Container_LRing</ScreenID>
		<!--<Font>3</Font>-->
		<RelativePosition>true</RelativePosition>
		<Location> <X>88</X> <Y>248</Y> </Location>
		<Size> <CX>20</CX> <CY>20</CY> </Size>
		<Background>A_InvRing</Background>
		<EQType>15</EQType>
		<Style_VScroll>false</Style_VScroll>
		<Style_HScroll>false</Style_HScroll>
		<Style_Transparent>false</Style_Transparent>
		<!--<TooltipReference/>-->
	</InvSlot>
<!-- IS_R_FINGERS	16 -->
	<InvSlot item = "Container_RRing">
		<ScreenID>Container_RRing</ScreenID>
		<!--<Font>3</Font>-->
		<RelativePosition>true</RelativePosition>
		<Location> <X>108</X> <Y>248</Y> </Location>
		<Size> <CX>20</CX> <CY>20</CY> </Size>
		<Background>A_InvRing</Background>
		<EQType>16</EQType>
		<Style_VScroll>false</Style_VScroll>
		<Style_HScroll>false</Style_HScroll>
		<Style_Transparent>false</Style_Transparent>
		<!--<TooltipReference/>-->
	</InvSlot>
<!-- IS_LEGS		18 -->
	<InvSlot item = "Container_Legs">
		<ScreenID>Container_Legs</ScreenID>
		<!--<Font>3</Font>-->
		<RelativePosition>true</RelativePosition>
		<Location> <X>88</X> <Y>268</Y> </Location>
		<Size> <CX>20</CX> <CY>20</CY> </Size>
		<Background>A_InvLegs</Background>
		<EQType>18</EQType>
		<Style_VScroll>false</Style_VScroll>
		<Style_HScroll>false</Style_HScroll>
		<Style_Transparent>false</Style_Transparent>
		<!--<TooltipReference/>-->
	</InvSlot>
<!-- IS_WAIST		20 -->
	<InvSlot item = "Container_Waist">
		<ScreenID>Container_Waist</ScreenID>
		<!--<Font>3</Font>-->
		<RelativePosition>true</RelativePosition>
		<Location> <X>108</X> <Y>268</Y> </Location>
		<Size> <CX>20</CX> <CY>20</CY> </Size>
		<Background>A_InvWaist</Background>
		<EQType>20</EQType>
		<Style_VScroll>false</Style_VScroll>
		<Style_HScroll>false</Style_HScroll>
		<Style_Transparent>false</Style_Transparent>
		<!--<TooltipReference/>-->
	</InvSlot>
<!-- IS_FEET		19 -->
	<InvSlot item = "Container_Feet">
		<ScreenID>Container_Feet</ScreenID>
		<!--<Font>3</Font>-->
		<RelativePosition>true</RelativePosition>
		<Location> <X>88</X> <Y>288</Y> </Location>
		<Size> <CX>20</CX> <CY>20</CY> </Size>
		<Background>A_InvFeet</Background>
		<EQType>19</EQType>
		<Style_VScroll>false</Style_VScroll>
		<Style_HScroll>false</Style_HScroll>
		<Style_Transparent>false</Style_Transparent>
		<!--<TooltipReference/>-->
	</InvSlot>
<!-- IS_RANGE		11 -->
	<InvSlot item = "Container_Range">
		<ScreenID>Container_Range</ScreenID>
		<!--<Font>3</Font>-->
		<RelativePosition>true</RelativePosition>
		<Location> <X>108</X> <Y>288</Y> </Location>
		<Size> <CX>20</CX> <CY>20</CY> </Size>
		<Background>A_InvRange</Background>
		<EQType>11</EQType>
		<Style_VScroll>false</Style_VScroll>
		<Style_HScroll>false</Style_HScroll>
		<Style_Transparent>false</Style_Transparent>
		<!--<TooltipReference/>-->
	</InvSlot>
<!-- IS_AMMO		21 -->
	<InvSlot item = "Container_Ammo">
		<ScreenID>Container_Ammo</ScreenID>
		<!--<Font>3</Font>-->
		<RelativePosition>true</RelativePosition>
		<Location> <X>88</X> <Y>308</Y> </Location>
		<Size> <CX>20</CX> <CY>20</CY> </Size>
		<Background>A_InvAmmo</Background>
		<EQType>21</EQType>
		<Style_VScroll>false</Style_VScroll>
		<Style_HScroll>false</Style_HScroll>
		<Style_Transparent>false</Style_Transparent>
		<!--<TooltipReference/>-->
	</InvSlot>
<!-- IS_CHARM		0 -->
	<InvSlot item = "Container_Charm">
		<ScreenID>Container_Charm</ScreenID>
		<!--<Font>3</Font>-->
		<RelativePosition>true</RelativePosition>
		<Location> <X>108</X> <Y>308</Y> </Location>
		<Size> <CX>20</CX> <CY>20</CY> </Size>
		<Background>A_InvCharm</Background>
		<EQType>0</EQType>
		<Style_VScroll>false</Style_VScroll>
		<Style_HScroll>false</Style_HScroll>
		<Style_Transparent>false</Style_Transparent>
		<!--<TooltipReference/>-->
	</InvSlot>
	<!-- end right slot bar -->

	<InvSlot item = "ContainerSlot1">
		<ScreenID>ContainerSlot1</ScreenID>
		<!--<Font>3</Font>-->
		<RelativePosition>true</RelativePosition>
		<Location> <X>6</X> <Y>128</Y> </Location>
		<Size> <CX>40</CX> <CY>40</CY> </Size>
		<Background>A_RecessedBox</Background>
		<EQType>30</EQType>
		<Style_VScroll>false</Style_VScroll>
		<Style_HScroll>false</Style_HScroll>
		<Style_Transparent>false</Style_Transparent>
		<TooltipReference/>
	</InvSlot>

	<InvSlot item = "ContainerSlot2">
		<ScreenID>ContainerSlot2</ScreenID>
		<!--<Font>3</Font>-->
		<RelativePosition>true</RelativePosition>
		<Location> <X>46</X> <Y>128</Y> </Location>
		<Size> <CX>40</CX> <CY>40</CY> </Size>
		<Background>A_RecessedBox</Background>
		<EQType>31</EQType>
		<Style_VScroll>false</Style_VScroll>
		<Style_HScroll>false</Style_HScroll>
		<Style_Transparent>false</Style_Transparent>
		<TooltipReference/>
	</InvSlot>

	<InvSlot item = "ContainerSlot3">
		<ScreenID>ContainerSlot3</ScreenID>
		<RelativePosition>true</RelativePosition>
		<Location> <X>6</X> <Y>168</Y> </Location>
		<Size> <CX>40</CX> <CY>40</CY> </Size>
		<Background>A_RecessedBox</Background>
		<EQType>32</EQType>
		<Style_VScroll>false</Style_VScroll>
		<Style_HScroll>false</Style_HScroll>
		<Style_Transparent>false</Style_Transparent>
		<TooltipReference/>
	</InvSlot>

	<InvSlot item = "ContainerSlot4">
		<ScreenID>ContainerSlot4</ScreenID>
		<RelativePosition>true</RelativePosition>
		<Location> <X>46</X> <Y>168</Y> </Location>
		<Size> <CX>40</CX> <CY>40</CY> </Size>
		<Background>A_RecessedBox</Background>
		<EQType>33</EQType>
		<Style_VScroll>false</Style_VScroll>
		<Style_HScroll>false</Style_HScroll>
		<Style_Transparent>false</Style_Transparent>
		<TooltipReference/>
	</InvSlot>

	<InvSlot item = "ContainerSlot5">
		<ScreenID>ContainerSlot5</ScreenID>
		<RelativePosition>true</RelativePosition>
		<Location> <X>6</X> <Y>208</Y> </Location>
		<Size> <CX>40</CX> <CY>40</CY> </Size>
		<Background>A_RecessedBox</Background>
		<EQType>34</EQType>
		<Style_VScroll>false</Style_VScroll>
		<Style_HScroll>false</Style_HScroll>
		<Style_Transparent>false</Style_Transparent>
		<TooltipReference/>
	</InvSlot>

	<InvSlot item = "ContainerSlot6">
		<ScreenID>ContainerSlot6</ScreenID>
		<RelativePosition>true</RelativePosition>
		<Location> <X>46</X> <Y>208</Y> </Location>
		<Size> <CX>40</CX> <CY>40</CY> </Size>
		<Background>A_RecessedBox</Background>
		<EQType>35</EQType>
		<Style_VScroll>false</Style_VScroll>
		<Style_HScroll>false</Style_HScroll>
		<Style_Transparent>false</Style_Transparent>
		<TooltipReference/>
	</InvSlot>

	<InvSlot item = "ContainerSlot7">
		<ScreenID>ContainerSlot7</ScreenID>
		<RelativePosition>true</RelativePosition>
		<Location> <X>6</X> <Y>248</Y> </Location>
		<Size> <CX>40</CX> <CY>40</CY> </Size>
		<Background>A_RecessedBox</Background>
		<EQType>36</EQType>
		<Style_VScroll>false</Style_VScroll>
		<Style_HScroll>false</Style_HScroll>
		<Style_Transparent>false</Style_Transparent>
		<TooltipReference/>
	</InvSlot>

	<InvSlot item = "ContainerSlot8">
		<ScreenID>ContainerSlot8</ScreenID>
		<RelativePosition>true</RelativePosition>
		<Location> <X>46</X> <Y>248</Y> </Location>
		<Size> <CX>40</CX> <CY>40</CY> </Size>
		<Background>A_RecessedBox</Background>
		<EQType>37</EQType>
		<Style_VScroll>false</Style_VScroll>
		<Style_HScroll>false</Style_HScroll>
		<Style_Transparent>false</Style_Transparent>
		<TooltipReference/>
	</InvSlot>

	<InvSlot item = "ContainerSlot9">
		<ScreenID>ContainerSlot9</ScreenID>
		<RelativePosition>true</RelativePosition>
		<Location> <X>6</X> <Y>288</Y> </Location>
		<Size> <CX>40</CX> <CY>40</CY> </Size>
		<Background>A_RecessedBox</Background>
		<EQType>38</EQType>
		<Style_VScroll>false</Style_VScroll>
		<Style_HScroll>false</Style_HScroll>
		<Style_Transparent>false</Style_Transparent>
		<TooltipReference/>
	</InvSlot>

	<InvSlot item = "ContainerSlot10">
		<ScreenID>ContainerSlot10</ScreenID>
		<RelativePosition>true</RelativePosition>
		<Location> <X>46</X> <Y>288</Y> </Location>
		<Size> <CX>40</CX> <CY>40</CY> </Size>
		<Background>A_RecessedBox</Background>
		<EQType>39</EQType>
		<Style_VScroll>false</Style_VScroll>
		<Style_HScroll>false</Style_HScroll>
		<Style_Transparent>false</Style_Transparent>
		<TooltipReference/>
	</InvSlot>

	<Button item = "Container_Combine">
		<ScreenID>Container_Combine</ScreenID>
		<!--<Font>3</Font>-->
		<RelativePosition>true</RelativePosition>
		<Location> <X>16</X> <Y>332</Y> </Location>
		<Size> <CX>60</CX> <CY>20</CY> </Size>
		<Style_VScroll>false</Style_VScroll>
		<Style_HScroll>false</Style_HScroll>
		<Style_Transparent>false</Style_Transparent>
		<!--<TooltipReference/>-->
		<Style_Checkbox>false</Style_Checkbox>
		<!--<RadioGroup/>-->
		<Text>Combine</Text>
		<TextColor> <R>255</R> <G>255</G> <B>255</B> </TextColor>
		<ButtonDrawTemplate>
			<Normal>A_SmallBtnNormal</Normal>
			<Pressed>A_SmallBtnPressed</Pressed>
			<Flyby>A_SmallBtnFlyby</Flyby>
			<Disabled>A_SmallBtnDisabled</Disabled>
			<PressedFlyby>A_SmallBtnPressedFlyby</PressedFlyby>
		</ButtonDrawTemplate>
	</Button>

	<Button item = "Container_DoneButton">
		<ScreenID>DoneButton</ScreenID>
		<!--<Font>3</Font>-->
		<RelativePosition>true</RelativePosition>
		<Location> <X>21</X> <Y>360</Y> </Location>
		<Size> <CX>50</CX> <CY>18</CY> </Size>
		<Style_Transparent>false</Style_Transparent>
		<!--<TooltipReference/>-->
		<Style_Checkbox>false</Style_Checkbox>
		<!--<RadioGroup/>-->
		<Text>Done</Text>
		<TextColor> <R>255</R> <G>255</G> <B>255</B>
		</TextColor>
		<ButtonDrawTemplate>
			<Normal>A_BtnNormal</Normal>
			<Pressed>A_BtnPressed</Pressed>
			<Flyby>A_BtnFlyby</Flyby>
			<Disabled>A_BtnDisabled</Disabled>
			<PressedFlyby>A_BtnPressedFlyby</PressedFlyby>
		</ButtonDrawTemplate>
	</Button>

	<Screen item = "ContainerWindow">
		<!--<ScreenID/>-->
		<!--<Font/>-->
		<RelativePosition>false</RelativePosition>
		<Location> <X>350</X> <Y>100</Y> </Location>
		<Size> <CX>140</CX> <CY>410</CY> </Size>
		<Text><ScreenID>Container_Label</ScreenID></Text>
		<Style_VScroll>false</Style_VScroll>
		<Style_HScroll>false</Style_HScroll>
		<Style_Transparent>false</Style_Transparent>
		<TooltipReference>Container</TooltipReference>
		<DrawTemplate>WDT_RoundedNoTitle</DrawTemplate>
		<Style_Titlebar>false</Style_Titlebar>
		<Style_Closebox>false</Style_Closebox>
		<Style_Minimizebox>false</Style_Minimizebox>
		<Style_Border>true</Style_Border>
		<Style_Sizable>false</Style_Sizable>
		<Pieces>Container_Label</Pieces>
		<Pieces>Container_Icon</Pieces>
		<Pieces>Container_Primary</Pieces>
		<Pieces>Container_Secondary</Pieces>
		<Pieces>Container_Inventory6_Big</Pieces>
		<Pieces>Container_Inventory7_Big</Pieces>
		<Pieces>Container_Inventory1</Pieces>
		<Pieces>Container_Inventory2</Pieces>
		<Pieces>Container_Inventory3</Pieces>
		<Pieces>Container_Inventory4</Pieces>
		<Pieces>Container_Inventory5</Pieces>
		<Pieces>Container_Inventory6</Pieces>
		<Pieces>Container_Inventory7</Pieces>
		<Pieces>Container_Inventory8</Pieces>
		<Pieces>Container_Head</Pieces>
		<Pieces>Container_Face</Pieces>
		<Pieces>Container_LEar</Pieces>
		<Pieces>Container_REar</Pieces>
		<Pieces>Container_Chest</Pieces>
		<Pieces>Container_RWrist</Pieces>
		<Pieces>Container_LWrist</Pieces>
		<Pieces>Container_RRing</Pieces>
		<Pieces>Container_LRing</Pieces>
		<Pieces>Container_Cloak</Pieces>
		<Pieces>Container_Shoulders</Pieces>
		<Pieces>Container_Arms</Pieces>
		<Pieces>Container_Hands</Pieces>
		<Pieces>Container_Legs</Pieces>
		<Pieces>Container_Range</Pieces>
		<Pieces>Container_Feet</Pieces>
		<Pieces>Container_Waist</Pieces>
		<Pieces>Container_Neck</Pieces>
		<Pieces>Container_Ammo</Pieces>
		<Pieces>Container_Charm</Pieces>
		<Pieces>ContainerSlot1</Pieces>
		<Pieces>ContainerSlot2</Pieces>
		<Pieces>ContainerSlot3</Pieces>
		<Pieces>ContainerSlot4</Pieces>
		<Pieces>ContainerSlot5</Pieces>
		<Pieces>ContainerSlot6</Pieces>
		<Pieces>ContainerSlot7</Pieces>
		<Pieces>ContainerSlot8</Pieces>
		<Pieces>ContainerSlot9</Pieces>
		<Pieces>ContainerSlot10</Pieces>
		<Pieces>Container_Combine</Pieces>
		<Pieces>Container_DoneButton</Pieces>
	</Screen>

</XML>
