<?xml version = "1.0"?>
<XML ID = "EQInterfaceDefinitionLanguage">
	<Schema xmlns = "EverQuestData" xmlns:dt = "EverQuestDataTypes"/>

<!--Playerwindow by Dynamite Shortfuze of Fennin Ro-->
<!--Credit to: -->
	<!--Sylverpaw Bloodscale, whose "Elvynplus" playerwindow I used as a base.-->
		<!--Elvynplus can be downloaded here: -->
		<!--http://www.eqinterface.com/sdownload/fileinfo.php?id=542-->
	<!--Rombus Mindspire, from whom I got the code for shrinking the playername-->
		<!-- Rombus' UI mod can be found here: -->
<!--http://pub140.ezboard.com/fgraffeswizardcompilationfrm41.showMessage?topicID=6.topic-->
	<!--Daeanor Endarion and Luxum, who helped me when I got stuck, as seen here:-->	<!--http://pub140.ezboard.com/fgraffeswizardcompilationfrm41.showMessage?topicID=439.topic-->
<!--Thanks to you all! -->


	<Label item ="Player_CurrentHPb">
		<ScreenID>HPNumberLabel</ScreenID>
		<EQType>17</EQType>
		<Font>2</Font>
		<RelativePosition>true</RelativePosition>
		<Location>
			<X>70</X>
			<Y>0</Y>
		</Location>
		<Size>
			<CX>35</CX>
			<CY>14</CY>
		</Size>
		<Text>0</Text>
		<TextColor>
				<R>255</R>
				<G>255</G>
				<B>255</B>
		</TextColor>
		<NoWrap>true</NoWrap>
		<AlignCenter>false</AlignCenter>
		<AlignRight>true</AlignRight>
		<AlignLeft>false</AlignLeft>
	</Label>
	<Label item ="Player_HPDividerb">
		<Font>2</Font>
		<RelativePosition>true</RelativePosition>
		<Location>
			<X>110</X>
			<Y>0</Y>
		</Location>
		<Size>
			<CX>8</CX>
			<CY>14</CY>
		</Size>
		<Text>/</Text>
		<TextColor>
				<R>240</R>
				<G>240</G>
				<B>240</B>
		</TextColor>
		<NoWrap>true</NoWrap>
		<AlignCenter>false</AlignCenter>
		<AlignRight>false</AlignRight>
	</Label>
	<Label item ="Player_MaxHPb">
		<EQType>18</EQType>
		<Font>2</Font>
		<RelativePosition>true</RelativePosition>
		<Location>
			<X>118</X>
			<Y>0</Y>
		</Location>
		<Size>
			<CX>37</CX>
			<CY>14</CY>
		</Size>
		<Text>0</Text>
		<TextColor>
				<R>255</R>
				<G>255</G>
				<B>255</B>
		</TextColor>
		<NoWrap>true</NoWrap>
		<AlignCenter>false</AlignCenter>
		<AlignRight>false</AlignRight>
		<AlignLeft>true</AlignLeft>
	</Label>

	<Label item ="Player_ACb">
		<ScreenID>ACLabel</ScreenID>
		<Font>2</Font>
		<RelativePosition>true</RelativePosition>
		<Location>
			<X>4</X>
			<Y>82</Y>
		</Location>
		<Size>
			<CX>64</CX>
			<CY>14</CY>
		</Size>
		<Text>AC:</Text>
		<TextColor>
				<R>240</R>
				<G>240</G>
				<B>240</B>
		</TextColor>
		<NoWrap>true</NoWrap>
		<AlignCenter>false</AlignCenter>
		<AlignRight>false</AlignRight>
	</Label>
	<Label item ="Player_ACNumberb">
		<ScreenID>ACNumberLabel</ScreenID>
		<EQType>22</EQType>
		<Font>2</Font>
		<RelativePosition>true</RelativePosition>
		<Location>
			<X>5</X>
			<Y>82</Y>
		</Location>
		<Size>
			<CX>80</CX>
			<CY>14</CY>
		</Size>
		<Text>0</Text>
		<TextColor>
				<R>255</R>
				<G>255</G>
				<B>255</B>
		</TextColor>
		<NoWrap>true</NoWrap>
		<AlignCenter>true</AlignCenter>
		<AlignRight>false</AlignRight>
	</Label>

	<Label item ="Player_ATKb">
		<ScreenID>ATKLabel</ScreenID>
		<Font>2</Font>
		<RelativePosition>true</RelativePosition>
		<Location>
			<X>80</X>
			<Y>82</Y>
		</Location>
		<Size>
			<CX>64</CX>
			<CY>14</CY>
		</Size>
		<Text>ATK:</Text>
		<TextColor>
				<R>240</R>
				<G>240</G>
				<B>240</B>
		</TextColor>
		<NoWrap>true</NoWrap>
		<AlignCenter>false</AlignCenter>
		<AlignRight>false</AlignRight>
	</Label>
	<Label item ="Player_ATKNumberb">
		<ScreenID>ATKNumberLabel</ScreenID>
		<EQType>23</EQType>
		<Font>2</Font>
		<RelativePosition>true</RelativePosition>
		<Location>
			<X>85</X>
			<Y>82</Y>
		</Location>
		<Size>
			<CX>80</CX>
			<CY>14</CY>
		</Size>
		<Text>0</Text>
		<TextColor>
				<R>255</R>
				<G>255</G>
				<B>255</B>
		</TextColor>
		<NoWrap>true</NoWrap>
		<AlignCenter>true</AlignCenter>
		<AlignRight>false</AlignRight>
	</Label>


	<Gauge item = "Player_HP">
		<ScreenID>PlayerHP</ScreenID>
		<!--<Font>3</Font>-->
		<TextColor>
			<R>240</R>
			<G>240</G>
			<B>240</B>
		</TextColor>
		<RelativePosition>true</RelativePosition>
		<Location>
			<X>3</X>
			<Y>-12</Y>
		</Location>
		<Size>
			<CX>108</CX>
			<CY>41</CY>
		</Size>
		<TextOffsetX>8</TextOffsetX>
                <TextOffsetY>-500</TextOffsetY>
		<GaugeOffsetY>33</GaugeOffsetY>
		<Style_VScroll>false</Style_VScroll>
		<Style_HScroll>false</Style_HScroll>
		<Style_Transparent>false</Style_Transparent>
		<TooltipReference>HitPoints</TooltipReference>
		<FillTint>
				<R>240</R>
				<G>0</G>
				<B>0</B>
		</FillTint>
		<LinesFillTint>
				<R>220</R>
				<G>220</G>
				<B>0</B>
		</LinesFillTint>
		<DrawLinesFill>false</DrawLinesFill>
		<EQType>1</EQType>
		<GaugeDrawTemplate>
			<Background>A_GaugeBackground</Background>
			<Fill>A_GaugeFill</Fill>
			<Lines>A_GaugeLines</Lines>
			<LinesFill>A_GaugeLinesFill</LinesFill>
			<EndCapLeft>A_GaugeEndCapLeft</EndCapLeft>
			<EndCapRight>A_GaugeEndCapRight</EndCapRight>
		</GaugeDrawTemplate>
	</Gauge>

	<Gauge item = "Pet_HP">
		<ScreenID>PetHP</ScreenID>
		<!--<Font>3</Font>-->
		<TextColor>
			<R>0</R>
			<G>0</G>
			<B>0</B>
		</TextColor>
		<RelativePosition>true</RelativePosition>
		<Location>
			<X>7</X>
			<Y>27</Y>
		</Location>
		<Size>
			<CX>108</CX>
			<CY>2</CY>
		</Size>
		<TextOffsetY>-50</TextOffsetY>
		<GaugeOffsetY>-2</GaugeOffsetY>
		<Style_VScroll>false</Style_VScroll>
		<Style_HScroll>false</Style_HScroll>
		<Style_Transparent>false</Style_Transparent>
		<!--<TooltipReference/>-->
		<FillTint>

				<R>51</R>
				<G>192</G>
				<B>51</B>
		</FillTint>
		<LinesFillTint>
				<R>0</R>
				<G>0</G>
				<B>0</B>
		</LinesFillTint>
		<DrawLinesFill>false</DrawLinesFill>
		<EQType>16</EQType>
		<GaugeDrawTemplate>
			<Background>A_GaugeBackground</Background>
			<Fill>A_GaugeFill</Fill>
			<!--<Lines>A_GaugeLines</Lines>-->
			<LinesFill>A_GaugeLinesFill</LinesFill>
			<!--<EndCapLeft>A_GaugeEndCapLeft</EndCapLeft>-->
			<!--<EndCapRight>A_GaugeEndCapRight</EndCapRight>-->
		</GaugeDrawTemplate>
	</Gauge>

	<Gauge item = "Player_Mana">
		<ScreenID>PlayerMana</ScreenID>
		<!--<Font>3</Font>-->
		<RelativePosition>true</RelativePosition>
		<Location>
			<X>3</X>
			<Y>34</Y>
		</Location>
		<Size>
			<CX>108</CX>
			<CY>8</CY>
		</Size>
		<GaugeOffsetY>0</GaugeOffsetY>
		<Style_VScroll>false</Style_VScroll>
		<Style_HScroll>false</Style_HScroll>
		<Style_Transparent>false</Style_Transparent>
		<TooltipReference>[Mana]</TooltipReference>
		<FillTint>
				<R>0</R>
				<G>0</G>
				<B>240</B>
		</FillTint>
		<LinesFillTint>
				<R>0</R>
				<G>220</G>
				<B>220</B>
		</LinesFillTint>
		<DrawLinesFill>false</DrawLinesFill>
		<EQType>2</EQType>
		<GaugeDrawTemplate>
			<Background>A_GaugeBackground</Background>
			<Fill>A_GaugeFill</Fill>
			<Lines>A_GaugeLines</Lines>
			<LinesFill>A_GaugeLinesFill</LinesFill>
			<EndCapLeft>A_GaugeEndCapLeft</EndCapLeft>
			<EndCapRight>A_GaugeEndCapRight</EndCapRight>
		</GaugeDrawTemplate>
	</Gauge>

	<Gauge item = "Player_Fatigue">
		<ScreenID>PlayerFatigue</ScreenID>
		<!--<Font>3</Font>-->
		<RelativePosition>true</RelativePosition>
		<Location>
			<X>3</X>
			<Y>47</Y>
		</Location>
		<Size>
			<CX>108</CX>
			<CY>8</CY>
		</Size>
		<GaugeOffsetY>0</GaugeOffsetY>
		<Style_VScroll>false</Style_VScroll>
		<Style_HScroll>false</Style_HScroll>
		<Style_Transparent>false</Style_Transparent>
		<!--<TooltipRefere	nce/>-->
		<FillTint>
				<R>240</R>
				<G>240</G>
				<B>0</B>
		</FillTint>
		<LinesFillTint>
				<R>0</R>
				<G>220</G>
				<B>0</B>
		</LinesFillTint>
		<DrawLinesFill>false</DrawLinesFill>
		<EQType>3</EQType>
		<GaugeDrawTemplate>
			<Background>A_GaugeBackground</Background>
			<Fill>A_GaugeFill</Fill>
			<Lines>A_GaugeLines</Lines>
			<LinesFill>A_GaugeLinesFill</LinesFill>
			<EndCapLeft>A_GaugeEndCapLeft</EndCapLeft>
			<EndCapRight>A_GaugeEndCapRight</EndCapRight>
		</GaugeDrawTemplate>
	</Gauge>

	<Gauge item = "Player_Exp">
		<ScreenID>PlayerExp</ScreenID>
		<!--<Font>3</Font>-->
		<RelativePosition>true</RelativePosition>
		<Location>
			<X>3</X>
			<Y>60</Y>
		</Location>
		<Size>
			<CX>108</CX>
			<CY>8</CY>
		</Size>
		<GaugeOffsetY>0</GaugeOffsetY>
		<Style_VScroll>false</Style_VScroll>
		<Style_HScroll>false</Style_HScroll>
		<Style_Transparent>false</Style_Transparent>
		<TooltipReference>Experience</TooltipReference>
		<FillTint>
				<R>240</R>
				<G>150</G>
				<B>0</B>
		</FillTint>
		<LinesFillTint>
				<R>0</R>
				<G>0</G>
				<B>220</B>
		</LinesFillTint>
		<DrawLinesFill>true</DrawLinesFill>
		<EQType>4</EQType>
		<GaugeDrawTemplate>
			<Background>A_GaugeBackground</Background>
			<Fill>A_GaugeFill</Fill>
			<Lines>A_GaugeLines</Lines>
			<LinesFill>A_GaugeLinesFill</LinesFill>
			<EndCapLeft>A_GaugeEndCapLeft</EndCapLeft>
			<EndCapRight>A_GaugeEndCapRight</EndCapRight>
		</GaugeDrawTemplate>
	</Gauge>

	<Gauge item = "Player_ALTEXP">
		<ScreenID>PlayerALTEXP</ScreenID>
		<!--<Font>5</Font>-->
		<RelativePosition>true</RelativePosition>
		<Location>
			<X>3</X>
			<Y>73</Y>
		</Location>
		<Size>
			<CX>108</CX>
			<CY>8</CY>
		</Size>
		<GaugeOffsetY>0</GaugeOffsetY>
		<Style_VScroll>false</Style_VScroll>
		<Style_HScroll>false</Style_HScroll>
		<Style_Transparent>false</Style_Transparent>
		<TooltipReference>Alt. Experience</TooltipReference>
		<FillTint>
				<R>98</R>
				<G>2</G>
				<B>95</B>
		</FillTint>
		<LinesFillTint>
				<R>7</R>
				<G>211</G>
				<B>194</B>
		</LinesFillTint>
		<DrawLinesFill>true</DrawLinesFill>
		<EQType>5</EQType>
		<GaugeDrawTemplate>
			<Background>A_GaugeBackground</Background>
			<Fill>A_GaugeFill</Fill>
			<Lines>A_GaugeLines</Lines>
			<LinesFill>A_GaugeLinesFill</LinesFill>
			<EndCapLeft>A_GaugeEndCapLeft</EndCapLeft>
			<EndCapRight>A_GaugeEndCapRight</EndCapRight>
		</GaugeDrawTemplate>
	</Gauge>

	<Label item ="Player_HPPercentage">
		<ScreenID>HPPercentage</ScreenID>
		<EQType>19</EQType>
		<!--<Font>3</Font>-->
		<RelativePosition>true</RelativePosition>
		<Location>
			<X>100</X>
			<Y>16</Y>
		</Location>
		<Size>
			<CX>35</CX>
			<CY>14</CY>
		</Size>
		<Text>0</Text>
		<TextColor>
				<R>255</R>
				<G>255</G>
				<B>255</B>
		</TextColor>
		<NoWrap>true</NoWrap>
		<AlignCenter>false</AlignCenter>
		<AlignRight>true</AlignRight>
		<AlignLeft>false</AlignLeft>
	</Label>

	<Label item ="Player_HPPercHold">
		<!--<Font>3</Font>-->
		<RelativePosition>true</RelativePosition>
		<Location>
			<X>110</X>
			<Y>16</Y>
		</Location>
		<Size>
			<CX>35</CX>
			<CY>14</CY>
		</Size>
		<Text>%</Text>
		<TextColor>
				<R>255</R>
				<G>255</G>
				<B>255</B>
		</TextColor>
		<NoWrap>true</NoWrap>
		<AlignCenter>false</AlignCenter>
		<AlignRight>true</AlignRight>
		<AlignLeft>false</AlignLeft>
	</Label>

	<Label item ="Player_ManaPercentage">
		<ScreenID>HPPercentage</ScreenID>
		<EQType>20</EQType>
		<!--<Font>3</Font>-->
		<RelativePosition>true</RelativePosition>
		<Location>
			<X>100</X>
			<Y>30</Y>
		</Location>
		<Size>
			<CX>35</CX>
			<CY>14</CY>
		</Size>
		<Text>0</Text>
		<TextColor>
				<R>255</R>
				<G>255</G>
				<B>255</B>
		</TextColor>
		<NoWrap>true</NoWrap>
		<AlignCenter>false</AlignCenter>
		<AlignRight>true</AlignRight>
		<AlignLeft>false</AlignLeft>
	</Label>

	<Label item ="Player_ManaPercSign">
		<!--<Font>3</Font>-->
		<RelativePosition>true</RelativePosition>
		<Location>
			<X>110</X>
			<Y>30</Y>
		</Location>
		<Size>
			<CX>35</CX>
			<CY>14</CY>
		</Size>
		<Text>%</Text>
		<TextColor>
				<R>255</R>
				<G>255</G>
				<B>255</B>
		</TextColor>
		<NoWrap>true</NoWrap>
		<AlignCenter>false</AlignCenter>
		<AlignRight>true</AlignRight>
		<AlignLeft>false</AlignLeft>
	</Label>

	<Label item ="Player_AAPercentage">
		<ScreenID>HPPercentage</ScreenID>
		<EQType>27</EQType>
		<!--<Font>3</Font>-->
		<RelativePosition>true</RelativePosition>
		<Location>
			<X>100</X>
			<Y>69</Y>
		</Location>
		<Size>
			<CX>35</CX>
			<CY>14</CY>
		</Size>
		<Text>0</Text>
		<TextColor>
				<R>255</R>
				<G>255</G>
				<B>255</B>
		</TextColor>
		<NoWrap>true</NoWrap>
		<AlignCenter>false</AlignCenter>
		<AlignRight>true</AlignRight>
		<AlignLeft>false</AlignLeft>
	</Label>

	<Label item ="Player_AAPercHold">
		<!--<Font>3</Font>-->
		<RelativePosition>true</RelativePosition>
		<Location>
			<X>110</X>
			<Y>69</Y>
		</Location>
		<Size>
			<CX>35</CX>
			<CY>14</CY>
		</Size>
		<Text>%</Text>
		<TextColor>
				<R>255</R>
				<G>255</G>
				<B>255</B>
		</TextColor>
		<NoWrap>true</NoWrap>
		<AlignCenter>false</AlignCenter>
		<AlignRight>true</AlignRight>
		<AlignLeft>false</AlignLeft>
	</Label>
	
	<Label item ="Player_ExpPercentage">
		<ScreenID>HPPercentage</ScreenID>
		<EQType>26</EQType>
		<!--<Font>3</Font>-->
		<RelativePosition>true</RelativePosition>
		<Location>
			<X>100</X>
			<Y>56</Y>
		</Location>
		<Size>
			<CX>35</CX>
			<CY>14</CY>
		</Size>
		<Text>0</Text>
		<TextColor>
				<R>255</R>
				<G>255</G>
				<B>255</B>
		</TextColor>
		<NoWrap>true</NoWrap>
		<AlignCenter>false</AlignCenter>
		<AlignRight>true</AlignRight>
		<AlignLeft>false</AlignLeft>
	</Label>

	<Label item ="Player_ExpPercHold">
		<!--<Font>3</Font>-->
		<RelativePosition>true</RelativePosition>
		<Location>
			<X>110</X>
			<Y>56</Y>
		</Location>
		<Size>
			<CX>35</CX>
			<CY>14</CY>
		</Size>
		<Text>%</Text>
		<TextColor>
				<R>255</R>
				<G>255</G>
				<B>255</B>
		</TextColor>
		<NoWrap>true</NoWrap>
		<AlignCenter>false</AlignCenter>
		<AlignRight>true</AlignRight>
		<AlignLeft>false</AlignLeft>
	</Label>

	<Label item ="Player_StaPercentage">
		<ScreenID>HPPercentage</ScreenID>
		<EQType>21</EQType>
		<!--<Font>3</Font>-->
		<RelativePosition>true</RelativePosition>
		<Location>
			<X>100</X>
			<Y>43</Y>
		</Location>
		<Size>
			<CX>35</CX>
			<CY>14</CY>
		</Size>
		<Text>0</Text>
		<TextColor>
				<R>255</R>
				<G>255</G>
				<B>255</B>
		</TextColor>
		<NoWrap>true</NoWrap>
		<AlignCenter>false</AlignCenter>
		<AlignRight>true</AlignRight>
		<AlignLeft>false</AlignLeft>
	</Label>

	<Label item ="Player_StaPercHold">
		<!--<Font>3</Font>-->
		<RelativePosition>true</RelativePosition>
		<Location>
			<X>110</X>
			<Y>43</Y>
		</Location>
		<Size>
			<CX>35</CX>
			<CY>14</CY>
		</Size>
		<Text>%</Text>
		<TextColor>
				<R>255</R>
				<G>255</G>
				<B>255</B>
		</TextColor>
		<NoWrap>true</NoWrap>
		<AlignCenter>false</AlignCenter>
		<AlignRight>true</AlignRight>
		<AlignLeft>false</AlignLeft>
	</Label>

	<Label item ="Player_NameTag">
		<ScreenID>NameTag</ScreenID>
		<EQType>1</EQType>
		<Font>2</Font>
		<RelativePosition>true</RelativePosition>
		<Location>
			<X>4</X>
			<Y>0</Y>
		</Location>
		<Size>
			<CX>145</CX>
			<CY>14</CY>
		</Size>
		<Text>0</Text>
		<TextColor>
				<R>255</R>
				<G>255</G>
				<B>255</B>
		</TextColor>
		<NoWrap>true</NoWrap>
		<AlignCenter>false</AlignCenter>
		<AlignRight>false</AlignRight>
		<AlignLeft>true</AlignLeft>
	</Label>

	<Screen item = "PlayerWindow">
		<!--<ScreenID/>-->
		<RelativePosition>false</RelativePosition>
		<Location>
			<X>516</X>
			<Y>-12</Y>
		</Location>
		<Size>
			<CX>154</CX>
			<CY>104</CY>
		</Size>
		<Text>Player</Text>
		<Style_VScroll>false</Style_VScroll>
		<Style_HScroll>false</Style_HScroll>
		<Style_Transparent>false</Style_Transparent>
		<TooltipReference>The Breath Meter</TooltipReference>
		<DrawTemplate>WDT_RoundedNoTitle</DrawTemplate>
		<Style_Titlebar>false</Style_Titlebar>
		<Style_Closebox>false</Style_Closebox>
		<Style_Minimizebox>false</Style_Minimizebox>
		<Style_Border>true</Style_Border>
		<Style_Sizable>false</Style_Sizable>
		<Pieces>Player_HP</Pieces>
		<Pieces>Player_Mana</Pieces>
		<Pieces>Player_Fatigue</Pieces>
		<Pieces>Player_ALTEXP</Pieces>
		<Pieces>Pet_HP</Pieces>
		<Pieces>Player_CurrentHPb</Pieces>
		<Pieces>Player_HPDividerb</Pieces>
		<Pieces>Player_MaxHPb</Pieces>
		<Pieces>Player_ACb</Pieces>
		<Pieces>Player_ACNumberb</Pieces>
		<Pieces>Player_Exp</Pieces>
		<Pieces>Player_ATKb</Pieces>
		<Pieces>Player_ATKNumberb</Pieces>
		<Pieces>Player_HPPercentage</Pieces>
		<Pieces>Player_HPPercHold</Pieces>
		<Pieces>Player_ManaPercentage</Pieces>
		<Pieces>Player_ManaPercSign</Pieces>
		<Pieces>Player_AAPercHold</Pieces>
		<Pieces>Player_AAPercentage</Pieces>
		<Pieces>Player_ExpPercentage</Pieces>
		<Pieces>Player_ExpPercHold</Pieces>
		<Pieces>Player_StaPercentage</Pieces>
		<Pieces>Player_StaPercHold</Pieces>
		<Pieces>Player_NameTag</Pieces>
	</Screen>

</XML>