<?xml version="1.0" encoding="us-ascii"?>
<XML ID="EQInterfaceDefinitionLanguage">
  <Schema xmlns="EverQuestData" xmlns:dt="EverQuestDataTypes" />
  <!-- Graphics By: t.king -->
  <!-- code by dedara -->
  <TextureInfo item="group.tga">
    <Size>
      <CX>256</CX>
      <CY>256</CY>
    </Size>
  </TextureInfo>
  <Ui2DAnimation item="GroupBackground">
    <Frames>
      <Texture>group.tga</Texture>
      <Location>
        <X>120</X>
        <Y>0</Y>
      </Location>
      <Size>
        <CX>42</CX>
        <CY>162</CY>
      </Size>
      <Hotspot>
        <X>0</X>
        <Y>0</Y>
      </Hotspot>
    </Frames>
  </Ui2DAnimation>
  <StaticAnimation item="groupbackground">
    <ScreenID>groupbackground</ScreenID>
    <RelativePosition>true</RelativePosition>
    <Location>
      <X>0</X>
      <Y>0</Y>
    </Location>
    <Size>
      <CX>42</CX>
      <CY>162</CY>
    </Size>
    <Animation>GroupBackground</Animation>
  </StaticAnimation>
  <Ui2DAnimation item="C_GaugeBackground">
    <Frames>
      <Texture>group.tga</Texture>
      <Location>
        <X>0</X>
        <Y>0</Y>
      </Location>
      <Size>
        <CX>94</CX>
        <CY>8</CY>
      </Size>
      <Hotspot>
        <X>0</X>
        <Y>0</Y>
      </Hotspot>
    </Frames>
  </Ui2DAnimation>
  <Ui2DAnimation item="C_GaugeFill">
    <Frames>
      <Texture>group.tga</Texture>
      <Location>
        <X>0</X>
        <Y>7</Y>
      </Location>
      <Size>
        <CX>94</CX>
        <CY>8</CY>
      </Size>
      <Hotspot>
        <X>0</X>
        <Y>0</Y>
      </Hotspot>
    </Frames>
  </Ui2DAnimation>
  <Ui2DAnimation item="GWGreen_gage">
    <Cycle>false</Cycle>
    <Frames>
      <Texture>group.tga</Texture>
      <Location>
        <X>0</X>
        <Y>102</Y>
      </Location>
      <Size>
        <CX>96</CX>
        <CY>21</CY>
      </Size>
    </Frames>
  </Ui2DAnimation>
  <Ui2DAnimation item="GWOrange_gage">
    <Cycle>false</Cycle>
    <Frames>
      <Texture>group.tga</Texture>
      <Location>
        <X>0</X>
        <Y>80</Y>
      </Location>
      <Size>
        <CX>96</CX>
        <CY>21</CY>
      </Size>
    </Frames>
  </Ui2DAnimation>
  <Ui2DAnimation item="GWYellow_gage">
    <Cycle>false</Cycle>
    <Frames>
      <Texture>group.tga</Texture>
      <Location>
        <X>0</X>
        <Y>58</Y>
      </Location>
      <Size>
        <CX>96</CX>
        <CY>21</CY>
      </Size>
    </Frames>
  </Ui2DAnimation>
  <Ui2DAnimation item="GWBrown_gage">
    <Cycle>false</Cycle>
    <Frames>
      <Texture>group.tga</Texture>
      <Location>
        <X>0</X>
        <Y>36</Y>
      </Location>
      <Size>
        <CX>96</CX>
        <CY>21</CY>
      </Size>
    </Frames>
  </Ui2DAnimation>
  <Ui2DAnimation item="GWRed_gage">
    <Cycle>true</Cycle>
    <Frames>
      <Texture>group.tga</Texture>
      <Location>
        <X>0</X>
        <Y>124</Y>
      </Location>
      <Size>
        <CX>96</CX>
        <CY>21</CY>
      </Size>
      <Duration>125</Duration>
    </Frames>
    <Frames>
      <Texture>group.tga</Texture>
      <Location>
        <X>0</X>
        <Y>146</Y>
      </Location>
      <Size>
        <CX>96</CX>
        <CY>21</CY>
      </Size>
      <Duration>125</Duration>
    </Frames>
    <Frames>
      <Texture>group.tga</Texture>
      <Location>
        <X>0</X>
        <Y>168</Y>
      </Location>
      <Size>
        <CX>96</CX>
        <CY>21</CY>
      </Size>
      <Duration>125</Duration>
    </Frames>
    <Frames>
      <Texture>group.tga</Texture>
      <Location>
        <X>0</X>
        <Y>146</Y>
      </Location>
      <Size>
        <CX>96</CX>
        <CY>21</CY>
      </Size>
      <Duration>125</Duration>
    </Frames>
    <Frames>
      <Texture>group.tga</Texture>
      <Location>
        <X>0</X>
        <Y>124</Y>
      </Location>
      <Size>
        <CX>96</CX>
        <CY>21</CY>
      </Size>
      <Duration>125</Duration>
    </Frames>
  </Ui2DAnimation>
  <!-- ************************************** -->
  <!-- GRP Long Guages -->
  <Gauge item="GW_Gauge1">
    <ScreenID>PLGauge1</ScreenID>
    <Font>2</Font>
    <RelativePosition>true</RelativePosition>
    <Location>
      <X>45</X>
      <Y>3</Y>
    </Location>
    <Size>
      <CX>94</CX>
      <CY>30</CY>
    </Size>
    <TextOffsetY>3</TextOffsetY>
    <GaugeOffsetY>17</GaugeOffsetY>
    <Style_VScroll>false</Style_VScroll>
    <Style_HScroll>false</Style_HScroll>
    <Style_Transparent>false</Style_Transparent>
    <!--<TooltipReference/>-->
    <FillTint>
      <R>255</R>
      <G>0</G>
      <B>0</B>
    </FillTint>
    <LinesFillTint>
      <R>0</R>
      <G>0</G>
      <B>0</B>
    </LinesFillTint>
    <DrawLinesFill>false</DrawLinesFill>
    <EQType>11</EQType>
    <GaugeDrawTemplate>
      <Background>C_GaugeBackground</Background>
      <Fill>C_GaugeFill</Fill>
    </GaugeDrawTemplate>
    <TextOffsetX>0</TextOffsetX>
    <TextColor>
      <B>240</B>
      <G>240</G>
      <R>240</R>
    </TextColor>
    <RightAnchorToLeft>True</RightAnchorToLeft>
    <Text>Player 1</Text>
  </Gauge>
  <Gauge item="GW_Gauge2">
    <ScreenID>PLGauge2</ScreenID>
    <Font>2</Font>
    <RelativePosition>true</RelativePosition>
    <Location>
      <X>45</X>
      <Y>33</Y>
    </Location>
    <Size>
      <CX>94</CX>
      <CY>30</CY>
    </Size>
    <TextOffsetY>3</TextOffsetY>
    <GaugeOffsetY>17</GaugeOffsetY>
    <Style_VScroll>false</Style_VScroll>
    <Style_HScroll>false</Style_HScroll>
    <Style_Transparent>false</Style_Transparent>
    <!--<TooltipReference/>-->
    <FillTint>
      <R>255</R>
      <G>0</G>
      <B>0</B>
    </FillTint>
    <LinesFillTint>
      <R>0</R>
      <G>0</G>
      <B>0</B>
    </LinesFillTint>
    <DrawLinesFill>false</DrawLinesFill>
    <EQType>12</EQType>
    <GaugeDrawTemplate>
      <Background>C_GaugeBackground</Background>
      <Fill>C_GaugeFill</Fill>
    </GaugeDrawTemplate>
    <TextOffsetX>0</TextOffsetX>
    <TextColor>
      <B>240</B>
      <G>240</G>
      <R>240</R>
    </TextColor>
    <RightAnchorToLeft>True</RightAnchorToLeft>
    <Text>Player 2</Text>
  </Gauge>
  <Gauge item="GW_Gauge3">
    <ScreenID>PLGauge3</ScreenID>
    <Font>2</Font>
    <RelativePosition>true</RelativePosition>
    <Location>
      <X>45</X>
      <Y>63</Y>
    </Location>
    <Size>
      <CX>94</CX>
      <CY>30</CY>
    </Size>
    <TextOffsetY>3</TextOffsetY>
    <GaugeOffsetY>17</GaugeOffsetY>
    <Style_VScroll>false</Style_VScroll>
    <Style_HScroll>false</Style_HScroll>
    <Style_Transparent>false</Style_Transparent>
    <!--<TooltipReference/>-->
    <FillTint>
      <R>255</R>
      <G>0</G>
      <B>0</B>
    </FillTint>
    <LinesFillTint>
      <R>0</R>
      <G>0</G>
      <B>0</B>
    </LinesFillTint>
    <DrawLinesFill>false</DrawLinesFill>
    <EQType>13</EQType>
    <GaugeDrawTemplate>
      <Background>C_GaugeBackground</Background>
      <Fill>C_GaugeFill</Fill>
    </GaugeDrawTemplate>
    <TextOffsetX>0</TextOffsetX>
    <Font>2</Font>
    <TextColor>
      <Alpha>255</Alpha>
      <R>240</R>
      <G>240</G>
      <B>240</B>
    </TextColor>
    <Text>Player 3</Text>
  </Gauge>
  <Gauge item="GW_Gauge4">
    <ScreenID>PLGauge4</ScreenID>
    <Font>2</Font>
    <RelativePosition>true</RelativePosition>
    <Location>
      <X>45</X>
      <Y>93</Y>
    </Location>
    <Size>
      <CX>124</CX>
      <CY>30</CY>
    </Size>
    <TextOffsetY>3</TextOffsetY>
    <GaugeOffsetY>17</GaugeOffsetY>
    <Style_VScroll>false</Style_VScroll>
    <Style_HScroll>false</Style_HScroll>
    <Style_Transparent>false</Style_Transparent>
    <!--<TooltipReference/>-->
    <FillTint>
      <R>255</R>
      <G>0</G>
      <B>0</B>
    </FillTint>
    <LinesFillTint>
      <R>0</R>
      <G>0</G>
      <B>0</B>
    </LinesFillTint>
    <DrawLinesFill>false</DrawLinesFill>
    <EQType>14</EQType>
    <GaugeDrawTemplate>
      <Background>C_GaugeBackground</Background>
      <Fill>C_GaugeFill</Fill>
    </GaugeDrawTemplate>
    <TextOffsetX>0</TextOffsetX>
    <Font>2</Font>
    <TextColor>
      <Alpha>255</Alpha>
      <R>240</R>
      <G>240</G>
      <B>240</B>
    </TextColor>
    <Text>Player 4</Text>
  </Gauge>
  <Gauge item="GW_Gauge5">
    <ScreenID>PLGauge5</ScreenID>
    <Font>2</Font>
    <RelativePosition>true</RelativePosition>
    <Location>
      <X>45</X>
      <Y>123</Y>
    </Location>
    <Size>
      <CX>94</CX>
      <CY>30</CY>
    </Size>
    <TextOffsetY>3</TextOffsetY>
    <GaugeOffsetY>17</GaugeOffsetY>
    <Style_VScroll>false</Style_VScroll>
    <Style_HScroll>false</Style_HScroll>
    <Style_Transparent>false</Style_Transparent>
    <!--<TooltipReference/>-->
    <FillTint>
      <R>255</R>
      <G>0</G>
      <B>0</B>
      <Alpha>255</Alpha>
    </FillTint>
    <LinesFillTint>
      <R>0</R>
      <G>0</G>
      <B>0</B>
    </LinesFillTint>
    <DrawLinesFill>false</DrawLinesFill>
    <EQType>15</EQType>
    <GaugeDrawTemplate>
      <Background>C_GaugeBackground</Background>
      <Fill>C_GaugeFill</Fill>
    </GaugeDrawTemplate>
    <TextOffsetX>0</TextOffsetX>
    <Font>2</Font>
    <TextColor>
      <Alpha>255</Alpha>
      <R>240</R>
      <G>240</G>
      <B>240</B>
    </TextColor>
    <Text>Player 5</Text>
  </Gauge>
  <!-- Pet Gauges -->
  <Gauge item="GW_PetGauge1">
    <ScreenID>PetGauge1</ScreenID>
    <Font>1</Font>
    <TextColor>
      <R>200</R>
      <G>190</G>
      <B>160</B>
    </TextColor>
    <RelativePosition>true</RelativePosition>
    <Location>
      <X>45</X>
      <Y>29</Y>
    </Location>
    <Size>
      <CX>96</CX>
      <CY>4</CY>
    </Size>
    <TextOffsetY>0</TextOffsetY>
    <GaugeOffsetY>0</GaugeOffsetY>
    <Style_VScroll>false</Style_VScroll>
    <Style_HScroll>false</Style_HScroll>
    <Style_Transparent>false</Style_Transparent>
    <!--<TooltipReference/>-->
    <FillTint>
      <R>0</R>
      <G>255</G>
      <B>0</B>
    </FillTint>
    <LinesFillTint>
      <R>220</R>
      <G>220</G>
      <B>0</B>
    </LinesFillTint>
    <DrawLinesFill>false</DrawLinesFill>
    <EQType>17</EQType>
    <GaugeDrawTemplate>
      <Fill>C_GaugeFill</Fill>
      <Background>C_GaugeBackground</Background>
    </GaugeDrawTemplate>
  </Gauge>
  <Gauge item="GW_PetGauge2">
    <ScreenID>PetGauge2</ScreenID>
    <!--<Font>3</Font>-->
    <TextColor>
      <R>200</R>
      <G>190</G>
      <B>160</B>
    </TextColor>
    <RelativePosition>true</RelativePosition>
    <Location>
      <X>45</X>
      <Y>59</Y>
    </Location>
    <Size>
      <CX>96</CX>
      <CY>4</CY>
    </Size>
    <TextOffsetY>-200</TextOffsetY>
    <GaugeOffsetY>0</GaugeOffsetY>
    <Style_VScroll>false</Style_VScroll>
    <Style_HScroll>false</Style_HScroll>
    <Style_Transparent>false</Style_Transparent>
    <!--<TooltipReference/>-->
    <FillTint>
      <R>0</R>
      <G>255</G>
      <B>0</B>
    </FillTint>
    <LinesFillTint>
      <R>220</R>
      <G>220</G>
      <B>0</B>
    </LinesFillTint>
    <DrawLinesFill>false</DrawLinesFill>
    <EQType>18</EQType>
    <GaugeDrawTemplate>
      <Fill>C_GaugeFill</Fill>
      <Background>C_GaugeBackground</Background>
    </GaugeDrawTemplate>
    <TextOffsetX>-100</TextOffsetX>
    <Font>1</Font>
  </Gauge>
  <Gauge item="GW_PetGauge3">
    <ScreenID>PetGauge3</ScreenID>
    <!--<Font>3</Font>-->
    <TextColor>
      <R>200</R>
      <G>190</G>
      <B>160</B>
    </TextColor>
    <RelativePosition>true</RelativePosition>
    <Location>
      <X>45</X>
      <Y>89</Y>
    </Location>
    <Size>
      <CX>94</CX>
      <CY>4</CY>
    </Size>
    <TextOffsetY>-200</TextOffsetY>
    <GaugeOffsetY>0</GaugeOffsetY>
    <Style_VScroll>false</Style_VScroll>
    <Style_HScroll>false</Style_HScroll>
    <Style_Transparent>false</Style_Transparent>
    <!--<TooltipReference/>-->
    <FillTint>
      <R>0</R>
      <G>255</G>
      <B>0</B>
    </FillTint>
    <LinesFillTint>
      <R>220</R>
      <G>220</G>
      <B>0</B>
    </LinesFillTint>
    <DrawLinesFill>false</DrawLinesFill>
    <EQType>19</EQType>
    <GaugeDrawTemplate>
      <Fill>C_GaugeFill</Fill>
      <Background>C_GaugeBackground</Background>
    </GaugeDrawTemplate>
    <TextOffsetX>-100</TextOffsetX>
  </Gauge>
  <Gauge item="GW_PetGauge4">
    <ScreenID>PetGauge4</ScreenID>
    <!--<Font>3</Font>-->
    <TextColor>
      <R>200</R>
      <G>190</G>
      <B>160</B>
    </TextColor>
    <RelativePosition>true</RelativePosition>
    <Location>
      <X>45</X>
      <Y>119</Y>
    </Location>
    <Size>
      <CX>94</CX>
      <CY>4</CY>
    </Size>
    <TextOffsetY>-200</TextOffsetY>
    <GaugeOffsetY>0</GaugeOffsetY>
    <Style_VScroll>false</Style_VScroll>
    <Style_HScroll>false</Style_HScroll>
    <Style_Transparent>false</Style_Transparent>
    <!--<TooltipReference/>-->
    <FillTint>
      <R>0</R>
      <G>255</G>
      <B>0</B>
    </FillTint>
    <LinesFillTint>
      <R>220</R>
      <G>220</G>
      <B>0</B>
    </LinesFillTint>
    <DrawLinesFill>false</DrawLinesFill>
    <EQType>20</EQType>
    <GaugeDrawTemplate>
      <Fill>C_GaugeFill</Fill>
      <Background>C_GaugeBackground</Background>
    </GaugeDrawTemplate>
    <TextOffsetX>-100</TextOffsetX>
  </Gauge>
  <Gauge item="GW_PetGauge5">
    <ScreenID>PetGauge5</ScreenID>
    <!--<Font>3</Font>-->
    <TextColor>
      <R>0</R>
      <G>255</G>
      <B>0</B>
    </TextColor>
    <RelativePosition>true</RelativePosition>
    <Location>
      <X>45</X>
      <Y>149</Y>
    </Location>
    <Size>
      <CX>94</CX>
      <CY>4</CY>
    </Size>
    <TextOffsetY>-200</TextOffsetY>
    <GaugeOffsetY>0</GaugeOffsetY>
    <Style_VScroll>false</Style_VScroll>
    <Style_HScroll>false</Style_HScroll>
    <Style_Transparent>false</Style_Transparent>
    <!--<TooltipReference/>-->
    <FillTint>
      <R>0</R>
      <G>255</G>
      <B>0</B>
    </FillTint>
    <LinesFillTint>
      <R>220</R>
      <G>220</G>
      <B>0</B>
    </LinesFillTint>
    <DrawLinesFill>false</DrawLinesFill>
    <EQType>21</EQType>
    <GaugeDrawTemplate>
      <Background>C_GaugeBackground</Background>
      <Fill>C_GaugeFill</Fill>
    </GaugeDrawTemplate>
    <TextOffsetX>-100</TextOffsetX>
  </Gauge>
  <!-- End Pet Stuff -->
  <!-- Group Invite Buttons -->
  <Button item="GW_InviteButton">
    <ScreenID>InviteButton</ScreenID>
    <!--<Font>3</Font>-->
    <RelativePosition>true</RelativePosition>
    <Location>
      <X>1</X>
      <Y>165</Y>
    </Location>
    <Size>
      <CX>54</CX>
      <CY>20</CY>
    </Size>
    <Style_VScroll>false</Style_VScroll>
    <Style_HScroll>false</Style_HScroll>
    <Style_Transparent>false</Style_Transparent>
    <TooltipReference>Select a player and click to invite into the group</TooltipReference>
    <Style_Checkbox>false</Style_Checkbox>
    <!--<RadioGroup/>-->
    <Text>Invite</Text>
    <TextColor>
      <R>255</R>
      <G>255</G>
      <B>255</B>
    </TextColor>
    <ButtonDrawTemplate>
      <Normal>A_SmallBtnNormal</Normal>
      <Pressed>A_SmallBtnPressed</Pressed>
      <Flyby>A_SmallBtnFlyby</Flyby>
      <Disabled>A_SmallBtnDisabled</Disabled>
      <PressedFlyby>A_SmallBtnPressedFlyby</PressedFlyby>
    </ButtonDrawTemplate>
    <Text>Invite</Text>
  </Button>
  <Button item="GW_DisbandButton">
    <ScreenID>DisbandButton</ScreenID>
    <!--<Font>3</Font>-->
    <RelativePosition>true</RelativePosition>
    <Location>
      <X>85</X>
      <Y>165</Y>
    </Location>
    <Size>
      <CX>54</CX>
      <CY>20</CY>
    </Size>
    <Style_VScroll>false</Style_VScroll>
    <Style_HScroll>false</Style_HScroll>
    <Style_Transparent>false</Style_Transparent>
    <TooltipReference>Click to disband your target from the group</TooltipReference>
    <Style_Checkbox>false</Style_Checkbox>
    <!--<RadioGroup/>-->
    <ButtonDrawTemplate>
      <Normal>A_SmallBtnNormal</Normal>
      <Pressed>A_SmallBtnPressed</Pressed>
      <Flyby>A_SmallBtnFlyby</Flyby>
      <Disabled>A_SmallBtnDisabled</Disabled>
      <PressedFlyby>A_SmallBtnPressedFlyby</PressedFlyby>
    </ButtonDrawTemplate>
    <Text>Disband</Text>
    <TextColor>
      <R>255</R>
      <G>255</G>
      <B>255</B>
    </TextColor>
  </Button>
  <Button item="GW_FollowButton">
    <ScreenID>FollowButton</ScreenID>
    <!--<Font>3</Font>-->
    <RelativePosition>true</RelativePosition>
    <Location>
      <X>1</X>
      <Y>165</Y>
    </Location>
    <Size>
      <CX>54</CX>
      <CY>20</CY>
    </Size>
    <Style_VScroll>false</Style_VScroll>
    <Style_HScroll>false</Style_HScroll>
    <Style_Transparent>false</Style_Transparent>
    <TooltipReference>Accept an invitation to group</TooltipReference>
    <Style_Checkbox>false</Style_Checkbox>
    <!--<RadioGroup/>-->
    <Text>Follow</Text>
    <TextColor>
      <R>255</R>
      <G>255</G>
      <B>255</B>
    </TextColor>
    <ButtonDrawTemplate>
      <Normal>A_BtnNormal</Normal>
      <Pressed>A_BtnPressed</Pressed>
      <Flyby>A_BtnFlyby</Flyby>
      <Disabled>A_BtnDisabled</Disabled>
      <PressedFlyby>A_BtnPressedFlyby</PressedFlyby>
    </ButtonDrawTemplate>
    <Text>Invite</Text>
  </Button>
  <Button item="GW_DeclineButton">
    <ScreenID>DeclineButton</ScreenID>
    <!--<Font>3</Font>-->
    <RelativePosition>true</RelativePosition>
    <Location>
      <X>85</X>
      <Y>165</Y>
    </Location>
    <Size>
      <CX>54</CX>
      <CY>20</CY>
    </Size>
    <Style_VScroll>false</Style_VScroll>
    <Style_HScroll>false</Style_HScroll>
    <Style_Transparent>false</Style_Transparent>
    <TooltipReference>Refuse an invtitation to group</TooltipReference>
    <Style_Checkbox>false</Style_Checkbox>
    <!--<RadioGroup/>-->
    <ButtonDrawTemplate>
      <Normal>A_SmallBtnNormal</Normal>
      <Pressed>A_SmallBtnPressed</Pressed>
      <Flyby>A_SmallBtnFlyby</Flyby>
      <Disabled>A_SmallBtnDisabled</Disabled>
      <PressedFlyby>A_SmallBtnPressedFlyby</PressedFlyby>
    </ButtonDrawTemplate>
    <Text>Decline</Text>
    <TextColor>
      <R>255</R>
      <G>255</G>
      <B>255</B>
    </TextColor>
  </Button>
  <!-- End Buttons -->
  <!-- Start Players Gauges -->
  <Gauge item="GW_TK_gaugeHPG1">
    <ScreenID>TK_gauge</ScreenID>
    <RelativePosition>true</RelativePosition>
    <Location>
      <X>-56</X>
      <Y>10</Y>
    </Location>
    <Size>
      <CX>96</CX>
      <CY>21</CY>
    </Size>
    <GaugeOffsetX>0</GaugeOffsetX>
    <GaugeOffsetY>0</GaugeOffsetY>
    <TextOffsetY>-50</TextOffsetY>
    <FillTint>
      <R>0</R>
      <G>125</G>
      <B>0</B>
      <Alpha>255</Alpha>
    </FillTint>
    <EQType>11</EQType>
    <GaugeDrawTemplate>
      <Fill>GWGreen_gage</Fill>
    </GaugeDrawTemplate>
  </Gauge>
  <Gauge item="GW_TK_gaugeHPO1">
    <ScreenID>TK_gauge</ScreenID>
    <RelativePosition>true</RelativePosition>
    <Location>
      <X>-32</X>
      <Y>10</Y>
    </Location>
    <Size>
      <CX>96</CX>
      <CY>21</CY>
    </Size>
    <GaugeOffsetX>0</GaugeOffsetX>
    <GaugeOffsetY>0</GaugeOffsetY>
    <TextOffsetY>-50</TextOffsetY>
    <FillTint>
      <R>255</R>
      <G>130</G>
      <B>0</B>
      <Alpha>255</Alpha>
    </FillTint>
    <EQType>11</EQType>
    <GaugeDrawTemplate>
      <Fill>GWOrange_gage</Fill>
    </GaugeDrawTemplate>
  </Gauge>
  <Gauge item="GW_TK_gaugeHPY1">
    <ScreenID>TK_gauge</ScreenID>
    <RelativePosition>true</RelativePosition>
    <Location>
      <X>-8</X>
      <Y>10</Y>
    </Location>
    <Size>
      <CX>96</CX>
      <CY>21</CY>
    </Size>
    <GaugeOffsetX>0</GaugeOffsetX>
    <GaugeOffsetY>0</GaugeOffsetY>
    <TextOffsetY>-50</TextOffsetY>
    <FillTint>
      <R>255</R>
      <G>255</G>
      <B>0</B>
      <Alpha>255</Alpha>
    </FillTint>
    <EQType>11</EQType>
    <GaugeDrawTemplate>
      <Fill>GWYellow_gage</Fill>
    </GaugeDrawTemplate>
  </Gauge>
  <Gauge item="GW_TK_gaugeHPB1">
    <ScreenID>TK_gauge</ScreenID>
    <RelativePosition>true</RelativePosition>
    <Location>
      <X>16</X>
      <Y>10</Y>
    </Location>
    <Size>
      <CX>96</CX>
      <CY>21</CY>
    </Size>
    <GaugeOffsetX>0</GaugeOffsetX>
    <GaugeOffsetY>0</GaugeOffsetY>
    <TextOffsetY>-50</TextOffsetY>
    <FillTint>
      <R>255</R>
      <G>0</G>
      <B>0</B>
      <Alpha>255</Alpha>
    </FillTint>
    <EQType>11</EQType>
    <GaugeDrawTemplate>
      <Background>GWRed_gage</Background>
      <Fill>GWBrown_gage</Fill>
    </GaugeDrawTemplate>
  </Gauge>
  <!-- **************************** -->
  <Gauge item="GW_TK_gaugeHPG2">
    <ScreenID>TK_gauge</ScreenID>
    <RelativePosition>true</RelativePosition>
    <Location>
      <X>-56</X>
      <Y>40</Y>
    </Location>
    <Size>
      <CX>96</CX>
      <CY>21</CY>
    </Size>
    <GaugeOffsetX>0</GaugeOffsetX>
    <GaugeOffsetY>0</GaugeOffsetY>
    <TextOffsetY>-50</TextOffsetY>
    <FillTint>
      <R>0</R>
      <G>125</G>
      <B>0</B>
      <Alpha>255</Alpha>
    </FillTint>
    <EQType>12</EQType>
    <GaugeDrawTemplate>
      <Fill>GWGreen_gage</Fill>
    </GaugeDrawTemplate>
  </Gauge>
  <Gauge item="GW_TK_gaugeHPO2">
    <ScreenID>TK_gauge</ScreenID>
    <RelativePosition>true</RelativePosition>
    <Location>
      <X>-32</X>
      <Y>40</Y>
    </Location>
    <Size>
      <CX>96</CX>
      <CY>21</CY>
    </Size>
    <GaugeOffsetX>0</GaugeOffsetX>
    <GaugeOffsetY>0</GaugeOffsetY>
    <TextOffsetY>-50</TextOffsetY>
    <FillTint>
      <R>255</R>
      <G>130</G>
      <B>0</B>
      <Alpha>255</Alpha>
    </FillTint>
    <EQType>12</EQType>
    <GaugeDrawTemplate>
      <Fill>GWOrange_gage</Fill>
    </GaugeDrawTemplate>
  </Gauge>
  <Gauge item="GW_TK_gaugeHPY2">
    <ScreenID>TK_gauge</ScreenID>
    <RelativePosition>true</RelativePosition>
    <Location>
      <X>-8</X>
      <Y>40</Y>
    </Location>
    <Size>
      <CX>96</CX>
      <CY>21</CY>
    </Size>
    <GaugeOffsetX>0</GaugeOffsetX>
    <GaugeOffsetY>0</GaugeOffsetY>
    <TextOffsetY>-50</TextOffsetY>
    <FillTint>
      <R>255</R>
      <G>255</G>
      <B>0</B>
      <Alpha>255</Alpha>
    </FillTint>
    <EQType>12</EQType>
    <GaugeDrawTemplate>
      <Fill>GWYellow_gage</Fill>
    </GaugeDrawTemplate>
  </Gauge>
  <Gauge item="GW_TK_gaugeHPB2">
    <ScreenID>TK_gauge</ScreenID>
    <RelativePosition>true</RelativePosition>
    <Location>
      <X>16</X>
      <Y>40</Y>
    </Location>
    <Size>
      <CX>96</CX>
      <CY>21</CY>
    </Size>
    <GaugeOffsetX>0</GaugeOffsetX>
    <GaugeOffsetY>0</GaugeOffsetY>
    <TextOffsetY>-50</TextOffsetY>
    <FillTint>
      <R>255</R>
      <G>0</G>
      <B>0</B>
    </FillTint>
    <EQType>12</EQType>
    <GaugeDrawTemplate>
      <Background>GWRed_gage</Background>
      <Fill>GWBrown_gage</Fill>
    </GaugeDrawTemplate>
  </Gauge>
  <!-- **************************** -->
  <Gauge item="GW_TK_gaugeHPG3">
    <ScreenID>TK_gauge</ScreenID>
    <RelativePosition>true</RelativePosition>
    <Location>
      <X>-56</X>
      <Y>70</Y>
    </Location>
    <Size>
      <CX>96</CX>
      <CY>21</CY>
    </Size>
    <GaugeOffsetX>0</GaugeOffsetX>
    <GaugeOffsetY>0</GaugeOffsetY>
    <TextOffsetY>-50</TextOffsetY>
    <FillTint>
      <R>0</R>
      <G>125</G>
      <B>0</B>
      <Alpha>255</Alpha>
    </FillTint>
    <EQType>13</EQType>
    <GaugeDrawTemplate>
      <Fill>GWGreen_gage</Fill>
    </GaugeDrawTemplate>
  </Gauge>
  <Gauge item="GW_TK_gaugeHPO3">
    <ScreenID>TK_gauge</ScreenID>
    <RelativePosition>true</RelativePosition>
    <Location>
      <X>-32</X>
      <Y>70</Y>
    </Location>
    <Size>
      <CX>96</CX>
      <CY>21</CY>
    </Size>
    <GaugeOffsetX>0</GaugeOffsetX>
    <GaugeOffsetY>0</GaugeOffsetY>
    <TextOffsetY>-50</TextOffsetY>
    <FillTint>
      <R>255</R>
      <G>130</G>
      <B>0</B>
      <Alpha>255</Alpha>
    </FillTint>
    <EQType>13</EQType>
    <GaugeDrawTemplate>
      <Fill>GWOrange_gage</Fill>
    </GaugeDrawTemplate>
  </Gauge>
  <Gauge item="GW_TK_gaugeHPY3">
    <ScreenID>TK_gauge</ScreenID>
    <RelativePosition>true</RelativePosition>
    <Location>
      <X>-8</X>
      <Y>70</Y>
    </Location>
    <Size>
      <CX>96</CX>
      <CY>21</CY>
    </Size>
    <GaugeOffsetX>0</GaugeOffsetX>
    <GaugeOffsetY>0</GaugeOffsetY>
    <TextOffsetY>-50</TextOffsetY>
    <FillTint>
      <R>255</R>
      <G>255</G>
      <B>0</B>
      <Alpha>255</Alpha>
    </FillTint>
    <EQType>13</EQType>
    <GaugeDrawTemplate>
      <Fill>GWYellow_gage</Fill>
    </GaugeDrawTemplate>
  </Gauge>
  <Gauge item="GW_TK_gaugeHPB3">
    <ScreenID>TK_gauge</ScreenID>
    <RelativePosition>true</RelativePosition>
    <Location>
      <X>16</X>
      <Y>70</Y>
    </Location>
    <Size>
      <CX>96</CX>
      <CY>21</CY>
    </Size>
    <GaugeOffsetX>0</GaugeOffsetX>
    <GaugeOffsetY>0</GaugeOffsetY>
    <TextOffsetY>-50</TextOffsetY>
    <FillTint>
      <R>255</R>
      <G>0</G>
      <B>0</B>
    </FillTint>
    <EQType>13</EQType>
    <GaugeDrawTemplate>
      <Background>GWRed_gage</Background>
      <Fill>GWBrown_gage</Fill>
    </GaugeDrawTemplate>
  </Gauge>
  <!-- **************************** -->
  <Gauge item="GW_TK_gaugeHPG4">
    <ScreenID>TK_gauge</ScreenID>
    <RelativePosition>true</RelativePosition>
    <Location>
      <X>-56</X>
      <Y>100</Y>
    </Location>
    <Size>
      <CX>96</CX>
      <CY>21</CY>
    </Size>
    <GaugeOffsetX>0</GaugeOffsetX>
    <GaugeOffsetY>0</GaugeOffsetY>
    <TextOffsetY>-50</TextOffsetY>
    <FillTint>
      <R>0</R>
      <G>125</G>
      <B>0</B>
      <Alpha>255</Alpha>
    </FillTint>
    <EQType>14</EQType>
    <GaugeDrawTemplate>
      <Fill>GWGreen_gage</Fill>
    </GaugeDrawTemplate>
  </Gauge>
  <Gauge item="GW_TK_gaugeHPO4">
    <ScreenID>TK_gauge</ScreenID>
    <RelativePosition>true</RelativePosition>
    <Location>
      <X>-32</X>
      <Y>100</Y>
    </Location>
    <Size>
      <CX>96</CX>
      <CY>21</CY>
    </Size>
    <GaugeOffsetX>0</GaugeOffsetX>
    <GaugeOffsetY>0</GaugeOffsetY>
    <TextOffsetY>-50</TextOffsetY>
    <FillTint>
      <R>255</R>
      <G>130</G>
      <B>0</B>
      <Alpha>255</Alpha>
    </FillTint>
    <EQType>14</EQType>
    <GaugeDrawTemplate>
      <Fill>GWOrange_gage</Fill>
    </GaugeDrawTemplate>
  </Gauge>
  <Gauge item="GW_TK_gaugeHPY4">
    <ScreenID>TK_gauge</ScreenID>
    <RelativePosition>true</RelativePosition>
    <Location>
      <X>-8</X>
      <Y>100</Y>
    </Location>
    <Size>
      <CX>96</CX>
      <CY>21</CY>
    </Size>
    <GaugeOffsetX>0</GaugeOffsetX>
    <GaugeOffsetY>0</GaugeOffsetY>
    <TextOffsetY>-50</TextOffsetY>
    <FillTint>
      <R>255</R>
      <G>255</G>
      <B>0</B>
      <Alpha>255</Alpha>
    </FillTint>
    <EQType>14</EQType>
    <GaugeDrawTemplate>
      <Fill>GWYellow_gage</Fill>
    </GaugeDrawTemplate>
  </Gauge>
  <Gauge item="GW_TK_gaugeHPB4">
    <ScreenID>TK_gauge</ScreenID>
    <RelativePosition>true</RelativePosition>
    <Location>
      <X>16</X>
      <Y>100</Y>
    </Location>
    <Size>
      <CX>96</CX>
      <CY>21</CY>
    </Size>
    <GaugeOffsetX>0</GaugeOffsetX>
    <GaugeOffsetY>0</GaugeOffsetY>
    <TextOffsetY>-50</TextOffsetY>
    <FillTint>
      <R>255</R>
      <G>0</G>
      <B>0</B>
    </FillTint>
    <EQType>14</EQType>
    <GaugeDrawTemplate>
      <Background>GWRed_gage</Background>
      <Fill>GWBrown_gage</Fill>
    </GaugeDrawTemplate>
  </Gauge>
  <!-- **************************** -->
  <Gauge item="GW_TK_gaugeHPG5">
    <ScreenID>TK_gauge</ScreenID>
    <RelativePosition>true</RelativePosition>
    <Location>
      <X>-56</X>
      <Y>130</Y>
    </Location>
    <Size>
      <CX>96</CX>
      <CY>21</CY>
    </Size>
    <GaugeOffsetX>0</GaugeOffsetX>
    <GaugeOffsetY>0</GaugeOffsetY>
    <TextOffsetY>-50</TextOffsetY>
    <FillTint>
      <R>0</R>
      <G>125</G>
      <B>0</B>
      <Alpha>255</Alpha>
    </FillTint>
    <EQType>15</EQType>
    <GaugeDrawTemplate>
      <Fill>GWGreen_gage</Fill>
    </GaugeDrawTemplate>
  </Gauge>
  <Gauge item="GW_TK_gaugeHPO5">
    <ScreenID>TK_gauge</ScreenID>
    <RelativePosition>true</RelativePosition>
    <Location>
      <X>-32</X>
      <Y>130</Y>
    </Location>
    <Size>
      <CX>96</CX>
      <CY>21</CY>
    </Size>
    <GaugeOffsetX>0</GaugeOffsetX>
    <GaugeOffsetY>0</GaugeOffsetY>
    <TextOffsetY>-50</TextOffsetY>
    <FillTint>
      <R>255</R>
      <G>130</G>
      <B>0</B>
      <Alpha>255</Alpha>
    </FillTint>
    <EQType>15</EQType>
    <GaugeDrawTemplate>
      <Fill>GWOrange_gage</Fill>
    </GaugeDrawTemplate>
  </Gauge>
  <Gauge item="GW_TK_gaugeHPY5">
    <ScreenID>TK_gauge</ScreenID>
    <RelativePosition>true</RelativePosition>
    <Location>
      <X>-8</X>
      <Y>130</Y>
    </Location>
    <Size>
      <CX>96</CX>
      <CY>21</CY>
    </Size>
    <GaugeOffsetX>0</GaugeOffsetX>
    <GaugeOffsetY>0</GaugeOffsetY>
    <TextOffsetY>-50</TextOffsetY>
    <FillTint>
      <R>255</R>
      <G>255</G>
      <B>0</B>
      <Alpha>255</Alpha>
    </FillTint>
    <EQType>15</EQType>
    <GaugeDrawTemplate>
      <Fill>GWYellow_gage</Fill>
    </GaugeDrawTemplate>
  </Gauge>
  <Gauge item="GW_TK_gaugeHPB5">
    <ScreenID>TK_gauge</ScreenID>
    <RelativePosition>true</RelativePosition>
    <Location>
      <X>16</X>
      <Y>130</Y>
    </Location>
    <Size>
      <CX>96</CX>
      <CY>21</CY>
    </Size>
    <GaugeOffsetX>0</GaugeOffsetX>
    <GaugeOffsetY>0</GaugeOffsetY>
    <TextOffsetY>-50</TextOffsetY>
    <FillTint>
      <R>255</R>
      <G>0</G>
      <B>0</B>
    </FillTint>
    <EQType>15</EQType>
    <GaugeDrawTemplate>
      <Background>GWRed_gage</Background>
      <Fill>GWBrown_gage</Fill>
    </GaugeDrawTemplate>
  </Gauge>
  <!-- **************************** -->
  <!-- Player %# Labels -->
  <Label item="GW_PlayerPercent1">
    <ScreenID>TargetPercentage</ScreenID>
    <EQType>35</EQType>
    <Font>2</Font>
    <RelativePosition>true</RelativePosition>
    <Location>
      <X>11</X>
      <Y>14</Y>
    </Location>
    <Size>
      <CX>34</CX>
      <CY>14</CY>
    </Size>
    <Text>100</Text>
    <TextColor>
      <R>255</R>
      <G>255</G>
      <B>255</B>
    </TextColor>
    <NoWrap>true</NoWrap>
    <AlignCenter>true</AlignCenter>
    <AlignRight>false</AlignRight>
    <AlignLeft>false</AlignLeft>
  </Label>
  <Label item="GW_PlayerPercent2">
    <ScreenID>TargetPercentage</ScreenID>
    <EQType>36</EQType>
    <Font>2</Font>
    <RelativePosition>true</RelativePosition>
    <Location>
      <X>11</X>
      <Y>44</Y>
    </Location>
    <Size>
      <CX>34</CX>
      <CY>14</CY>
    </Size>
    <Text>100</Text>
    <TextColor>
      <R>255</R>
      <G>255</G>
      <B>255</B>
    </TextColor>
    <NoWrap>true</NoWrap>
    <AlignCenter>true</AlignCenter>
    <AlignRight>false</AlignRight>
    <AlignLeft>false</AlignLeft>
  </Label>
  <Label item="GW_PlayerPercent3">
    <ScreenID>TargetPercentage</ScreenID>
    <EQType>37</EQType>
    <Font>2</Font>
    <RelativePosition>true</RelativePosition>
    <Location>
      <X>11</X>
      <Y>74</Y>
    </Location>
    <Size>
      <CX>34</CX>
      <CY>14</CY>
    </Size>
    <Text>100</Text>
    <TextColor>
      <R>255</R>
      <G>255</G>
      <B>255</B>
    </TextColor>
    <NoWrap>true</NoWrap>
    <AlignCenter>true</AlignCenter>
    <AlignRight>false</AlignRight>
    <AlignLeft>false</AlignLeft>
  </Label>
  <Label item="GW_PlayerPercent4">
    <ScreenID>TargetPercentage</ScreenID>
    <EQType>38</EQType>
    <Font>2</Font>
    <RelativePosition>true</RelativePosition>
    <Location>
      <X>11</X>
      <Y>104</Y>
    </Location>
    <Size>
      <CX>34</CX>
      <CY>14</CY>
    </Size>
    <Text>100</Text>
    <TextColor>
      <R>255</R>
      <G>255</G>
      <B>255</B>
    </TextColor>
    <NoWrap>true</NoWrap>
    <AlignCenter>true</AlignCenter>
    <AlignRight>false</AlignRight>
    <AlignLeft>false</AlignLeft>
  </Label>
  <Label item="GW_PlayerPercent5">
    <ScreenID>TargetPercentage</ScreenID>
    <EQType>39</EQType>
    <Font>2</Font>
    <RelativePosition>true</RelativePosition>
    <Location>
      <X>11</X>
      <Y>134</Y>
    </Location>
    <Size>
      <CX>34</CX>
      <CY>14</CY>
    </Size>
    <Text>100</Text>
    <TextColor>
      <R>255</R>
      <G>255</G>
      <B>255</B>
    </TextColor>
    <NoWrap>true</NoWrap>
    <AlignCenter>true</AlignCenter>
    <AlignRight>false</AlignRight>
    <AlignLeft>false</AlignLeft>
  </Label>
  <!-- End Player Labels -->
  <Label item="GrpMbr_F2">
    <ScreenID>GrpMbrFNumbr</ScreenID>
    <Font>1</Font>
    <RelativePosition>true</RelativePosition>
    <Location>
      <X>4</X>
      <Y>16</Y>
    </Location>
    <Size>
      <CX>13</CX>
      <CY>12</CY>
    </Size>
    <TextColor>
      <R>255</R>
      <G>255</G>
      <B>255</B>
    </TextColor>
    <Text>F2</Text>
    <NoWrap>true</NoWrap>
    <AlignCenter>false</AlignCenter>
    <AlignRight>false</AlignRight>
    <RightAnchorToLeft>False</RightAnchorToLeft>
  </Label>
  <Label item="GrpMbr_F3">
    <ScreenID>GrpMbrFNumbr</ScreenID>
    <Font>1</Font>
    <RelativePosition>true</RelativePosition>
    <Location>
      <X>4</X>
      <Y>46</Y>
    </Location>
    <Size>
      <CX>13</CX>
      <CY>12</CY>
    </Size>
    <TextColor>
      <R>255</R>
      <G>255</G>
      <B>255</B>
    </TextColor>
    <Text>F3</Text>
    <NoWrap>true</NoWrap>
    <AlignCenter>false</AlignCenter>
    <AlignRight>false</AlignRight>
    <RightAnchorToLeft>False</RightAnchorToLeft>
  </Label>
  <Label item="GrpMbr_F4">
    <ScreenID>GrpMbrFNumbr</ScreenID>
    <Font>1</Font>
    <RelativePosition>true</RelativePosition>
    <Location>
      <X>4</X>
      <Y>76</Y>
    </Location>
    <Size>
      <CX>13</CX>
      <CY>12</CY>
    </Size>
    <TextColor>
      <R>255</R>
      <G>255</G>
      <B>255</B>
      <Alpha>255</Alpha>
    </TextColor>
    <Text>F4</Text>
    <NoWrap>true</NoWrap>
    <AlignCenter>false</AlignCenter>
    <AlignRight>false</AlignRight>
    <RightAnchorToLeft>False</RightAnchorToLeft>
  </Label>
  <Label item="GrpMbr_F5">
    <ScreenID>GrpMbrFNumbr</ScreenID>
    <Font>1</Font>
    <RelativePosition>true</RelativePosition>
    <Location>
      <X>4</X>
      <Y>106</Y>
    </Location>
    <Size>
      <CX>13</CX>
      <CY>12</CY>
    </Size>
    <TextColor>
      <R>255</R>
      <G>255</G>
      <B>255</B>
    </TextColor>
    <Text>F5</Text>
    <NoWrap>true</NoWrap>
    <AlignCenter>false</AlignCenter>
    <AlignRight>false</AlignRight>
    <RightAnchorToLeft>False</RightAnchorToLeft>
  </Label>
  <Label item="GrpMbr_F6">
    <ScreenID>GrpMbrFNumbr</ScreenID>
    <Font>1</Font>
    <RelativePosition>true</RelativePosition>
    <Location>
      <X>4</X>
      <Y>136</Y>
    </Location>
    <Size>
      <CX>13</CX>
      <CY>12</CY>
    </Size>
    <TextColor>
      <R>255</R>
      <G>255</G>
      <B>255</B>
    </TextColor>
    <Text>F6</Text>
    <NoWrap>true</NoWrap>
    <AlignCenter>false</AlignCenter>
    <AlignRight>false</AlignRight>
    <RightAnchorToLeft>False</RightAnchorToLeft>
  </Label>
  <Button item="GW_LFGButton">
    <ScreenID>LFGButton</ScreenID>
    <RelativePosition>true</RelativePosition>
    <Location>
      <X>60</X>
      <Y>165</Y>
    </Location>
    <Size>
      <CX>20</CX>
      <CY>20</CY>
    </Size>
    <Style_Checkbox>false</Style_Checkbox>
    <TooltipReference>Open LFG Window</TooltipReference>
    <ButtonDrawTemplate>
      <Normal>A_LFGBtnNormal</Normal>
      <Pressed>A_LFGBtnPressed</Pressed>
      <Flyby>A_LFGBtnFlyby</Flyby>
      <Disabled>A_LFGBtnNormal</Disabled>
      <PressedFlyby>A_LFGBtnPressedFlyby</PressedFlyby>
    </ButtonDrawTemplate>
  </Button>
  <Screen item="GroupWindow">
    <ScreenID />
    <RelativePosition>false</RelativePosition>
    <Location>
      <X>438</X>
      <Y>92</Y>
    </Location>
    <Size>
      <CX>155</CX>
      <CY>195</CY>
    </Size>
    <Text>Group</Text>
    <Style_VScroll>false</Style_VScroll>
    <Style_HScroll>false</Style_HScroll>
    <Style_Transparent>False</Style_Transparent>
    <TooltipReference>This is the party window.</TooltipReference>
    <DrawTemplate>WDT_RoundedNoTitle</DrawTemplate>
    <Style_Titlebar>false</Style_Titlebar>
    <Style_Closebox>false</Style_Closebox>
    <Style_Minimizebox>false</Style_Minimizebox>
    <Style_Border>true</Style_Border>
    <Style_Sizable>false</Style_Sizable>
    <Pieces>groupbackground</Pieces>
    <Pieces>GW_TK_gaugeHPB1</Pieces>
    <Pieces>GW_TK_gaugeHPY1</Pieces>
    <Pieces>GW_TK_gaugeHPO1</Pieces>
    <Pieces>GW_TK_gaugeHPG1</Pieces>
    <Pieces>GW_TK_gaugeHPB2</Pieces>
    <Pieces>GW_TK_gaugeHPY2</Pieces>
    <Pieces>GW_TK_gaugeHPO2</Pieces>
    <Pieces>GW_TK_gaugeHPG2</Pieces>
    <Pieces>GW_TK_gaugeHPB3</Pieces>
    <Pieces>GW_TK_gaugeHPY3</Pieces>
    <Pieces>GW_TK_gaugeHPO3</Pieces>
    <Pieces>GW_TK_gaugeHPG3</Pieces>
    <Pieces>GW_TK_gaugeHPB4</Pieces>
    <Pieces>GW_TK_gaugeHPY4</Pieces>
    <Pieces>GW_TK_gaugeHPO4</Pieces>
    <Pieces>GW_TK_gaugeHPG4</Pieces>
    <Pieces>GW_TK_gaugeHPB5</Pieces>
    <Pieces>GW_TK_gaugeHPY5</Pieces>
    <Pieces>GW_TK_gaugeHPO5</Pieces>
    <Pieces>GW_TK_gaugeHPG5</Pieces>
    <Pieces>GW_Gauge1</Pieces>
    <Pieces>GW_PetGauge1</Pieces>
    <Pieces>GW_Gauge2</Pieces>
    <Pieces>GW_PetGauge2</Pieces>
    <Pieces>GW_Gauge3</Pieces>
    <Pieces>GW_PetGauge3</Pieces>
    <Pieces>GW_Gauge4</Pieces>
    <Pieces>GW_PetGauge4</Pieces>
    <Pieces>GW_Gauge5</Pieces>
    <Pieces>GW_PetGauge5</Pieces>
    <Pieces>GW_PlayerPercent1</Pieces>
    <Pieces>GW_PlayerPercent2</Pieces>
    <Pieces>GW_PlayerPercent3</Pieces>
    <Pieces>GW_PlayerPercent4</Pieces>
    <Pieces>GW_PlayerPercent5</Pieces>
    <Pieces>GrpMbr_F2</Pieces>
    <Pieces>GrpMbr_F3</Pieces>
    <Pieces>GrpMbr_F4</Pieces>
    <Pieces>GrpMbr_F5</Pieces>
    <Pieces>GrpMbr_F6</Pieces>
    <Pieces>GW_InviteButton</Pieces>
    <Pieces>GW_DisbandButton</Pieces>
    <Pieces>GW_FollowButton</Pieces>
    <Pieces>GW_DeclineButton</Pieces>
    <Pieces>GW_LFGButton</Pieces>
  </Screen>
</XML>